url,site,http_status,verdict,checked_on
http://nesrece.avp-rs.si/,nesrece.avp-rs.si,200,ok,2026-09-29
http://rmcab.ambientebogota.gov.co/home/map,rmcab.ambientebogota.gov.co,500,error,2026-09-29
https://airqo.africa/,airqo.africa,200,ok,2026-09-29
https://ansv.gov.co/observatorio/publicaciones,ansv.gov.co,URLError,unreachable,2026-09-29
https://assets.vlaanderen.be/image/upload/v1698408607/20231027_Tabellenrapport_Vlaanderen_cleaned_final_ljti6j.pdf,assets.vlaanderen.be,200,ok,2026-09-29
https://bogota.gov.co/mi-ciudad/planeacion/visor-de-poblacion-informacion-poblacional-por-localidades-y-upz,bogota.gov.co,200,ok,2026-09-29
https://bogotacomovamos.org,bogotacomovamos.org,200,ok,2026-09-29
https://ciencia-datos-espaciales-mmlimp.hub.arcgis.com/datasets/366419afa80c4b3c9a218d159ddd6804_23,ciencia-datos-espaciales-mmlimp.hub.arcgis.com,200,ok,2026-09-29
https://ciencia-datos-espaciales-mmlimp.hub.arcgis.com/datasets/552566cd0d2e4cf7a0e2cd9b7dacdf98_0,ciencia-datos-espaciales-mmlimp.hub.arcgis.com,200,ok,2026-09-29
https://ciencia-datos-espaciales-mmlimp.hub.arcgis.com/datasets/d04d2498954f4347b36aff7fa584b8b4_3,ciencia-datos-espaciales-mmlimp.hub.arcgis.com,200,ok,2026-09-29
https://culturaciudadana.gov.co/observatorio/publicaciones/ebc/encuesta-bienal-de-culturas-2019,culturaciudadana.gov.co,200,ok,2026-09-29
https://dadep.gov.co/sites/default/files/observatorio/2026-06/reporte-tecnico-de-indicadores-2025-v042026-opt-1.pdf,dadep.gov.co,200,ok,2026-09-29
https://data.delijn.be/api-details#api=gtfs-static-v3&operation=get-static-feed,data.delijn.be,200,ok,2026-09-29
https://data.lpp.si/api/gtfs/feed.zip,data.lpp.si,200,ok,2026-09-29
https://data.overheid.nl/dataset/32938-schoolfietsroutes-fietspaden,data.overheid.nl,404,dead,2026-09-29
https://data.politie.nl/#/Politie/nl/dataset/47022NED/table,data.politie.nl,200,ok,2026-09-29
https://datosabiertos.bogota.gov.co/dataset/actividades-programas-bogota-en-forma-idrd-bogota,datosabiertos.bogota.gov.co,URLError,unreachable,2026-09-29
https://datosabiertos.bogota.gov.co/dataset/ae_planteamiento_urbanistico,datosabiertos.bogota.gov.co,URLError,unreachable,2026-09-29
https://datosabiertos.bogota.gov.co/dataset/ae_red_cicloinfraes_proyectada,datosabiertos.bogota.gov.co,URLError,unreachable,2026-09-29
https://datosabiertos.bogota.gov.co/dataset/ambito-revitalizacion,datosabiertos.bogota.gov.co,URLError,unreachable,2026-09-29
https://datosabiertos.bogota.gov.co/dataset/anden-bogota-d-c,datosabiertos.bogota.gov.co,URLError,unreachable,2026-09-29
https://datosabiertos.bogota.gov.co/dataset/anuario-siniestralidad,datosabiertos.bogota.gov.co,URLError,unreachable,2026-09-29
https://datosabiertos.bogota.gov.co/dataset/arbolado-en-amenaza-de-volcamiento-o-falla-bogota-d-c,datosabiertos.bogota.gov.co,URLError,unreachable,2026-09-29
https://datosabiertos.bogota.gov.co/dataset/area-de-mejoramiento-de-espacio-publico,datosabiertos.bogota.gov.co,URLError,unreachable,2026-09-29
https://datosabiertos.bogota.gov.co/dataset/area_integracion_multimodal,datosabiertos.bogota.gov.co,URLError,unreachable,2026-09-29
https://datosabiertos.bogota.gov.co/dataset/areas-de-acceso-peatonal-manzanas-del-cuidado,datosabiertos.bogota.gov.co,URLError,unreachable,2026-09-29
https://datosabiertos.bogota.gov.co/dataset/aspecto-pendiente-zona-rural-bogota-d-c,datosabiertos.bogota.gov.co,URLError,unreachable,2026-09-29
https://datosabiertos.bogota.gov.co/dataset/aspecto-zonal-rural-bogota-d-c,datosabiertos.bogota.gov.co,URLError,unreachable,2026-09-29
https://datosabiertos.bogota.gov.co/dataset/barrios-en-proceso-de-legalizacion-sdht,datosabiertos.bogota.gov.co,URLError,unreachable,2026-09-29
https://datosabiertos.bogota.gov.co/dataset/barrios-en-proceso-de-regularizacion,datosabiertos.bogota.gov.co,URLError,unreachable,2026-09-29
https://datosabiertos.bogota.gov.co/dataset/base-de-datos-modernizacion-alumbrado-publico-junio-2020-a-mayo2024,datosabiertos.bogota.gov.co,URLError,unreachable,2026-09-29
https://datosabiertos.bogota.gov.co/dataset/bases-de-microdatos-del-viii-censo-de-ciudadanos-habitantes-de-calle-2024,datosabiertos.bogota.gov.co,URLError,unreachable,2026-09-29
https://datosabiertos.bogota.gov.co/dataset/cable_aereo,datosabiertos.bogota.gov.co,URLError,unreachable,2026-09-29
https://datosabiertos.bogota.gov.co/dataset/calzada-bogota-d-c,datosabiertos.bogota.gov.co,URLError,unreachable,2026-09-29
https://datosabiertos.bogota.gov.co/dataset/camaras-salvavidas-bogota-d-c,datosabiertos.bogota.gov.co,URLError,unreachable,2026-09-29
https://datosabiertos.bogota.gov.co/dataset/camino-historico-bogota-d-c,datosabiertos.bogota.gov.co,URLError,unreachable,2026-09-29
https://datosabiertos.bogota.gov.co/dataset/cancer-de-mama,datosabiertos.bogota.gov.co,URLError,unreachable,2026-09-29
https://datosabiertos.bogota.gov.co/dataset/canchas-de-futbol,datosabiertos.bogota.gov.co,URLError,unreachable,2026-09-29
https://datosabiertos.bogota.gov.co/dataset/canchas-de-tennis-idrd-bogota,datosabiertos.bogota.gov.co,URLError,unreachable,2026-09-29
https://datosabiertos.bogota.gov.co/dataset/caracterizacion-poblacion-carretera-en-bogota-2022,datosabiertos.bogota.gov.co,URLError,unreachable,2026-09-29
https://datosabiertos.bogota.gov.co/dataset/carril-preferencial-sitp-bogota-d-c1,datosabiertos.bogota.gov.co,URLError,unreachable,2026-09-29
https://datosabiertos.bogota.gov.co/dataset/censo-arbolado-urbano,datosabiertos.bogota.gov.co,URLError,unreachable,2026-09-29
https://datosabiertos.bogota.gov.co/dataset/centros-culturales-de-la-ciudad-de-bogota,datosabiertos.bogota.gov.co,URLError,unreachable,2026-09-29
https://datosabiertos.bogota.gov.co/dataset/centros-de-entrenamiento-talento-y-reserva,datosabiertos.bogota.gov.co,URLError,unreachable,2026-09-29
https://datosabiertos.bogota.gov.co/dataset/cestas-bogota-d-c,datosabiertos.bogota.gov.co,URLError,unreachable,2026-09-29
https://datosabiertos.bogota.gov.co/dataset/cicloalameda-bogota-d-c,datosabiertos.bogota.gov.co,URLError,unreachable,2026-09-29
https://datosabiertos.bogota.gov.co/dataset/cicloparqueadero,datosabiertos.bogota.gov.co,URLError,unreachable,2026-09-29
https://datosabiertos.bogota.gov.co/dataset/cicloruta-bogota-d-c,datosabiertos.bogota.gov.co,URLError,unreachable,2026-09-29
https://datosabiertos.bogota.gov.co/dataset/ciclovia-bogota-d-c-area-urbana,datosabiertos.bogota.gov.co,URLError,unreachable,2026-09-29
https://datosabiertos.bogota.gov.co/dataset/cobertura-vegetal-en-humedales-bogota-d-c,datosabiertos.bogota.gov.co,URLError,unreachable,2026-09-29
https://datosabiertos.bogota.gov.co/dataset/comparendos-2019-bogota-d-c,datosabiertos.bogota.gov.co,URLError,unreachable,2026-09-29
https://datosabiertos.bogota.gov.co/dataset/comparendos-dei-2015-bogota-d-c,datosabiertos.bogota.gov.co,URLError,unreachable,2026-09-29
https://datosabiertos.bogota.gov.co/dataset/comparendos-dei-2016-bogota-d-c,datosabiertos.bogota.gov.co,URLError,unreachable,2026-09-29
https://datosabiertos.bogota.gov.co/dataset/comparendos-dei-2017-bogota-d-c,datosabiertos.bogota.gov.co,URLError,unreachable,2026-09-29
https://datosabiertos.bogota.gov.co/dataset/comparendos-dei-2018-bogota-d-c1,datosabiertos.bogota.gov.co,URLError,unreachable,2026-09-29
https://datosabiertos.bogota.gov.co/dataset/complejo-integracion-modal-bogota-d-c,datosabiertos.bogota.gov.co,URLError,unreachable,2026-09-29
https://datosabiertos.bogota.gov.co/dataset/concentracion-de-ozono-promedio-anual-bogota-d-c,datosabiertos.bogota.gov.co,URLError,unreachable,2026-09-29
https://datosabiertos.bogota.gov.co/dataset/conexion-operacional,datosabiertos.bogota.gov.co,URLError,unreachable,2026-09-29
https://datosabiertos.bogota.gov.co/dataset/consolidado-de-salidas-sistema-troncal-por-franja-horaria,datosabiertos.bogota.gov.co,URLError,unreachable,2026-09-29
https://datosabiertos.bogota.gov.co/dataset/conteo-vehiculos-cgt-bogota-d-c,datosabiertos.bogota.gov.co,URLError,unreachable,2026-09-29
https://datosabiertos.bogota.gov.co/dataset/corredor-de-carga-bogota-d-c,datosabiertos.bogota.gov.co,URLError,unreachable,2026-09-29
https://datosabiertos.bogota.gov.co/dataset/corredor-inteligente-de-turismo-bogota-d-c,datosabiertos.bogota.gov.co,URLError,unreachable,2026-09-29
https://datosabiertos.bogota.gov.co/dataset/corredor-verde-pot-bogota-d-c,datosabiertos.bogota.gov.co,URLError,unreachable,2026-09-29
https://datosabiertos.bogota.gov.co/dataset/corredores-troncales-de-transmilenio,datosabiertos.bogota.gov.co,URLError,unreachable,2026-09-29
https://datosabiertos.bogota.gov.co/dataset/cuadrantes-de-policia-bogota-d-c,datosabiertos.bogota.gov.co,URLError,unreachable,2026-09-29
https://datosabiertos.bogota.gov.co/dataset/cuerpo-de-agua-bogota-d-c,datosabiertos.bogota.gov.co,URLError,unreachable,2026-09-29
https://datosabiertos.bogota.gov.co/dataset/curva-de-nivel-bogota-d-c,datosabiertos.bogota.gov.co,URLError,unreachable,2026-09-29
https://datosabiertos.bogota.gov.co/dataset/data-set-alumbrado-publico-abril-de-2018,datosabiertos.bogota.gov.co,URLError,unreachable,2026-09-29
https://datosabiertos.bogota.gov.co/dataset/data-set-alumbrado-publico-septiembre-2018,datosabiertos.bogota.gov.co,URLError,unreachable,2026-09-29
https://datosabiertos.bogota.gov.co/dataset/data-set-subdireccion-alumbrado-publico-junio-2018,datosabiertos.bogota.gov.co,URLError,unreachable,2026-09-29
https://datosabiertos.bogota.gov.co/dataset/data_set_aprovechamiento_usuarios_sensibilizados,datosabiertos.bogota.gov.co,URLError,unreachable,2026-09-29
https://datosabiertos.bogota.gov.co/dataset/delito-de-alto-impacto-bogota-d-c,datosabiertos.bogota.gov.co,URLError,unreachable,2026-09-29
https://datosabiertos.bogota.gov.co/dataset/densidad-arbolado-urbano-2020-bogota-d-c,datosabiertos.bogota.gov.co,URLError,unreachable,2026-09-29
https://datosabiertos.bogota.gov.co/dataset/depor2023,datosabiertos.bogota.gov.co,URLError,unreachable,2026-09-29
https://datosabiertos.bogota.gov.co/dataset/diccionario-caracterizacion-poblacion-carretera-en-bogota-2022,datosabiertos.bogota.gov.co,URLError,unreachable,2026-09-29
https://datosabiertos.bogota.gov.co/dataset/discriminacion-en-bogota-por-el-fisico,datosabiertos.bogota.gov.co,URLError,unreachable,2026-09-29
https://datosabiertos.bogota.gov.co/dataset/dtm-bogota,datosabiertos.bogota.gov.co,URLError,unreachable,2026-09-29
https://datosabiertos.bogota.gov.co/dataset/eje-vial-bogota-d-c,datosabiertos.bogota.gov.co,URLError,unreachable,2026-09-29
https://datosabiertos.bogota.gov.co/dataset/encuentros-prisma,datosabiertos.bogota.gov.co,URLError,unreachable,2026-09-29
https://datosabiertos.bogota.gov.co/dataset/encuesta-de-percepcion-acoso-callejero-a-mujeres-linea-base-ciudades-seguras-kennedy,datosabiertos.bogota.gov.co,URLError,unreachable,2026-09-29
https://datosabiertos.bogota.gov.co/dataset/encuesta_movilidad_bogota,datosabiertos.bogota.gov.co,URLError,unreachable,2026-09-29
https://datosabiertos.bogota.gov.co/dataset/espacio-publico-de-circulacion-conexion-localidad-2021,datosabiertos.bogota.gov.co,URLError,unreachable,2026-09-29
https://datosabiertos.bogota.gov.co/dataset/espacio-publico-de-circulacion-conexion-por-upz-2021,datosabiertos.bogota.gov.co,URLError,unreachable,2026-09-29
https://datosabiertos.bogota.gov.co/dataset/espacio-publico-recuperadp-bogota-d-c,datosabiertos.bogota.gov.co,URLError,unreachable,2026-09-29
https://datosabiertos.bogota.gov.co/dataset/espacio-publico-total-upz-2021,datosabiertos.bogota.gov.co,URLError,unreachable,2026-09-29
https://datosabiertos.bogota.gov.co/dataset/estacion-de-policia-para-bogota-d-c,datosabiertos.bogota.gov.co,URLError,unreachable,2026-09-29
https://datosabiertos.bogota.gov.co/dataset/estaciones-cable,datosabiertos.bogota.gov.co,URLError,unreachable,2026-09-29
https://datosabiertos.bogota.gov.co/dataset/estaciones-calidad-del-aire-bogota-d-c,datosabiertos.bogota.gov.co,URLError,unreachable,2026-09-29
https://datosabiertos.bogota.gov.co/dataset/estaciones-de-la-primera-linea-del-metro-de-bogota,datosabiertos.bogota.gov.co,URLError,unreachable,2026-09-29
https://datosabiertos.bogota.gov.co/dataset/estaciones-segunda-linea-metro-bogota,datosabiertos.bogota.gov.co,URLError,unreachable,2026-09-29
https://datosabiertos.bogota.gov.co/dataset/estaciones-troncales-de-transmilenio,datosabiertos.bogota.gov.co,URLError,unreachable,2026-09-29
https://datosabiertos.bogota.gov.co/dataset/estaciones-troncales-de-transmilenio1,datosabiertos.bogota.gov.co,URLError,unreachable,2026-09-29
https://datosabiertos.bogota.gov.co/dataset/estado-superficial-bogota-d-c,datosabiertos.bogota.gov.co,URLError,unreachable,2026-09-29
https://datosabiertos.bogota.gov.co/dataset/estratificacion-para-bogota,datosabiertos.bogota.gov.co,URLError,unreachable,2026-09-29
https://datosabiertos.bogota.gov.co/dataset/evaluacion-de-seguridad-nocturna-para-las-mujeres-de-bogota-d-c,datosabiertos.bogota.gov.co,URLError,unreachable,2026-09-29
https://datosabiertos.bogota.gov.co/dataset/factores-de-riesgos-involucrados-en-la-siniestralidad-vial-de-bogota-dc,datosabiertos.bogota.gov.co,URLError,unreachable,2026-09-29
https://datosabiertos.bogota.gov.co/dataset/flota-vinculada-del-sitp,datosabiertos.bogota.gov.co,URLError,unreachable,2026-09-29
https://datosabiertos.bogota.gov.co/dataset/franja-de-adecuacion,datosabiertos.bogota.gov.co,URLError,unreachable,2026-09-29
https://datosabiertos.bogota.gov.co/dataset/geologia-para-bogota,datosabiertos.bogota.gov.co,URLError,unreachable,2026-09-29
https://datosabiertos.bogota.gov.co/dataset/geologia-rural,datosabiertos.bogota.gov.co,URLError,unreachable,2026-09-29
https://datosabiertos.bogota.gov.co/dataset/geomorfologia-para-bogota,datosabiertos.bogota.gov.co,URLError,unreachable,2026-09-29
https://datosabiertos.bogota.gov.co/dataset/geomorfologia-rural,datosabiertos.bogota.gov.co,URLError,unreachable,2026-09-29
https://datosabiertos.bogota.gov.co/dataset/gestion-unidad-de-mantenimiento-vial,datosabiertos.bogota.gov.co,URLError,unreachable,2026-09-29
https://datosabiertos.bogota.gov.co/dataset/historico-siniestros-bogota-d-c,datosabiertos.bogota.gov.co,URLError,unreachable,2026-09-29
https://datosabiertos.bogota.gov.co/dataset/hogares-en-bogota-con-cercania-a-disposicion-inadecuada-de-basura,datosabiertos.bogota.gov.co,URLError,unreachable,2026-09-29
https://datosabiertos.bogota.gov.co/dataset/hogares-en-bogota-que-tienen-cercania-a-botaderos-de-basura,datosabiertos.bogota.gov.co,URLError,unreachable,2026-09-29
https://datosabiertos.bogota.gov.co/dataset/hogares-en-bogota-que-tienen-cercania-con-orina-o-excremento-humano,datosabiertos.bogota.gov.co,URLError,unreachable,2026-09-29
https://datosabiertos.bogota.gov.co/dataset/incidentes-en-via-bogota-d-c,datosabiertos.bogota.gov.co,URLError,unreachable,2026-09-29
https://datosabiertos.bogota.gov.co/dataset/indicador-espacio-publico-ciudad-bogota-d-c,datosabiertos.bogota.gov.co,URLError,unreachable,2026-09-29
https://datosabiertos.bogota.gov.co/dataset/indicador-espacio-publico-localidad-bogota-d-c,datosabiertos.bogota.gov.co,URLError,unreachable,2026-09-29
https://datosabiertos.bogota.gov.co/dataset/indicador-espacio-publico-upl-bogota-d-c,datosabiertos.bogota.gov.co,URLError,unreachable,2026-09-29
https://datosabiertos.bogota.gov.co/dataset/indicador-espacio-publico-upz,datosabiertos.bogota.gov.co,URLError,unreachable,2026-09-29
https://datosabiertos.bogota.gov.co/dataset/indice-de-condiciones-de-seguridad-nocturna-bogota-d-c,datosabiertos.bogota.gov.co,URLError,unreachable,2026-09-29
https://datosabiertos.bogota.gov.co/dataset/informacion-general-rutas-componente-troncal-del-sitp,datosabiertos.bogota.gov.co,URLError,unreachable,2026-09-29
https://datosabiertos.bogota.gov.co/dataset/intensidad-zona-rural-bogota-d-c,datosabiertos.bogota.gov.co,URLError,unreachable,2026-09-29
https://datosabiertos.bogota.gov.co/dataset/intervencion-lineal-de-mejoramiento-de-entorno,datosabiertos.bogota.gov.co,URLError,unreachable,2026-09-29
https://datosabiertos.bogota.gov.co/dataset/intervencion-poligonal-mejoramiento-de-entorno,datosabiertos.bogota.gov.co,URLError,unreachable,2026-09-29
https://datosabiertos.bogota.gov.co/dataset/intervencion-revitalizacion,datosabiertos.bogota.gov.co,URLError,unreachable,2026-09-29
https://datosabiertos.bogota.gov.co/dataset/intervenciones-acupuntura-urbana,datosabiertos.bogota.gov.co,URLError,unreachable,2026-09-29
https://datosabiertos.bogota.gov.co/dataset/intervenciones-recuperacion-espacio-publico-para-el-cuidado,datosabiertos.bogota.gov.co,URLError,unreachable,2026-09-29
https://datosabiertos.bogota.gov.co/dataset/ligas-deportivas,datosabiertos.bogota.gov.co,URLError,unreachable,2026-09-29
https://datosabiertos.bogota.gov.co/dataset/limite-de-intervencion-de-la-primera-linea-del-metro-de-bogota,datosabiertos.bogota.gov.co,URLError,unreachable,2026-09-29
https://datosabiertos.bogota.gov.co/dataset/lineas-de-cable,datosabiertos.bogota.gov.co,URLError,unreachable,2026-09-29
https://datosabiertos.bogota.gov.co/dataset/luminarias_upz-bogota-d-c,datosabiertos.bogota.gov.co,URLError,unreachable,2026-09-29
https://datosabiertos.bogota.gov.co/dataset/macroterritorio-rural,datosabiertos.bogota.gov.co,URLError,unreachable,2026-09-29
https://datosabiertos.bogota.gov.co/dataset/manzana,datosabiertos.bogota.gov.co,URLError,unreachable,2026-09-29
https://datosabiertos.bogota.gov.co/dataset/mapa-de-aspecto-zona-urbana-bogota,datosabiertos.bogota.gov.co,URLError,unreachable,2026-09-29
https://datosabiertos.bogota.gov.co/dataset/mapa-de-pendientes-zona-rural-bogota-d-c,datosabiertos.bogota.gov.co,URLError,unreachable,2026-09-29
https://datosabiertos.bogota.gov.co/dataset/mapa-de-pendientes-zona-urbana-bogota-d-c,datosabiertos.bogota.gov.co,URLError,unreachable,2026-09-29
https://datosabiertos.bogota.gov.co/dataset/mapa-de-referencia,datosabiertos.bogota.gov.co,URLError,unreachable,2026-09-29
https://datosabiertos.bogota.gov.co/dataset/mapa-de-sombras,datosabiertos.bogota.gov.co,URLError,unreachable,2026-09-29
https://datosabiertos.bogota.gov.co/dataset/mapa-de-sombras-zona-urbana-bogota-d-c,datosabiertos.bogota.gov.co,URLError,unreachable,2026-09-29
https://datosabiertos.bogota.gov.co/dataset/material-particulado-menor-a-10-micras-pm10-bogota-d-c,datosabiertos.bogota.gov.co,URLError,unreachable,2026-09-29
https://datosabiertos.bogota.gov.co/dataset/me-muevo-segura-2019,datosabiertos.bogota.gov.co,URLError,unreachable,2026-09-29
https://datosabiertos.bogota.gov.co/dataset/mejoramiento_barrio,datosabiertos.bogota.gov.co,URLError,unreachable,2026-09-29
https://datosabiertos.bogota.gov.co/dataset/micropimi,datosabiertos.bogota.gov.co,URLError,unreachable,2026-09-29
https://datosabiertos.bogota.gov.co/dataset/mobiliario-de-gimnasio-en-parques-idrd-bogota,datosabiertos.bogota.gov.co,URLError,unreachable,2026-09-29
https://datosabiertos.bogota.gov.co/dataset/mobiliario-de-juegos-infantiles-en-parques-idrd-bogota,datosabiertos.bogota.gov.co,URLError,unreachable,2026-09-29
https://datosabiertos.bogota.gov.co/dataset/mobiliario-deportivo-en-parques-idrd-bogota,datosabiertos.bogota.gov.co,URLError,unreachable,2026-09-29
https://datosabiertos.bogota.gov.co/dataset/modelo-de-prestacion-de-servicios-alumbrado-publico-2021,datosabiertos.bogota.gov.co,URLError,unreachable,2026-09-29
https://datosabiertos.bogota.gov.co/dataset/modelo-de-prestacion-de-servicios-alumbrado-publico-ano-2023,datosabiertos.bogota.gov.co,URLError,unreachable,2026-09-29
https://datosabiertos.bogota.gov.co/dataset/modelo-de-prestacion-de-servicios-alumbrado-publico-ano-2024,datosabiertos.bogota.gov.co,URLError,unreachable,2026-09-29
https://datosabiertos.bogota.gov.co/dataset/modelo-de-prestacion-de-servicios-alumbrado-publico-enero-a-abril-del-2023,datosabiertos.bogota.gov.co,URLError,unreachable,2026-09-29
https://datosabiertos.bogota.gov.co/dataset/modelo-de-prestacion-de-servicios-alumbrado-publico-junio-diciembre-2021,datosabiertos.bogota.gov.co,URLError,unreachable,2026-09-29
https://datosabiertos.bogota.gov.co/dataset/modelo-de-prestacion-de-servicios-alumbrado-publico-mayo-septiembre-2022,datosabiertos.bogota.gov.co,URLError,unreachable,2026-09-29
https://datosabiertos.bogota.gov.co/dataset/modelo-de-priorizacion-umv-2020,datosabiertos.bogota.gov.co,URLError,unreachable,2026-09-29
https://datosabiertos.bogota.gov.co/dataset/modelo-digital-de-superficie-normalizado-zona-rural-bogota-d-c,datosabiertos.bogota.gov.co,URLError,unreachable,2026-09-29
https://datosabiertos.bogota.gov.co/dataset/modelo-digital-de-superficie-zona-urbana-de-bogota,datosabiertos.bogota.gov.co,URLError,unreachable,2026-09-29
https://datosabiertos.bogota.gov.co/dataset/modelo-digital-de-terreno-de-la-zona-urbana-de-bogota,datosabiertos.bogota.gov.co,URLError,unreachable,2026-09-29
https://datosabiertos.bogota.gov.co/dataset/modelo-digital-de-terreno-zona-rural-de-la-ciudad-de-bogota,datosabiertos.bogota.gov.co,URLError,unreachable,2026-09-29
https://datosabiertos.bogota.gov.co/dataset/mortalidad-en-bogota-d-c,datosabiertos.bogota.gov.co,URLError,unreachable,2026-09-29
https://datosabiertos.bogota.gov.co/dataset/mortalidad-por-accidentes-de-transito,datosabiertos.bogota.gov.co,URLError,unreachable,2026-09-29
https://datosabiertos.bogota.gov.co/dataset/mortalidad-prematura-por-enfermedad-cardiocerebrovascular-en-bogota,datosabiertos.bogota.gov.co,URLError,unreachable,2026-09-29
https://datosabiertos.bogota.gov.co/dataset/mortalidad-prematura-por-enfermedades-cronicas-en-bogota,datosabiertos.bogota.gov.co,URLError,unreachable,2026-09-29
https://datosabiertos.bogota.gov.co/dataset/mortalidad-prematura-por-enfermedades-cronicas-respiratorias-bajas-en-bogota,datosabiertos.bogota.gov.co,URLError,unreachable,2026-09-29
https://datosabiertos.bogota.gov.co/dataset/mortalidad-prematura-por-neoplasias-en-bogota-d-c-30-a-69-anos,datosabiertos.bogota.gov.co,URLError,unreachable,2026-09-29
https://datosabiertos.bogota.gov.co/dataset/mosaico-de-fotografias-aereas-bogota-2017,datosabiertos.bogota.gov.co,URLError,unreachable,2026-09-29
https://datosabiertos.bogota.gov.co/dataset/mosaico-de-fotografias-aereas-bogota-d-c-ano-2010,datosabiertos.bogota.gov.co,URLError,unreachable,2026-09-29
https://datosabiertos.bogota.gov.co/dataset/mosaico-de-fotografias-aereas-bogota-d-c-ano-2014,datosabiertos.bogota.gov.co,URLError,unreachable,2026-09-29
https://datosabiertos.bogota.gov.co/dataset/mosaico-fotografias-aereas-bogota-rural-bogota-d-c-ano-2020,datosabiertos.bogota.gov.co,URLError,unreachable,2026-09-29
https://datosabiertos.bogota.gov.co/dataset/nodo-de-transporte-sitp-bogota-d-c,datosabiertos.bogota.gov.co,URLError,unreachable,2026-09-29
https://datosabiertos.bogota.gov.co/dataset/nodo-patio-sistema-integrado-transporte-publico-bogota-d-c,datosabiertos.bogota.gov.co,URLError,unreachable,2026-09-29
https://datosabiertos.bogota.gov.co/dataset/nodo-transporte-bogota-d-c,datosabiertos.bogota.gov.co,URLError,unreachable,2026-09-29
https://datosabiertos.bogota.gov.co/dataset/objeto-geografico-paramo-cruz-verde-sumapaz-bogota-urbana-rural-2018,datosabiertos.bogota.gov.co,URLError,unreachable,2026-09-29
https://datosabiertos.bogota.gov.co/dataset/objeto-geografico-zona-de-ronda-de-proteccion-del-rio-bogota-urbana-rural-2018,datosabiertos.bogota.gov.co,URLError,unreachable,2026-09-29
https://datosabiertos.bogota.gov.co/dataset/observatorio-movilidad,datosabiertos.bogota.gov.co,URLError,unreachable,2026-09-29
https://datosabiertos.bogota.gov.co/dataset/oferta-de-programas-de-formacion-integral-idrd-bogota,datosabiertos.bogota.gov.co,URLError,unreachable,2026-09-29
https://datosabiertos.bogota.gov.co/dataset/oferta-de-programas-deportivos,datosabiertos.bogota.gov.co,URLError,unreachable,2026-09-29
https://datosabiertos.bogota.gov.co/dataset/oferta-de-programas-recreativos-y-de-actividad-fisica-idrd-bogota,datosabiertos.bogota.gov.co,URLError,unreachable,2026-09-29
https://datosabiertos.bogota.gov.co/dataset/ortoimagen-para-el-area-urbana-de-la-ciudad-de-bogota-d-c-2020,datosabiertos.bogota.gov.co,URLError,unreachable,2026-09-29
https://datosabiertos.bogota.gov.co/dataset/paraderos-paralibros-paraparques,datosabiertos.bogota.gov.co,URLError,unreachable,2026-09-29
https://datosabiertos.bogota.gov.co/dataset/paraderos-sitp-bogota-d-c,datosabiertos.bogota.gov.co,URLError,unreachable,2026-09-29
https://datosabiertos.bogota.gov.co/dataset/paraderos-zonales-del-sitp,datosabiertos.bogota.gov.co,URLError,unreachable,2026-09-29
https://datosabiertos.bogota.gov.co/dataset/parque-bogota-d-c,datosabiertos.bogota.gov.co,URLError,unreachable,2026-09-29
https://datosabiertos.bogota.gov.co/dataset/parques-de-borde-bogota-d-c,datosabiertos.bogota.gov.co,URLError,unreachable,2026-09-29
https://datosabiertos.bogota.gov.co/dataset/parques-idrd,datosabiertos.bogota.gov.co,URLError,unreachable,2026-09-29
https://datosabiertos.bogota.gov.co/dataset/perimetro-de-urbanizacion,datosabiertos.bogota.gov.co,URLError,unreachable,2026-09-29
https://datosabiertos.bogota.gov.co/dataset/personas-en-bogota-que-en-los-ultimos-30-dias-fue-a-ciclovia,datosabiertos.bogota.gov.co,URLError,unreachable,2026-09-29
https://datosabiertos.bogota.gov.co/dataset/pilona-cable,datosabiertos.bogota.gov.co,URLError,unreachable,2026-09-29
https://datosabiertos.bogota.gov.co/dataset/plazas-de-mercado-distritales,datosabiertos.bogota.gov.co,URLError,unreachable,2026-09-29
https://datosabiertos.bogota.gov.co/dataset/pm-25-promedio-anual-bogota-d-c,datosabiertos.bogota.gov.co,URLError,unreachable,2026-09-29
https://datosabiertos.bogota.gov.co/dataset/pobreza-y-desigualdad-en-bogota-d-c,datosabiertos.bogota.gov.co,URLError,unreachable,2026-09-29
https://datosabiertos.bogota.gov.co/dataset/poligono-de-revitalizacion,datosabiertos.bogota.gov.co,URLError,unreachable,2026-09-29
https://datosabiertos.bogota.gov.co/dataset/potencial-rieles-antiguo-tranvia,datosabiertos.bogota.gov.co,URLError,unreachable,2026-09-29
https://datosabiertos.bogota.gov.co/dataset/priorizacion-intervenciones-ano-2020,datosabiertos.bogota.gov.co,URLError,unreachable,2026-09-29
https://datosabiertos.bogota.gov.co/dataset/proporcion-de-personas-que-realizan-actividad-fisica-en-bogota-d-c,datosabiertos.bogota.gov.co,URLError,unreachable,2026-09-29
https://datosabiertos.bogota.gov.co/dataset/puente-bogota-d-c,datosabiertos.bogota.gov.co,URLError,unreachable,2026-09-29
https://datosabiertos.bogota.gov.co/dataset/punto-de-encuentro-vendedores,datosabiertos.bogota.gov.co,URLError,unreachable,2026-09-29
https://datosabiertos.bogota.gov.co/dataset/punto-geodesico-bogota-d-c,datosabiertos.bogota.gov.co,URLError,unreachable,2026-09-29
https://datosabiertos.bogota.gov.co/dataset/puntos-de-evaluacion-de-seguridad-nocturna-para-las-mujeres-bogota-d-c-ano-2016,datosabiertos.bogota.gov.co,URLError,unreachable,2026-09-29
https://datosabiertos.bogota.gov.co/dataset/recibos-de-infraestructura-de-alumbrado-publico,datosabiertos.bogota.gov.co,URLError,unreachable,2026-09-29
https://datosabiertos.bogota.gov.co/dataset/red-biciusuarios-bogota-d-c,datosabiertos.bogota.gov.co,URLError,unreachable,2026-09-29
https://datosabiertos.bogota.gov.co/dataset/red-cicloinfraestructura-bogota-d-c,datosabiertos.bogota.gov.co,URLError,unreachable,2026-09-29
https://datosabiertos.bogota.gov.co/dataset/red-ferrea-bogota-d-c,datosabiertos.bogota.gov.co,URLError,unreachable,2026-09-29
https://datosabiertos.bogota.gov.co/dataset/red-infraestructura-corredor-transporte-bogota-d-c,datosabiertos.bogota.gov.co,URLError,unreachable,2026-09-29
https://datosabiertos.bogota.gov.co/dataset/red-infraestructura-vial-bogota-d-c,datosabiertos.bogota.gov.co,URLError,unreachable,2026-09-29
https://datosabiertos.bogota.gov.co/dataset/red-metro-bogota-d-c,datosabiertos.bogota.gov.co,URLError,unreachable,2026-09-29
https://datosabiertos.bogota.gov.co/dataset/red-peatonal-de-conexion-pot-bogota-d-c,datosabiertos.bogota.gov.co,URLError,unreachable,2026-09-29
https://datosabiertos.bogota.gov.co/dataset/red-semaforica-de-bogota-d-c1,datosabiertos.bogota.gov.co,URLError,unreachable,2026-09-29
https://datosabiertos.bogota.gov.co/dataset/retorno-operacional,datosabiertos.bogota.gov.co,URLError,unreachable,2026-09-29
https://datosabiertos.bogota.gov.co/dataset/rfpp-cuenca-alta-del-rio-bogota1,datosabiertos.bogota.gov.co,URLError,unreachable,2026-09-29
https://datosabiertos.bogota.gov.co/dataset/rpp-thomas-van-der-hammen,datosabiertos.bogota.gov.co,URLError,unreachable,2026-09-29
https://datosabiertos.bogota.gov.co/dataset/ru,datosabiertos.bogota.gov.co,URLError,unreachable,2026-09-29
https://datosabiertos.bogota.gov.co/dataset/salida-de-vehiculos-y-pasajeros-2018,datosabiertos.bogota.gov.co,URLError,unreachable,2026-09-29
https://datosabiertos.bogota.gov.co/dataset/salida-de-vehiculos-y-pasajeros-2019,datosabiertos.bogota.gov.co,URLError,unreachable,2026-09-29
https://datosabiertos.bogota.gov.co/dataset/salida-de-vehiculos-y-pasajeros-abril-2024,datosabiertos.bogota.gov.co,URLError,unreachable,2026-09-29
https://datosabiertos.bogota.gov.co/dataset/salida-de-vehiculos-y-pasajeros-enero-2024,datosabiertos.bogota.gov.co,URLError,unreachable,2026-09-29
https://datosabiertos.bogota.gov.co/dataset/salida-de-vehiculos-y-pasajeros-enero-agosto-2020,datosabiertos.bogota.gov.co,URLError,unreachable,2026-09-29
https://datosabiertos.bogota.gov.co/dataset/salida-de-vehiculos-y-pasajeros-enero-diciembre-2020,datosabiertos.bogota.gov.co,URLError,unreachable,2026-09-29
https://datosabiertos.bogota.gov.co/dataset/salida-de-vehiculos-y-pasajeros-enero-diciembre-2021,datosabiertos.bogota.gov.co,URLError,unreachable,2026-09-29
https://datosabiertos.bogota.gov.co/dataset/salida-de-vehiculos-y-pasajeros-enero-diciembre-2022,datosabiertos.bogota.gov.co,URLError,unreachable,2026-09-29
https://datosabiertos.bogota.gov.co/dataset/salida-de-vehiculos-y-pasajeros-enero-diciembre-2023,datosabiertos.bogota.gov.co,URLError,unreachable,2026-09-29
https://datosabiertos.bogota.gov.co/dataset/salida-de-vehiculos-y-pasajeros-enero-marzo-2021,datosabiertos.bogota.gov.co,URLError,unreachable,2026-09-29
https://datosabiertos.bogota.gov.co/dataset/salida-de-vehiculos-y-pasajeros-febrero-2024,datosabiertos.bogota.gov.co,URLError,unreachable,2026-09-29
https://datosabiertos.bogota.gov.co/dataset/salida-de-vehiculos-y-pasajeros-julio-2024,datosabiertos.bogota.gov.co,URLError,unreachable,2026-09-29
https://datosabiertos.bogota.gov.co/dataset/salida-de-vehiculos-y-pasajeros-junio-2024,datosabiertos.bogota.gov.co,URLError,unreachable,2026-09-29
https://datosabiertos.bogota.gov.co/dataset/salida-de-vehiculos-y-pasajeros-marzo-2024,datosabiertos.bogota.gov.co,URLError,unreachable,2026-09-29
https://datosabiertos.bogota.gov.co/dataset/salida-de-vehiculos-y-pasajeros-mayo-2024,datosabiertos.bogota.gov.co,URLError,unreachable,2026-09-29
https://datosabiertos.bogota.gov.co/dataset/salidas-diarias-del-sistema-troncal,datosabiertos.bogota.gov.co,URLError,unreachable,2026-09-29
https://datosabiertos.bogota.gov.co/dataset/sector-catastral,datosabiertos.bogota.gov.co,URLError,unreachable,2026-09-29
https://datosabiertos.bogota.gov.co/dataset/sector-priorizado-recuperacion-espacio-publico-para-el-cuidado,datosabiertos.bogota.gov.co,URLError,unreachable,2026-09-29
https://datosabiertos.bogota.gov.co/dataset/senderos-de-interpretacion-ambiental-bogota-d-c,datosabiertos.bogota.gov.co,URLError,unreachable,2026-09-29
https://datosabiertos.bogota.gov.co/dataset/sensores-conteo-bicicleta-bogota-d-c,datosabiertos.bogota.gov.co,URLError,unreachable,2026-09-29
https://datosabiertos.bogota.gov.co/dataset/separador-bogota-d-c,datosabiertos.bogota.gov.co,URLError,unreachable,2026-09-29
https://datosabiertos.bogota.gov.co/dataset/siniestros-viales-consolidados-bogota-d-c,datosabiertos.bogota.gov.co,URLError,unreachable,2026-09-29
https://datosabiertos.bogota.gov.co/dataset/sistema-de-transporte-vertical-idiger-bogota-d-c-15-10-2021,datosabiertos.bogota.gov.co,URLError,unreachable,2026-09-29
https://datosabiertos.bogota.gov.co/dataset/sistema-distrital-de-areas-protegidas-bogota-d-c,datosabiertos.bogota.gov.co,URLError,unreachable,2026-09-29
https://datosabiertos.bogota.gov.co/dataset/sistema-distrital-de-parques-y-escenarios-publicos-deportivos,datosabiertos.bogota.gov.co,URLError,unreachable,2026-09-29
https://datosabiertos.bogota.gov.co/dataset/tasa-bruta-de-mortalidad-en-bogota-d-c,datosabiertos.bogota.gov.co,URLError,unreachable,2026-09-29
https://datosabiertos.bogota.gov.co/dataset/tasa-de-mortalidad-por-diabetes-mellitus-bogota-d-c,datosabiertos.bogota.gov.co,URLError,unreachable,2026-09-29
https://datosabiertos.bogota.gov.co/dataset/teatros-identificados-en-la-ciudad-de-bogota,datosabiertos.bogota.gov.co,URLError,unreachable,2026-09-29
https://datosabiertos.bogota.gov.co/dataset/tejido-urbano,datosabiertos.bogota.gov.co,URLError,unreachable,2026-09-29
https://datosabiertos.bogota.gov.co/dataset/transmibici,datosabiertos.bogota.gov.co,URLError,unreachable,2026-09-29
https://datosabiertos.bogota.gov.co/dataset/trazado-primera-linea-del-metro-de-bogota,datosabiertos.bogota.gov.co,URLError,unreachable,2026-09-29
https://datosabiertos.bogota.gov.co/dataset/trazado-segunda-linea-metro-bogota,datosabiertos.bogota.gov.co,URLError,unreachable,2026-09-29
https://datosabiertos.bogota.gov.co/dataset/trazados-cable,datosabiertos.bogota.gov.co,URLError,unreachable,2026-09-29
https://datosabiertos.bogota.gov.co/dataset/trazados-troncales-de-transmilenio,datosabiertos.bogota.gov.co,URLError,unreachable,2026-09-29
https://datosabiertos.bogota.gov.co/dataset/upl-bosque-urbano-bogota-d-c,datosabiertos.bogota.gov.co,URLError,unreachable,2026-09-29
https://datosabiertos.bogota.gov.co/dataset/upl_area_integ_multimodal,datosabiertos.bogota.gov.co,URLError,unreachable,2026-09-29
https://datosabiertos.bogota.gov.co/dataset/upl_calle_comercial,datosabiertos.bogota.gov.co,URLError,unreachable,2026-09-29
https://datosabiertos.bogota.gov.co/dataset/upl_calle_completa_nueva_li,datosabiertos.bogota.gov.co,URLError,unreachable,2026-09-29
https://datosabiertos.bogota.gov.co/dataset/upl_calle_completa_nueva_po,datosabiertos.bogota.gov.co,URLError,unreachable,2026-09-29
https://datosabiertos.bogota.gov.co/dataset/upl_calle_compta_cualificar_li,datosabiertos.bogota.gov.co,URLError,unreachable,2026-09-29
https://datosabiertos.bogota.gov.co/dataset/upl_calle_compta_cualificar_po,datosabiertos.bogota.gov.co,URLError,unreachable,2026-09-29
https://datosabiertos.bogota.gov.co/dataset/upl_calle_compta_intervenir_li,datosabiertos.bogota.gov.co,URLError,unreachable,2026-09-29
https://datosabiertos.bogota.gov.co/dataset/upl_calle_compta_intervenir_po,datosabiertos.bogota.gov.co,URLError,unreachable,2026-09-29
https://datosabiertos.bogota.gov.co/dataset/upl_cicloalameda,datosabiertos.bogota.gov.co,URLError,unreachable,2026-09-29
https://datosabiertos.bogota.gov.co/dataset/upl_ciclopuente,datosabiertos.bogota.gov.co,URLError,unreachable,2026-09-29
https://datosabiertos.bogota.gov.co/dataset/upl_consolidacion_parques,datosabiertos.bogota.gov.co,URLError,unreachable,2026-09-29
https://datosabiertos.bogota.gov.co/dataset/upl_corredor_inteligen_turismo,datosabiertos.bogota.gov.co,URLError,unreachable,2026-09-29
https://datosabiertos.bogota.gov.co/dataset/upl_cualificacion_parques,datosabiertos.bogota.gov.co,URLError,unreachable,2026-09-29
https://datosabiertos.bogota.gov.co/dataset/upl_cualificacion_plazoleta,datosabiertos.bogota.gov.co,URLError,unreachable,2026-09-29
https://datosabiertos.bogota.gov.co/dataset/upl_ep_cambio_uso,datosabiertos.bogota.gov.co,URLError,unreachable,2026-09-29
https://datosabiertos.bogota.gov.co/dataset/upl_generacion_parque_niv_upl,datosabiertos.bogota.gov.co,URLError,unreachable,2026-09-29
https://datosabiertos.bogota.gov.co/dataset/upl_generacion_plazoleta_nueva,datosabiertos.bogota.gov.co,URLError,unreachable,2026-09-29
https://datosabiertos.bogota.gov.co/dataset/upl_mejoramiento_red_peatonal,datosabiertos.bogota.gov.co,URLError,unreachable,2026-09-29
https://datosabiertos.bogota.gov.co/dataset/upl_mv_intermedia_precisada,datosabiertos.bogota.gov.co,URLError,unreachable,2026-09-29
https://datosabiertos.bogota.gov.co/dataset/upl_mv_intermedia_priorizada,datosabiertos.bogota.gov.co,URLError,unreachable,2026-09-29
https://datosabiertos.bogota.gov.co/dataset/upl_parque_renaturalizado,datosabiertos.bogota.gov.co,URLError,unreachable,2026-09-29
https://datosabiertos.bogota.gov.co/dataset/upl_red_cicloinfraestructura,datosabiertos.bogota.gov.co,URLError,unreachable,2026-09-29
https://datosabiertos.bogota.gov.co/dataset/upl_rehabilitacion_cob_natural,datosabiertos.bogota.gov.co,URLError,unreachable,2026-09-29
https://datosabiertos.bogota.gov.co/dataset/upl_sendero_propuesto,datosabiertos.bogota.gov.co,URLError,unreachable,2026-09-29
https://datosabiertos.bogota.gov.co/dataset/upl_sendero_recuperado_reactiv,datosabiertos.bogota.gov.co,URLError,unreachable,2026-09-29
https://datosabiertos.bogota.gov.co/dataset/upl_supermanzana,datosabiertos.bogota.gov.co,URLError,unreachable,2026-09-29
https://datosabiertos.bogota.gov.co/dataset/validaciones-mensuales-del-sitp-por-franja-horaria,datosabiertos.bogota.gov.co,URLError,unreachable,2026-09-29
https://datosabiertos.bogota.gov.co/dataset/velocidad-actual-en-via-bogota-d-c,datosabiertos.bogota.gov.co,URLError,unreachable,2026-09-29
https://datosabiertos.bogota.gov.co/dataset/viviendas-en-bogota-que-tienen-cercania-con-expendios-de-drogas,datosabiertos.bogota.gov.co,URLError,unreachable,2026-09-29
https://datosabiertos.bogota.gov.co/dataset/volcamiento-de-arbolado-urbano-bogota-d-c,datosabiertos.bogota.gov.co,URLError,unreachable,2026-09-29
https://datosabiertos.bogota.gov.co/dataset/zona-de-influencia-pemp-del-centro-historico-de-bogota-chb,datosabiertos.bogota.gov.co,URLError,unreachable,2026-09-29
https://datosabiertos.bogota.gov.co/dataset/zonas-amarillas-bogota-dc,datosabiertos.bogota.gov.co,URLError,unreachable,2026-09-29
https://datosabiertos.bogota.gov.co/dataset/zonas-emme,datosabiertos.bogota.gov.co,URLError,unreachable,2026-09-29
https://datosabiertos.bogota.gov.co/dataset/zonas-sitp,datosabiertos.bogota.gov.co,URLError,unreachable,2026-09-29
https://datosabiertos.bogota.gov.co/dataset/zonas-zat,datosabiertos.bogota.gov.co,URLError,unreachable,2026-09-29
https://datosabiertos.bogota.gov.co/dataset/zonificacion-reserva-protectora-bosque-oriental-de-bogota-urbana-rural-2018,datosabiertos.bogota.gov.co,URLError,unreachable,2026-09-29
https://developer.jcdecaux.com,developer.jcdecaux.com,200,ok,2026-09-29
https://dexter.ndw.nu/opendata/bicycle/,dexter.ndw.nu,200,ok,2026-09-29
https://downloads.rijkswaterstaatdata.nl/bron/,downloads.rijkswaterstaatdata.nl,200,ok,2026-09-29
https://en.slofit.org/Measurements/Fitmap-of-Slovenia,en.slofit.org,200,ok,2026-09-29
https://en.slofit.org/barometer,en.slofit.org,200,ok,2026-09-29
https://en.slofit.org/measurements/trend-pfi,en.slofit.org,200,ok,2026-09-29
https://encuestas.inei.gob.pe/endes/,encuestas.inei.gob.pe,200,ok,2026-09-29
https://encuestas.inei.gob.pe/endes/2023/departamentales_en/Endes15/pdf/Lima_Metropolitana.pdf,encuestas.inei.gob.pe,200,ok,2026-09-29
https://experience.arcgis.com/experience/9bf8fbedd99c4b2daae0d421caa33583,experience.arcgis.com,200,ok,2026-09-29
https://extranet.who.int/ncdsmicrodata/index.php/catalog/995,extranet.who.int,200,ok,2026-09-29
https://fietsbarometer.be/fietstellingen,fietsbarometer.be,200,ok,2026-09-29
https://fietsflow.eco-counter.com/site/300042168,fietsflow.eco-counter.com,200,ok,2026-09-29
https://geodata.antwerpen.be/arcgissql/rest/services/P_Portal/portal_publiek1/MapServer/38,geodata.antwerpen.be,200,ok,2026-09-29
https://geodata.antwerpen.be/arcgissql/rest/services/P_Portal/portal_publiek1/MapServer/42,geodata.antwerpen.be,200,ok,2026-09-29
https://geodata.antwerpen.be/arcgissql/rest/services/P_Portal/portal_publiek1/MapServer/43,geodata.antwerpen.be,200,ok,2026-09-29
https://geodata.antwerpen.be/arcgissql/rest/services/P_Portal/portal_publiek1/MapServer/50,geodata.antwerpen.be,200,ok,2026-09-29
https://geodata.antwerpen.be/arcgissql/rest/services/P_Portal/portal_publiek1/MapServer/51,geodata.antwerpen.be,200,ok,2026-09-29
https://geodata.antwerpen.be/arcgissql/rest/services/P_Portal/portal_publiek1/MapServer/52,geodata.antwerpen.be,200,ok,2026-09-29
https://geodata.antwerpen.be/arcgissql/rest/services/P_Portal/portal_publiek1/MapServer/53,geodata.antwerpen.be,200,ok,2026-09-29
https://geodata.antwerpen.be/arcgissql/rest/services/P_Portal/portal_publiek1/MapServer/54,geodata.antwerpen.be,200,ok,2026-09-29
https://geodata.antwerpen.be/arcgissql/rest/services/P_Portal/portal_publiek1/MapServer/56,geodata.antwerpen.be,200,ok,2026-09-29
https://geodata.antwerpen.be/arcgissql/rest/services/P_Portal/portal_publiek1/MapServer/57,geodata.antwerpen.be,200,ok,2026-09-29
https://geodata.antwerpen.be/arcgissql/rest/services/P_Portal/portal_publiek1/MapServer/58,geodata.antwerpen.be,200,ok,2026-09-29
https://geodata.antwerpen.be/arcgissql/rest/services/P_Portal/portal_publiek1/MapServer/59,geodata.antwerpen.be,404,dead,2026-09-29
https://geodata.antwerpen.be/arcgissql/rest/services/P_Portal/portal_publiek1/MapServer/609,geodata.antwerpen.be,200,ok,2026-09-29
https://geodata.antwerpen.be/arcgissql/rest/services/P_Portal/portal_publiek1/MapServer/610,geodata.antwerpen.be,200,ok,2026-09-29
https://geodata.antwerpen.be/arcgissql/rest/services/P_Portal/portal_publiek1/MapServer/65,geodata.antwerpen.be,200,ok,2026-09-29
https://geodata.antwerpen.be/arcgissql/rest/services/P_Portal/portal_publiek1/MapServer/68,geodata.antwerpen.be,200,ok,2026-09-29
https://geodata.antwerpen.be/arcgissql/rest/services/P_Portal/portal_publiek1/MapServer/7,geodata.antwerpen.be,200,ok,2026-09-29
https://geodata.antwerpen.be/arcgissql/rest/services/P_Portal/portal_publiek1/MapServer/73,geodata.antwerpen.be,200,ok,2026-09-29
https://geodata.antwerpen.be/arcgissql/rest/services/P_Portal/portal_publiek1/MapServer/8,geodata.antwerpen.be,200,ok,2026-09-29
https://geodata.antwerpen.be/arcgissql/rest/services/P_Portal/portal_publiek1/MapServer/9,geodata.antwerpen.be,200,ok,2026-09-29
https://geodata.antwerpen.be/arcgissql/rest/services/P_Portal/portal_publiek10/MapServer/935,geodata.antwerpen.be,200,ok,2026-09-29
https://geodata.antwerpen.be/arcgissql/rest/services/P_Portal/portal_publiek10/MapServer/970,geodata.antwerpen.be,200,ok,2026-09-29
https://geodata.antwerpen.be/arcgissql/rest/services/P_Portal/portal_publiek10/MapServer/976,geodata.antwerpen.be,200,ok,2026-09-29
https://geodata.antwerpen.be/arcgissql/rest/services/P_Portal/portal_publiek10/MapServer/978,geodata.antwerpen.be,200,ok,2026-09-29
https://geodata.antwerpen.be/arcgissql/rest/services/P_Portal/portal_publiek10/MapServer/980,geodata.antwerpen.be,200,ok,2026-09-29
https://geodata.antwerpen.be/arcgissql/rest/services/P_Portal/portal_publiek10/MapServer/983,geodata.antwerpen.be,200,ok,2026-09-29
https://geodata.antwerpen.be/arcgissql/rest/services/P_Portal/portal_publiek10/MapServer/985,geodata.antwerpen.be,200,ok,2026-09-29
https://geodata.antwerpen.be/arcgissql/rest/services/P_Portal/portal_publiek10/MapServer/986,geodata.antwerpen.be,200,ok,2026-09-29
https://geodata.antwerpen.be/arcgissql/rest/services/P_Portal/portal_publiek10/MapServer/988,geodata.antwerpen.be,200,ok,2026-09-29
https://geodata.antwerpen.be/arcgissql/rest/services/P_Portal/portal_publiek11/MapServer/1026,geodata.antwerpen.be,200,ok,2026-09-29
https://geodata.antwerpen.be/arcgissql/rest/services/P_Portal/portal_publiek11/MapServer/1027,geodata.antwerpen.be,200,ok,2026-09-29
https://geodata.antwerpen.be/arcgissql/rest/services/P_Portal/portal_publiek11/MapServer/1034,geodata.antwerpen.be,200,ok,2026-09-29
https://geodata.antwerpen.be/arcgissql/rest/services/P_Portal/portal_publiek11/MapServer/1045,geodata.antwerpen.be,200,ok,2026-09-29
https://geodata.antwerpen.be/arcgissql/rest/services/P_Portal/portal_publiek11/MapServer/1054,geodata.antwerpen.be,200,ok,2026-09-29
https://geodata.antwerpen.be/arcgissql/rest/services/P_Portal/portal_publiek11/MapServer/1056,geodata.antwerpen.be,200,ok,2026-09-29
https://geodata.antwerpen.be/arcgissql/rest/services/P_Portal/portal_publiek11/MapServer/1060,geodata.antwerpen.be,200,ok,2026-09-29
https://geodata.antwerpen.be/arcgissql/rest/services/P_Portal/portal_publiek11/MapServer/1061,geodata.antwerpen.be,200,ok,2026-09-29
https://geodata.antwerpen.be/arcgissql/rest/services/P_Portal/portal_publiek11/MapServer/1062,geodata.antwerpen.be,200,ok,2026-09-29
https://geodata.antwerpen.be/arcgissql/rest/services/P_Portal/portal_publiek11/MapServer/1068,geodata.antwerpen.be,200,ok,2026-09-29
https://geodata.antwerpen.be/arcgissql/rest/services/P_Portal/portal_publiek11/MapServer/1069,geodata.antwerpen.be,200,ok,2026-09-29
https://geodata.antwerpen.be/arcgissql/rest/services/P_Portal/portal_publiek11/MapServer/1070,geodata.antwerpen.be,200,ok,2026-09-29
https://geodata.antwerpen.be/arcgissql/rest/services/P_Portal/portal_publiek11/MapServer/1072,geodata.antwerpen.be,200,ok,2026-09-29
https://geodata.antwerpen.be/arcgissql/rest/services/P_Portal/portal_publiek11/MapServer/1073,geodata.antwerpen.be,200,ok,2026-09-29
https://geodata.antwerpen.be/arcgissql/rest/services/P_Portal/portal_publiek11/MapServer/1075,geodata.antwerpen.be,200,ok,2026-09-29
https://geodata.antwerpen.be/arcgissql/rest/services/P_Portal/portal_publiek12/MapServer/0,geodata.antwerpen.be,200,ok,2026-09-29
https://geodata.antwerpen.be/arcgissql/rest/services/P_Portal/portal_publiek12/MapServer/1,geodata.antwerpen.be,200,ok,2026-09-29
https://geodata.antwerpen.be/arcgissql/rest/services/P_Portal/portal_publiek12/MapServer/10,geodata.antwerpen.be,200,ok,2026-09-29
https://geodata.antwerpen.be/arcgissql/rest/services/P_Portal/portal_publiek12/MapServer/100,geodata.antwerpen.be,200,ok,2026-09-29
https://geodata.antwerpen.be/arcgissql/rest/services/P_Portal/portal_publiek12/MapServer/101,geodata.antwerpen.be,200,ok,2026-09-29
https://geodata.antwerpen.be/arcgissql/rest/services/P_Portal/portal_publiek12/MapServer/102,geodata.antwerpen.be,200,ok,2026-09-29
https://geodata.antwerpen.be/arcgissql/rest/services/P_Portal/portal_publiek12/MapServer/103,geodata.antwerpen.be,200,ok,2026-09-29
https://geodata.antwerpen.be/arcgissql/rest/services/P_Portal/portal_publiek12/MapServer/104,geodata.antwerpen.be,200,ok,2026-09-29
https://geodata.antwerpen.be/arcgissql/rest/services/P_Portal/portal_publiek12/MapServer/105,geodata.antwerpen.be,200,ok,2026-09-29
https://geodata.antwerpen.be/arcgissql/rest/services/P_Portal/portal_publiek12/MapServer/106,geodata.antwerpen.be,200,ok,2026-09-29
https://geodata.antwerpen.be/arcgissql/rest/services/P_Portal/portal_publiek12/MapServer/107,geodata.antwerpen.be,200,ok,2026-09-29
https://geodata.antwerpen.be/arcgissql/rest/services/P_Portal/portal_publiek12/MapServer/108,geodata.antwerpen.be,200,ok,2026-09-29
https://geodata.antwerpen.be/arcgissql/rest/services/P_Portal/portal_publiek12/MapServer/109,geodata.antwerpen.be,200,ok,2026-09-29
https://geodata.antwerpen.be/arcgissql/rest/services/P_Portal/portal_publiek12/MapServer/11,geodata.antwerpen.be,200,ok,2026-09-29
https://geodata.antwerpen.be/arcgissql/rest/services/P_Portal/portal_publiek12/MapServer/110,geodata.antwerpen.be,200,ok,2026-09-29
https://geodata.antwerpen.be/arcgissql/rest/services/P_Portal/portal_publiek12/MapServer/111,geodata.antwerpen.be,200,ok,2026-09-29
https://geodata.antwerpen.be/arcgissql/rest/services/P_Portal/portal_publiek12/MapServer/112,geodata.antwerpen.be,200,ok,2026-09-29
https://geodata.antwerpen.be/arcgissql/rest/services/P_Portal/portal_publiek12/MapServer/113,geodata.antwerpen.be,200,ok,2026-09-29
https://geodata.antwerpen.be/arcgissql/rest/services/P_Portal/portal_publiek12/MapServer/114,geodata.antwerpen.be,200,ok,2026-09-29
https://geodata.antwerpen.be/arcgissql/rest/services/P_Portal/portal_publiek12/MapServer/115,geodata.antwerpen.be,200,ok,2026-09-29
https://geodata.antwerpen.be/arcgissql/rest/services/P_Portal/portal_publiek12/MapServer/116,geodata.antwerpen.be,200,ok,2026-09-29
https://geodata.antwerpen.be/arcgissql/rest/services/P_Portal/portal_publiek12/MapServer/117,geodata.antwerpen.be,200,ok,2026-09-29
https://geodata.antwerpen.be/arcgissql/rest/services/P_Portal/portal_publiek12/MapServer/118,geodata.antwerpen.be,200,ok,2026-09-29
https://geodata.antwerpen.be/arcgissql/rest/services/P_Portal/portal_publiek12/MapServer/119,geodata.antwerpen.be,200,ok,2026-09-29
https://geodata.antwerpen.be/arcgissql/rest/services/P_Portal/portal_publiek12/MapServer/12,geodata.antwerpen.be,200,ok,2026-09-29
https://geodata.antwerpen.be/arcgissql/rest/services/P_Portal/portal_publiek12/MapServer/120,geodata.antwerpen.be,200,ok,2026-09-29
https://geodata.antwerpen.be/arcgissql/rest/services/P_Portal/portal_publiek12/MapServer/121,geodata.antwerpen.be,200,ok,2026-09-29
https://geodata.antwerpen.be/arcgissql/rest/services/P_Portal/portal_publiek12/MapServer/123,geodata.antwerpen.be,200,ok,2026-09-29
https://geodata.antwerpen.be/arcgissql/rest/services/P_Portal/portal_publiek12/MapServer/124,geodata.antwerpen.be,200,ok,2026-09-29
https://geodata.antwerpen.be/arcgissql/rest/services/P_Portal/portal_publiek12/MapServer/125,geodata.antwerpen.be,200,ok,2026-09-29
https://geodata.antwerpen.be/arcgissql/rest/services/P_Portal/portal_publiek12/MapServer/13,geodata.antwerpen.be,200,ok,2026-09-29
https://geodata.antwerpen.be/arcgissql/rest/services/P_Portal/portal_publiek12/MapServer/14,geodata.antwerpen.be,200,ok,2026-09-29
https://geodata.antwerpen.be/arcgissql/rest/services/P_Portal/portal_publiek12/MapServer/15,geodata.antwerpen.be,200,ok,2026-09-29
https://geodata.antwerpen.be/arcgissql/rest/services/P_Portal/portal_publiek12/MapServer/16,geodata.antwerpen.be,200,ok,2026-09-29
https://geodata.antwerpen.be/arcgissql/rest/services/P_Portal/portal_publiek12/MapServer/17,geodata.antwerpen.be,200,ok,2026-09-29
https://geodata.antwerpen.be/arcgissql/rest/services/P_Portal/portal_publiek12/MapServer/18,geodata.antwerpen.be,200,ok,2026-09-29
https://geodata.antwerpen.be/arcgissql/rest/services/P_Portal/portal_publiek12/MapServer/19,geodata.antwerpen.be,200,ok,2026-09-29
https://geodata.antwerpen.be/arcgissql/rest/services/P_Portal/portal_publiek12/MapServer/2,geodata.antwerpen.be,200,ok,2026-09-29
https://geodata.antwerpen.be/arcgissql/rest/services/P_Portal/portal_publiek12/MapServer/20,geodata.antwerpen.be,200,ok,2026-09-29
https://geodata.antwerpen.be/arcgissql/rest/services/P_Portal/portal_publiek12/MapServer/21,geodata.antwerpen.be,200,ok,2026-09-29
https://geodata.antwerpen.be/arcgissql/rest/services/P_Portal/portal_publiek12/MapServer/22,geodata.antwerpen.be,200,ok,2026-09-29
https://geodata.antwerpen.be/arcgissql/rest/services/P_Portal/portal_publiek12/MapServer/23,geodata.antwerpen.be,200,ok,2026-09-29
https://geodata.antwerpen.be/arcgissql/rest/services/P_Portal/portal_publiek12/MapServer/24,geodata.antwerpen.be,200,ok,2026-09-29
https://geodata.antwerpen.be/arcgissql/rest/services/P_Portal/portal_publiek12/MapServer/25,geodata.antwerpen.be,200,ok,2026-09-29
https://geodata.antwerpen.be/arcgissql/rest/services/P_Portal/portal_publiek12/MapServer/26,geodata.antwerpen.be,200,ok,2026-09-29
https://geodata.antwerpen.be/arcgissql/rest/services/P_Portal/portal_publiek12/MapServer/27,geodata.antwerpen.be,200,ok,2026-09-29
https://geodata.antwerpen.be/arcgissql/rest/services/P_Portal/portal_publiek12/MapServer/28,geodata.antwerpen.be,200,ok,2026-09-29
https://geodata.antwerpen.be/arcgissql/rest/services/P_Portal/portal_publiek12/MapServer/29,geodata.antwerpen.be,200,ok,2026-09-29
https://geodata.antwerpen.be/arcgissql/rest/services/P_Portal/portal_publiek12/MapServer/3,geodata.antwerpen.be,200,ok,2026-09-29
https://geodata.antwerpen.be/arcgissql/rest/services/P_Portal/portal_publiek12/MapServer/30,geodata.antwerpen.be,200,ok,2026-09-29
https://geodata.antwerpen.be/arcgissql/rest/services/P_Portal/portal_publiek12/MapServer/31,geodata.antwerpen.be,200,ok,2026-09-29
https://geodata.antwerpen.be/arcgissql/rest/services/P_Portal/portal_publiek12/MapServer/32,geodata.antwerpen.be,200,ok,2026-09-29
https://geodata.antwerpen.be/arcgissql/rest/services/P_Portal/portal_publiek12/MapServer/33,geodata.antwerpen.be,200,ok,2026-09-29
https://geodata.antwerpen.be/arcgissql/rest/services/P_Portal/portal_publiek12/MapServer/34,geodata.antwerpen.be,200,ok,2026-09-29
https://geodata.antwerpen.be/arcgissql/rest/services/P_Portal/portal_publiek12/MapServer/35,geodata.antwerpen.be,200,ok,2026-09-29
https://geodata.antwerpen.be/arcgissql/rest/services/P_Portal/portal_publiek12/MapServer/36,geodata.antwerpen.be,200,ok,2026-09-29
https://geodata.antwerpen.be/arcgissql/rest/services/P_Portal/portal_publiek12/MapServer/37,geodata.antwerpen.be,200,ok,2026-09-29
https://geodata.antwerpen.be/arcgissql/rest/services/P_Portal/portal_publiek12/MapServer/39,geodata.antwerpen.be,200,ok,2026-09-29
https://geodata.antwerpen.be/arcgissql/rest/services/P_Portal/portal_publiek12/MapServer/4,geodata.antwerpen.be,200,ok,2026-09-29
https://geodata.antwerpen.be/arcgissql/rest/services/P_Portal/portal_publiek12/MapServer/40,geodata.antwerpen.be,200,ok,2026-09-29
https://geodata.antwerpen.be/arcgissql/rest/services/P_Portal/portal_publiek12/MapServer/41,geodata.antwerpen.be,200,ok,2026-09-29
https://geodata.antwerpen.be/arcgissql/rest/services/P_Portal/portal_publiek12/MapServer/42,geodata.antwerpen.be,200,ok,2026-09-29
https://geodata.antwerpen.be/arcgissql/rest/services/P_Portal/portal_publiek12/MapServer/43,geodata.antwerpen.be,200,ok,2026-09-29
https://geodata.antwerpen.be/arcgissql/rest/services/P_Portal/portal_publiek12/MapServer/44,geodata.antwerpen.be,200,ok,2026-09-29
https://geodata.antwerpen.be/arcgissql/rest/services/P_Portal/portal_publiek12/MapServer/45,geodata.antwerpen.be,200,ok,2026-09-29
https://geodata.antwerpen.be/arcgissql/rest/services/P_Portal/portal_publiek12/MapServer/46,geodata.antwerpen.be,200,ok,2026-09-29
https://geodata.antwerpen.be/arcgissql/rest/services/P_Portal/portal_publiek12/MapServer/47,geodata.antwerpen.be,200,ok,2026-09-29
https://geodata.antwerpen.be/arcgissql/rest/services/P_Portal/portal_publiek12/MapServer/48,geodata.antwerpen.be,200,ok,2026-09-29
https://geodata.antwerpen.be/arcgissql/rest/services/P_Portal/portal_publiek12/MapServer/49,geodata.antwerpen.be,200,ok,2026-09-29
https://geodata.antwerpen.be/arcgissql/rest/services/P_Portal/portal_publiek12/MapServer/5,geodata.antwerpen.be,200,ok,2026-09-29
https://geodata.antwerpen.be/arcgissql/rest/services/P_Portal/portal_publiek12/MapServer/50,geodata.antwerpen.be,200,ok,2026-09-29
https://geodata.antwerpen.be/arcgissql/rest/services/P_Portal/portal_publiek12/MapServer/51,geodata.antwerpen.be,200,ok,2026-09-29
https://geodata.antwerpen.be/arcgissql/rest/services/P_Portal/portal_publiek12/MapServer/52,geodata.antwerpen.be,200,ok,2026-09-29
https://geodata.antwerpen.be/arcgissql/rest/services/P_Portal/portal_publiek12/MapServer/53,geodata.antwerpen.be,200,ok,2026-09-29
https://geodata.antwerpen.be/arcgissql/rest/services/P_Portal/portal_publiek12/MapServer/54,geodata.antwerpen.be,200,ok,2026-09-29
https://geodata.antwerpen.be/arcgissql/rest/services/P_Portal/portal_publiek12/MapServer/55,geodata.antwerpen.be,200,ok,2026-09-29
https://geodata.antwerpen.be/arcgissql/rest/services/P_Portal/portal_publiek12/MapServer/56,geodata.antwerpen.be,200,ok,2026-09-29
https://geodata.antwerpen.be/arcgissql/rest/services/P_Portal/portal_publiek12/MapServer/57,geodata.antwerpen.be,200,ok,2026-09-29
https://geodata.antwerpen.be/arcgissql/rest/services/P_Portal/portal_publiek12/MapServer/58,geodata.antwerpen.be,200,ok,2026-09-29
https://geodata.antwerpen.be/arcgissql/rest/services/P_Portal/portal_publiek12/MapServer/59,geodata.antwerpen.be,200,ok,2026-09-29
https://geodata.antwerpen.be/arcgissql/rest/services/P_Portal/portal_publiek12/MapServer/6,geodata.antwerpen.be,200,ok,2026-09-29
https://geodata.antwerpen.be/arcgissql/rest/services/P_Portal/portal_publiek12/MapServer/60,geodata.antwerpen.be,200,ok,2026-09-29
https://geodata.antwerpen.be/arcgissql/rest/services/P_Portal/portal_publiek12/MapServer/61,geodata.antwerpen.be,200,ok,2026-09-29
https://geodata.antwerpen.be/arcgissql/rest/services/P_Portal/portal_publiek12/MapServer/62,geodata.antwerpen.be,200,ok,2026-09-29
https://geodata.antwerpen.be/arcgissql/rest/services/P_Portal/portal_publiek12/MapServer/63,geodata.antwerpen.be,200,ok,2026-09-29
https://geodata.antwerpen.be/arcgissql/rest/services/P_Portal/portal_publiek12/MapServer/64,geodata.antwerpen.be,200,ok,2026-09-29
https://geodata.antwerpen.be/arcgissql/rest/services/P_Portal/portal_publiek12/MapServer/65,geodata.antwerpen.be,200,ok,2026-09-29
https://geodata.antwerpen.be/arcgissql/rest/services/P_Portal/portal_publiek12/MapServer/66,geodata.antwerpen.be,200,ok,2026-09-29
https://geodata.antwerpen.be/arcgissql/rest/services/P_Portal/portal_publiek12/MapServer/67,geodata.antwerpen.be,200,ok,2026-09-29
https://geodata.antwerpen.be/arcgissql/rest/services/P_Portal/portal_publiek12/MapServer/68,geodata.antwerpen.be,200,ok,2026-09-29
https://geodata.antwerpen.be/arcgissql/rest/services/P_Portal/portal_publiek12/MapServer/69,geodata.antwerpen.be,200,ok,2026-09-29
https://geodata.antwerpen.be/arcgissql/rest/services/P_Portal/portal_publiek12/MapServer/7,geodata.antwerpen.be,200,ok,2026-09-29
https://geodata.antwerpen.be/arcgissql/rest/services/P_Portal/portal_publiek12/MapServer/70,geodata.antwerpen.be,200,ok,2026-09-29
https://geodata.antwerpen.be/arcgissql/rest/services/P_Portal/portal_publiek12/MapServer/71,geodata.antwerpen.be,200,ok,2026-09-29
https://geodata.antwerpen.be/arcgissql/rest/services/P_Portal/portal_publiek12/MapServer/72,geodata.antwerpen.be,200,ok,2026-09-29
https://geodata.antwerpen.be/arcgissql/rest/services/P_Portal/portal_publiek12/MapServer/73,geodata.antwerpen.be,200,ok,2026-09-29
https://geodata.antwerpen.be/arcgissql/rest/services/P_Portal/portal_publiek12/MapServer/74,geodata.antwerpen.be,200,ok,2026-09-29
https://geodata.antwerpen.be/arcgissql/rest/services/P_Portal/portal_publiek12/MapServer/75,geodata.antwerpen.be,200,ok,2026-09-29
https://geodata.antwerpen.be/arcgissql/rest/services/P_Portal/portal_publiek12/MapServer/76,geodata.antwerpen.be,200,ok,2026-09-29
https://geodata.antwerpen.be/arcgissql/rest/services/P_Portal/portal_publiek12/MapServer/77,geodata.antwerpen.be,200,ok,2026-09-29
https://geodata.antwerpen.be/arcgissql/rest/services/P_Portal/portal_publiek12/MapServer/78,geodata.antwerpen.be,200,ok,2026-09-29
https://geodata.antwerpen.be/arcgissql/rest/services/P_Portal/portal_publiek12/MapServer/79,geodata.antwerpen.be,200,ok,2026-09-29
https://geodata.antwerpen.be/arcgissql/rest/services/P_Portal/portal_publiek12/MapServer/8,geodata.antwerpen.be,200,ok,2026-09-29
https://geodata.antwerpen.be/arcgissql/rest/services/P_Portal/portal_publiek12/MapServer/80,geodata.antwerpen.be,200,ok,2026-09-29
https://geodata.antwerpen.be/arcgissql/rest/services/P_Portal/portal_publiek12/MapServer/81,geodata.antwerpen.be,200,ok,2026-09-29
https://geodata.antwerpen.be/arcgissql/rest/services/P_Portal/portal_publiek12/MapServer/82,geodata.antwerpen.be,200,ok,2026-09-29
https://geodata.antwerpen.be/arcgissql/rest/services/P_Portal/portal_publiek12/MapServer/83,geodata.antwerpen.be,200,ok,2026-09-29
https://geodata.antwerpen.be/arcgissql/rest/services/P_Portal/portal_publiek12/MapServer/84,geodata.antwerpen.be,200,ok,2026-09-29
https://geodata.antwerpen.be/arcgissql/rest/services/P_Portal/portal_publiek12/MapServer/85,geodata.antwerpen.be,200,ok,2026-09-29
https://geodata.antwerpen.be/arcgissql/rest/services/P_Portal/portal_publiek12/MapServer/86,geodata.antwerpen.be,200,ok,2026-09-29
https://geodata.antwerpen.be/arcgissql/rest/services/P_Portal/portal_publiek12/MapServer/87,geodata.antwerpen.be,200,ok,2026-09-29
https://geodata.antwerpen.be/arcgissql/rest/services/P_Portal/portal_publiek12/MapServer/88,geodata.antwerpen.be,200,ok,2026-09-29
https://geodata.antwerpen.be/arcgissql/rest/services/P_Portal/portal_publiek12/MapServer/89,geodata.antwerpen.be,200,ok,2026-09-29
https://geodata.antwerpen.be/arcgissql/rest/services/P_Portal/portal_publiek12/MapServer/9,geodata.antwerpen.be,200,ok,2026-09-29
https://geodata.antwerpen.be/arcgissql/rest/services/P_Portal/portal_publiek12/MapServer/90,geodata.antwerpen.be,200,ok,2026-09-29
https://geodata.antwerpen.be/arcgissql/rest/services/P_Portal/portal_publiek12/MapServer/91,geodata.antwerpen.be,200,ok,2026-09-29
https://geodata.antwerpen.be/arcgissql/rest/services/P_Portal/portal_publiek12/MapServer/92,geodata.antwerpen.be,200,ok,2026-09-29
https://geodata.antwerpen.be/arcgissql/rest/services/P_Portal/portal_publiek12/MapServer/93,geodata.antwerpen.be,200,ok,2026-09-29
https://geodata.antwerpen.be/arcgissql/rest/services/P_Portal/portal_publiek12/MapServer/94,geodata.antwerpen.be,200,ok,2026-09-29
https://geodata.antwerpen.be/arcgissql/rest/services/P_Portal/portal_publiek12/MapServer/95,geodata.antwerpen.be,200,ok,2026-09-29
https://geodata.antwerpen.be/arcgissql/rest/services/P_Portal/portal_publiek12/MapServer/96,geodata.antwerpen.be,200,ok,2026-09-29
https://geodata.antwerpen.be/arcgissql/rest/services/P_Portal/portal_publiek12/MapServer/97,geodata.antwerpen.be,200,ok,2026-09-29
https://geodata.antwerpen.be/arcgissql/rest/services/P_Portal/portal_publiek12/MapServer/98,geodata.antwerpen.be,200,ok,2026-09-29
https://geodata.antwerpen.be/arcgissql/rest/services/P_Portal/portal_publiek12/MapServer/99,geodata.antwerpen.be,200,ok,2026-09-29
https://geodata.antwerpen.be/arcgissql/rest/services/P_Portal/portal_publiek13/MapServer/0,geodata.antwerpen.be,200,ok,2026-09-29
https://geodata.antwerpen.be/arcgissql/rest/services/P_Portal/portal_publiek13/MapServer/1,geodata.antwerpen.be,200,ok,2026-09-29
https://geodata.antwerpen.be/arcgissql/rest/services/P_Portal/portal_publiek13/MapServer/23,geodata.antwerpen.be,200,ok,2026-09-29
https://geodata.antwerpen.be/arcgissql/rest/services/P_Portal/portal_publiek13/MapServer/24,geodata.antwerpen.be,200,ok,2026-09-29
https://geodata.antwerpen.be/arcgissql/rest/services/P_Portal/portal_publiek13/MapServer/25,geodata.antwerpen.be,200,ok,2026-09-29
https://geodata.antwerpen.be/arcgissql/rest/services/P_Portal/portal_publiek13/MapServer/26,geodata.antwerpen.be,200,ok,2026-09-29
https://geodata.antwerpen.be/arcgissql/rest/services/P_Portal/portal_publiek13/MapServer/27,geodata.antwerpen.be,200,ok,2026-09-29
https://geodata.antwerpen.be/arcgissql/rest/services/P_Portal/portal_publiek13/MapServer/28,geodata.antwerpen.be,200,ok,2026-09-29
https://geodata.antwerpen.be/arcgissql/rest/services/P_Portal/portal_publiek13/MapServer/29,geodata.antwerpen.be,200,ok,2026-09-29
https://geodata.antwerpen.be/arcgissql/rest/services/P_Portal/portal_publiek13/MapServer/30,geodata.antwerpen.be,404,dead,2026-09-29
https://geodata.antwerpen.be/arcgissql/rest/services/P_Portal/portal_publiek13/MapServer/31,geodata.antwerpen.be,200,ok,2026-09-29
https://geodata.antwerpen.be/arcgissql/rest/services/P_Portal/portal_publiek13/MapServer/33,geodata.antwerpen.be,200,ok,2026-09-29
https://geodata.antwerpen.be/arcgissql/rest/services/P_Portal/portal_publiek13/MapServer/35,geodata.antwerpen.be,200,ok,2026-09-29
https://geodata.antwerpen.be/arcgissql/rest/services/P_Portal/portal_publiek13/MapServer/39,geodata.antwerpen.be,200,ok,2026-09-29
https://geodata.antwerpen.be/arcgissql/rest/services/P_Portal/portal_publiek13/MapServer/43,geodata.antwerpen.be,404,dead,2026-09-29
https://geodata.antwerpen.be/arcgissql/rest/services/P_Portal/portal_publiek13/MapServer/47,geodata.antwerpen.be,404,dead,2026-09-29
https://geodata.antwerpen.be/arcgissql/rest/services/P_Portal/portal_publiek13/MapServer/48,geodata.antwerpen.be,404,dead,2026-09-29
https://geodata.antwerpen.be/arcgissql/rest/services/P_Portal/portal_publiek13/MapServer/49,geodata.antwerpen.be,404,dead,2026-09-29
https://geodata.antwerpen.be/arcgissql/rest/services/P_Portal/portal_publiek13/MapServer/53,geodata.antwerpen.be,404,dead,2026-09-29
https://geodata.antwerpen.be/arcgissql/rest/services/P_Portal/portal_publiek13/MapServer/55,geodata.antwerpen.be,404,dead,2026-09-29
https://geodata.antwerpen.be/arcgissql/rest/services/P_Portal/portal_publiek13/MapServer/57,geodata.antwerpen.be,404,dead,2026-09-29
https://geodata.antwerpen.be/arcgissql/rest/services/P_Portal/portal_publiek13/MapServer/6,geodata.antwerpen.be,404,dead,2026-09-29
https://geodata.antwerpen.be/arcgissql/rest/services/P_Portal/portal_publiek2/MapServer/109,geodata.antwerpen.be,200,ok,2026-09-29
https://geodata.antwerpen.be/arcgissql/rest/services/P_Portal/portal_publiek2/MapServer/119,geodata.antwerpen.be,200,ok,2026-09-29
https://geodata.antwerpen.be/arcgissql/rest/services/P_Portal/portal_publiek2/MapServer/145,geodata.antwerpen.be,200,ok,2026-09-29
https://geodata.antwerpen.be/arcgissql/rest/services/P_Portal/portal_publiek2/MapServer/146,geodata.antwerpen.be,200,ok,2026-09-29
https://geodata.antwerpen.be/arcgissql/rest/services/P_Portal/portal_publiek2/MapServer/74,geodata.antwerpen.be,200,ok,2026-09-29
https://geodata.antwerpen.be/arcgissql/rest/services/P_Portal/portal_publiek2/MapServer/75,geodata.antwerpen.be,200,ok,2026-09-29
https://geodata.antwerpen.be/arcgissql/rest/services/P_Portal/portal_publiek2/MapServer/80,geodata.antwerpen.be,200,ok,2026-09-29
https://geodata.antwerpen.be/arcgissql/rest/services/P_Portal/portal_publiek2/MapServer/81,geodata.antwerpen.be,200,ok,2026-09-29
https://geodata.antwerpen.be/arcgissql/rest/services/P_Portal/portal_publiek2/MapServer/85,geodata.antwerpen.be,200,ok,2026-09-29
https://geodata.antwerpen.be/arcgissql/rest/services/P_Portal/portal_publiek2/MapServer/87,geodata.antwerpen.be,200,ok,2026-09-29
https://geodata.antwerpen.be/arcgissql/rest/services/P_Portal/portal_publiek2/MapServer/88,geodata.antwerpen.be,200,ok,2026-09-29
https://geodata.antwerpen.be/arcgissql/rest/services/P_Portal/portal_publiek2/MapServer/92,geodata.antwerpen.be,200,ok,2026-09-29
https://geodata.antwerpen.be/arcgissql/rest/services/P_Portal/portal_publiek2/MapServer/93,geodata.antwerpen.be,200,ok,2026-09-29
https://geodata.antwerpen.be/arcgissql/rest/services/P_Portal/portal_publiek2/MapServer/95,geodata.antwerpen.be,200,ok,2026-09-29
https://geodata.antwerpen.be/arcgissql/rest/services/P_Portal/portal_publiek3/MapServer/158,geodata.antwerpen.be,200,ok,2026-09-29
https://geodata.antwerpen.be/arcgissql/rest/services/P_Portal/portal_publiek3/MapServer/199,geodata.antwerpen.be,200,ok,2026-09-29
https://geodata.antwerpen.be/arcgissql/rest/services/P_Portal/portal_publiek3/MapServer/202,geodata.antwerpen.be,200,ok,2026-09-29
https://geodata.antwerpen.be/arcgissql/rest/services/P_Portal/portal_publiek3/MapServer/210,geodata.antwerpen.be,200,ok,2026-09-29
https://geodata.antwerpen.be/arcgissql/rest/services/P_Portal/portal_publiek3/MapServer/212,geodata.antwerpen.be,200,ok,2026-09-29
https://geodata.antwerpen.be/arcgissql/rest/services/P_Portal/portal_publiek3/MapServer/218,geodata.antwerpen.be,200,ok,2026-09-29
https://geodata.antwerpen.be/arcgissql/rest/services/P_Portal/portal_publiek3/MapServer/221,geodata.antwerpen.be,200,ok,2026-09-29
https://geodata.antwerpen.be/arcgissql/rest/services/P_Portal/portal_publiek3/MapServer/229,geodata.antwerpen.be,200,ok,2026-09-29
https://geodata.antwerpen.be/arcgissql/rest/services/P_Portal/portal_publiek3/MapServer/230,geodata.antwerpen.be,200,ok,2026-09-29
https://geodata.antwerpen.be/arcgissql/rest/services/P_Portal/portal_publiek3/MapServer/231,geodata.antwerpen.be,200,ok,2026-09-29
https://geodata.antwerpen.be/arcgissql/rest/services/P_Portal/portal_publiek3/MapServer/233,geodata.antwerpen.be,200,ok,2026-09-29
https://geodata.antwerpen.be/arcgissql/rest/services/P_Portal/portal_publiek4/MapServer/235,geodata.antwerpen.be,200,ok,2026-09-29
https://geodata.antwerpen.be/arcgissql/rest/services/P_Portal/portal_publiek4/MapServer/236,geodata.antwerpen.be,200,ok,2026-09-29
https://geodata.antwerpen.be/arcgissql/rest/services/P_Portal/portal_publiek4/MapServer/237,geodata.antwerpen.be,200,ok,2026-09-29
https://geodata.antwerpen.be/arcgissql/rest/services/P_Portal/portal_publiek4/MapServer/238,geodata.antwerpen.be,200,ok,2026-09-29
https://geodata.antwerpen.be/arcgissql/rest/services/P_Portal/portal_publiek4/MapServer/240,geodata.antwerpen.be,200,ok,2026-09-29
https://geodata.antwerpen.be/arcgissql/rest/services/P_Portal/portal_publiek4/MapServer/241,geodata.antwerpen.be,200,ok,2026-09-29
https://geodata.antwerpen.be/arcgissql/rest/services/P_Portal/portal_publiek4/MapServer/242,geodata.antwerpen.be,200,ok,2026-09-29
https://geodata.antwerpen.be/arcgissql/rest/services/P_Portal/portal_publiek4/MapServer/251,geodata.antwerpen.be,200,ok,2026-09-29
https://geodata.antwerpen.be/arcgissql/rest/services/P_Portal/portal_publiek4/MapServer/254,geodata.antwerpen.be,200,ok,2026-09-29
https://geodata.antwerpen.be/arcgissql/rest/services/P_Portal/portal_publiek4/MapServer/270,geodata.antwerpen.be,200,ok,2026-09-29
https://geodata.antwerpen.be/arcgissql/rest/services/P_Portal/portal_publiek4/MapServer/276,geodata.antwerpen.be,200,ok,2026-09-29
https://geodata.antwerpen.be/arcgissql/rest/services/P_Portal/portal_publiek4/MapServer/280,geodata.antwerpen.be,404,dead,2026-09-29
https://geodata.antwerpen.be/arcgissql/rest/services/P_Portal/portal_publiek4/MapServer/281,geodata.antwerpen.be,200,ok,2026-09-29
https://geodata.antwerpen.be/arcgissql/rest/services/P_Portal/portal_publiek4/MapServer/282,geodata.antwerpen.be,200,ok,2026-09-29
https://geodata.antwerpen.be/arcgissql/rest/services/P_Portal/portal_publiek4/MapServer/289,geodata.antwerpen.be,200,ok,2026-09-29
https://geodata.antwerpen.be/arcgissql/rest/services/P_Portal/portal_publiek4/MapServer/297,geodata.antwerpen.be,200,ok,2026-09-29
https://geodata.antwerpen.be/arcgissql/rest/services/P_Portal/portal_publiek4/MapServer/299,geodata.antwerpen.be,200,ok,2026-09-29
https://geodata.antwerpen.be/arcgissql/rest/services/P_Portal/portal_publiek4/MapServer/301,geodata.antwerpen.be,200,ok,2026-09-29
https://geodata.antwerpen.be/arcgissql/rest/services/P_Portal/portal_publiek5/MapServer/356,geodata.antwerpen.be,200,ok,2026-09-29
https://geodata.antwerpen.be/arcgissql/rest/services/P_Portal/portal_publiek5/MapServer/360,geodata.antwerpen.be,200,ok,2026-09-29
https://geodata.antwerpen.be/arcgissql/rest/services/P_Portal/portal_publiek5/MapServer/372,geodata.antwerpen.be,200,ok,2026-09-29
https://geodata.antwerpen.be/arcgissql/rest/services/P_Portal/portal_publiek5/MapServer/373,geodata.antwerpen.be,200,ok,2026-09-29
https://geodata.antwerpen.be/arcgissql/rest/services/P_Portal/portal_publiek5/MapServer/374,geodata.antwerpen.be,200,ok,2026-09-29
https://geodata.antwerpen.be/arcgissql/rest/services/P_Portal/portal_publiek5/MapServer/560,geodata.antwerpen.be,200,ok,2026-09-29
https://geodata.antwerpen.be/arcgissql/rest/services/P_Portal/portal_publiek5/MapServer/562,geodata.antwerpen.be,200,ok,2026-09-29
https://geodata.antwerpen.be/arcgissql/rest/services/P_Portal/portal_publiek5/MapServer/566,geodata.antwerpen.be,200,ok,2026-09-29
https://geodata.antwerpen.be/arcgissql/rest/services/P_Portal/portal_publiek5/MapServer/574,geodata.antwerpen.be,200,ok,2026-09-29
https://geodata.antwerpen.be/arcgissql/rest/services/P_Portal/portal_publiek5/MapServer/575,geodata.antwerpen.be,200,ok,2026-09-29
https://geodata.antwerpen.be/arcgissql/rest/services/P_Portal/portal_publiek5/MapServer/578,geodata.antwerpen.be,200,ok,2026-09-29
https://geodata.antwerpen.be/arcgissql/rest/services/P_Portal/portal_publiek5/MapServer/580,geodata.antwerpen.be,200,ok,2026-09-29
https://geodata.antwerpen.be/arcgissql/rest/services/P_Portal/portal_publiek5/MapServer/581,geodata.antwerpen.be,200,ok,2026-09-29
https://geodata.antwerpen.be/arcgissql/rest/services/P_Portal/portal_publiek6/MapServer/582,geodata.antwerpen.be,200,ok,2026-09-29
https://geodata.antwerpen.be/arcgissql/rest/services/P_Portal/portal_publiek6/MapServer/583,geodata.antwerpen.be,200,ok,2026-09-29
https://geodata.antwerpen.be/arcgissql/rest/services/P_Portal/portal_publiek6/MapServer/585,geodata.antwerpen.be,200,ok,2026-09-29
https://geodata.antwerpen.be/arcgissql/rest/services/P_Portal/portal_publiek6/MapServer/603,geodata.antwerpen.be,200,ok,2026-09-29
https://geodata.antwerpen.be/arcgissql/rest/services/P_Portal/portal_publiek6/MapServer/622,geodata.antwerpen.be,200,ok,2026-09-29
https://geodata.antwerpen.be/arcgissql/rest/services/P_Portal/portal_publiek6/MapServer/629,geodata.antwerpen.be,200,ok,2026-09-29
https://geodata.antwerpen.be/arcgissql/rest/services/P_Portal/portal_publiek6/MapServer/643,geodata.antwerpen.be,200,ok,2026-09-29
https://geodata.antwerpen.be/arcgissql/rest/services/P_Portal/portal_publiek6/MapServer/644,geodata.antwerpen.be,200,ok,2026-09-29
https://geodata.antwerpen.be/arcgissql/rest/services/P_Portal/portal_publiek6/MapServer/668,geodata.antwerpen.be,200,ok,2026-09-29
https://geodata.antwerpen.be/arcgissql/rest/services/P_Portal/portal_publiek6/MapServer/676,geodata.antwerpen.be,200,ok,2026-09-29
https://geodata.antwerpen.be/arcgissql/rest/services/P_Portal/portal_publiek6/MapServer/677,geodata.antwerpen.be,200,ok,2026-09-29
https://geodata.antwerpen.be/arcgissql/rest/services/P_Portal/portal_publiek6/MapServer/679,geodata.antwerpen.be,200,ok,2026-09-29
https://geodata.antwerpen.be/arcgissql/rest/services/P_Portal/portal_publiek6/MapServer/680,geodata.antwerpen.be,200,ok,2026-09-29
https://geodata.antwerpen.be/arcgissql/rest/services/P_Portal/portal_publiek6/MapServer/758,geodata.antwerpen.be,200,ok,2026-09-29
https://geodata.antwerpen.be/arcgissql/rest/services/P_Portal/portal_publiek7/MapServer/789,geodata.antwerpen.be,200,ok,2026-09-29
https://geodata.antwerpen.be/arcgissql/rest/services/P_Portal/portal_publiek7/MapServer/799,geodata.antwerpen.be,200,ok,2026-09-29
https://geodata.antwerpen.be/arcgissql/rest/services/P_Portal/portal_publiek7/MapServer/800,geodata.antwerpen.be,200,ok,2026-09-29
https://geodata.antwerpen.be/arcgissql/rest/services/P_Portal/portal_publiek7/MapServer/806,geodata.antwerpen.be,200,ok,2026-09-29
https://geodata.antwerpen.be/arcgissql/rest/services/P_Portal/portal_publiek7/MapServer/807,geodata.antwerpen.be,200,ok,2026-09-29
https://geodata.antwerpen.be/arcgissql/rest/services/P_Portal/portal_publiek8/MapServer/843,geodata.antwerpen.be,200,ok,2026-09-29
https://geodata.antwerpen.be/arcgissql/rest/services/P_Portal/portal_publiek8/MapServer/845,geodata.antwerpen.be,200,ok,2026-09-29
https://geodata.antwerpen.be/arcgissql/rest/services/P_Portal/portal_publiek8/MapServer/846,geodata.antwerpen.be,200,ok,2026-09-29
https://geodata.antwerpen.be/arcgissql/rest/services/P_Portal/portal_publiek8/MapServer/847,geodata.antwerpen.be,200,ok,2026-09-29
https://geodata.antwerpen.be/arcgissql/rest/services/P_Portal/portal_publiek8/MapServer/848,geodata.antwerpen.be,200,ok,2026-09-29
https://geodata.antwerpen.be/arcgissql/rest/services/P_Portal/portal_publiek8/MapServer/849,geodata.antwerpen.be,200,ok,2026-09-29
https://geodata.antwerpen.be/arcgissql/rest/services/P_Portal/portal_publiek8/MapServer/850,geodata.antwerpen.be,200,ok,2026-09-29
https://geodata.antwerpen.be/arcgissql/rest/services/P_Portal/portal_publiek8/MapServer/851,geodata.antwerpen.be,200,ok,2026-09-29
https://geodata.antwerpen.be/arcgissql/rest/services/P_Portal/portal_publiek8/MapServer/852,geodata.antwerpen.be,200,ok,2026-09-29
https://geodata.antwerpen.be/arcgissql/rest/services/P_Portal/portal_publiek8/MapServer/853,geodata.antwerpen.be,200,ok,2026-09-29
https://geodata.antwerpen.be/arcgissql/rest/services/P_Portal/portal_publiek8/MapServer/854,geodata.antwerpen.be,200,ok,2026-09-29
https://geodata.antwerpen.be/arcgissql/rest/services/P_Portal/portal_publiek8/MapServer/855,geodata.antwerpen.be,200,ok,2026-09-29
https://geodata.antwerpen.be/arcgissql/rest/services/P_Portal/portal_publiek8/MapServer/856,geodata.antwerpen.be,200,ok,2026-09-29
https://geodata.antwerpen.be/arcgissql/rest/services/P_Portal/portal_publiek8/MapServer/857,geodata.antwerpen.be,200,ok,2026-09-29
https://geodata.antwerpen.be/arcgissql/rest/services/P_Portal/portal_publiek8/MapServer/859,geodata.antwerpen.be,200,ok,2026-09-29
https://geodata.antwerpen.be/arcgissql/rest/services/P_Portal/portal_publiek8/MapServer/860,geodata.antwerpen.be,200,ok,2026-09-29
https://geodata.antwerpen.be/arcgissql/rest/services/P_Portal/portal_publiek9/MapServer/889,geodata.antwerpen.be,200,ok,2026-09-29
https://geodata.antwerpen.be/arcgissql/rest/services/P_Portal/portal_publiek9/MapServer/903,geodata.antwerpen.be,200,ok,2026-09-29
https://geodata.antwerpen.be/arcgissql/rest/services/P_Portal/portal_publiek9/MapServer/904,geodata.antwerpen.be,200,ok,2026-09-29
https://geodata.antwerpen.be/arcgissql/rest/services/P_Portal/portal_publiek9/MapServer/905,geodata.antwerpen.be,200,ok,2026-09-29
https://geodata.antwerpen.be/arcgissql/rest/services/P_Portal/portal_publiek9/MapServer/907,geodata.antwerpen.be,200,ok,2026-09-29
https://geodata.antwerpen.be/arcgissql/rest/services/P_Portal/portal_publiek9/MapServer/908,geodata.antwerpen.be,200,ok,2026-09-29
https://geodata.antwerpen.be/arcgissql/rest/services/P_Portal/portal_publiek9/MapServer/909,geodata.antwerpen.be,200,ok,2026-09-29
https://geodata.antwerpen.be/arcgissql/rest/services/P_Portal/portal_publiek9/MapServer/910,geodata.antwerpen.be,200,ok,2026-09-29
https://geodata.antwerpen.be/arcgissql/rest/services/P_Portal/portal_publiek9/MapServer/911,geodata.antwerpen.be,200,ok,2026-09-29
https://geodata.antwerpen.be/arcgissql/rest/services/P_Portal/portal_publiek9/MapServer/912,geodata.antwerpen.be,200,ok,2026-09-29
https://geodata.antwerpen.be/arcgissql/rest/services/P_Portal/portal_publiek9/MapServer/913,geodata.antwerpen.be,200,ok,2026-09-29
https://geodata.antwerpen.be/arcgissql/rest/services/P_Portal/portal_publiek9/MapServer/914,geodata.antwerpen.be,200,ok,2026-09-29
https://geodata.antwerpen.be/arcgissql/rest/services/P_Portal/portal_publiek9/MapServer/915,geodata.antwerpen.be,200,ok,2026-09-29
https://geodata.antwerpen.be/arcgissql/rest/services/P_Portal/portal_publiek9/MapServer/916,geodata.antwerpen.be,200,ok,2026-09-29
https://geodata.antwerpen.be/arcgissql/rest/services/P_Portal/portal_publiek9/MapServer/917,geodata.antwerpen.be,200,ok,2026-09-29
https://geodata.antwerpen.be/arcgissql/rest/services/P_Portal/portal_publiek9/MapServer/918,geodata.antwerpen.be,200,ok,2026-09-29
https://geodata.antwerpen.be/arcgissql/rest/services/P_Portal/portal_publiek9/MapServer/934,geodata.antwerpen.be,200,ok,2026-09-29
https://geodata.antwerpen.be/arcgissql/rest/services/P_Portal/portal_publiek9/MapServer/936,geodata.antwerpen.be,200,ok,2026-09-29
https://geodata.antwerpen.be/arcgissql/rest/services/P_Portal/portal_publiek9/MapServer/937,geodata.antwerpen.be,200,ok,2026-09-29
https://geodata.antwerpen.be/arcgissql/rest/services/P_Portal/portal_publiek9/MapServer/938,geodata.antwerpen.be,404,dead,2026-09-29
https://geodata.zuid-holland.nl/geoserver/landelijk_gebied/wfs,geodata.zuid-holland.nl,400,error,2026-09-29
https://geohub-zuid-holland.hub.arcgis.com/items/42af2197db2c4141899fe3aab2c0af53,geohub-zuid-holland.hub.arcgis.com,200,ok,2026-09-29
https://iknl.nl/kankeratlas,iknl.nl,200,ok,2026-09-29
https://jbb.gov.co/sigau/,jbb.gov.co,200,ok,2026-09-29
https://media.sport.vlaanderen/m/6349db7af8b1e9ac/original/Historische-reeks-Sportclubs-per-gemeente-2014-2024.xlsx,media.sport.vlaanderen,200,ok,2026-09-29
https://media.sport.vlaanderen/m/7d8c1ee26ef48168/original/Historische-reeks-Sporters-per-gemeente-2014-2024.xlsx,media.sport.vlaanderen,200,ok,2026-09-29
https://metadata.vlaanderen.be/srv/api/records/621a818c-273b-4d33-86fa-0fc9d549b786,metadata.vlaanderen.be,200,ok,2026-09-29
https://metadata.vlaanderen.be/srv/api/records/c91e9b9d-6465-4dec-beeb-16fdc6d759a0,metadata.vlaanderen.be,200,ok,2026-09-29
https://microdata.ubos.org/index.php/catalog/81,microdata.ubos.org,404,dead,2026-09-29
https://microdata.worldbank.org/index.php/catalog/2979,microdata.worldbank.org,200,ok,2026-09-29
https://microdatos.dane.gov.co/index.php/catalog/743,microdatos.dane.gov.co,200,ok,2026-09-29
https://mrdh.nl/fietsroutes,mrdh.nl,200,ok,2026-09-29
https://mrdh.nl/mfr-westlandrotterdam,mrdh.nl,200,ok,2026-09-29
https://oab.ambientebogota.gov.co/arboles-por-habitante/,oab.ambientebogota.gov.co,200,ok,2026-09-29
https://oab.ambientebogota.gov.co/cobertura-arborea/,oab.ambientebogota.gov.co,200,ok,2026-09-29
https://oab.ambientebogota.gov.co/dioxido-de-nitrogeno-promedio-anual/,oab.ambientebogota.gov.co,200,ok,2026-09-29
https://obcine.nijz.si/kazalniki/,obcine.nijz.si,200,ok,2026-09-29
https://obcine.nijz.si/kazalniki/K2.1,obcine.nijz.si,200,ok,2026-09-29
https://obcine.nijz.si/kazalniki/K2.12,obcine.nijz.si,200,ok,2026-09-29
https://obcine.nijz.si/kazalniki/K2.13,obcine.nijz.si,200,ok,2026-09-29
https://obcine.nijz.si/kazalniki/K2.2,obcine.nijz.si,200,ok,2026-09-29
https://obcine.nijz.si/kazalniki/K2.5,obcine.nijz.si,200,ok,2026-09-29
https://obcine.nijz.si/kazalniki/K2.6,obcine.nijz.si,200,ok,2026-09-29
https://obcine.nijz.si/kazalniki/K2.9,obcine.nijz.si,200,ok,2026-09-29
https://obcine.nijz.si/kazalniki/K4.1,obcine.nijz.si,200,ok,2026-09-29
https://obcine.nijz.si/kazalniki/K4.16,obcine.nijz.si,200,ok,2026-09-29
https://obcine.nijz.si/kazalniki/K4.5,obcine.nijz.si,200,ok,2026-09-29
https://obcine.nijz.si/kazalniki/K4.6,obcine.nijz.si,200,ok,2026-09-29
https://obcine.nijz.si/kazalniki/K4.8,obcine.nijz.si,200,ok,2026-09-29
https://obcine.nijz.si/kazalniki/K4.9,obcine.nijz.si,200,ok,2026-09-29
https://obcine.nijz.si/kazalniki/K5.2,obcine.nijz.si,200,ok,2026-09-29
https://obcine.nijz.si/kazalniki/K5.3,obcine.nijz.si,200,ok,2026-09-29
https://observatorio.movilidadbogota.gov.co/indicadores-movilidad,observatorio.movilidadbogota.gov.co,200,ok,2026-09-29
https://onderzoek010.nl/jive,onderzoek010.nl,URLError,unreachable,2026-09-29
https://opendata.apps.mow.vlaanderen.be/fietstellingen/index.html,opendata.apps.mow.vlaanderen.be,200,ok,2026-09-29
https://podatki.gov.si/dataset/kataster-nepremicnin,podatki.gov.si,200,ok,2026-09-29
https://podatki.gov.si/dataset/zbirni-kataster-gospodarske-javne-infrastrukture,podatki.gov.si,200,ok,2026-09-29
https://podatki.nijz.si/pxweb/sl/NIJZ%20podatkovni%20portal/NIJZ%20podatkovni%20portal__9%20Prikazi%20po%20ob%C4%8Dinah/,podatki.nijz.si,200,ok,2026-09-29
https://pxweb.stat.si/SiStatData/pxweb/en/Data/-/05L1020S.px,pxweb.stat.si,200,ok,2026-09-29
https://pxweb.stat.si/SiStatData/pxweb/en/Data/-/05W0303S.px,pxweb.stat.si,200,ok,2026-09-29
https://pxweb.stat.si/SiStatData/pxweb/en/Data/-/05W0304S.px,pxweb.stat.si,200,ok,2026-09-29
https://pxweb.stat.si/SiStatData/pxweb/en/Data/-/05W0503S.px,pxweb.stat.si,200,ok,2026-09-29
https://pxweb.stat.si/SiStatData/pxweb/en/Data/-/05W0903S.px,pxweb.stat.si,200,ok,2026-09-29
https://pxweb.stat.si/SiStatData/pxweb/en/Data/-/05W1103S.px,pxweb.stat.si,200,ok,2026-09-29
https://pxweb.stat.si/SiStatData/pxweb/en/Data/-/0887601S.px,pxweb.stat.si,200,ok,2026-09-29
https://pxweb.stat.si/SiStatData/pxweb/en/Data/-/0887602S.px,pxweb.stat.si,200,ok,2026-09-29
https://pxweb.stat.si/SiStatData/pxweb/en/Data/-/0887603S.px,pxweb.stat.si,200,ok,2026-09-29
https://pxweb.stat.si/SiStatData/pxweb/en/Data/-/0887604S.px,pxweb.stat.si,200,ok,2026-09-29
https://pxweb.stat.si/SiStatData/pxweb/en/Data/-/0887605S.px,pxweb.stat.si,200,ok,2026-09-29
https://pxweb.stat.si/SiStatData/pxweb/en/Data/-/0887606S.px,pxweb.stat.si,200,ok,2026-09-29
https://pxweb.stat.si/SiStatData/pxweb/en/Data/-/0887607S.px,pxweb.stat.si,200,ok,2026-09-29
https://pxweb.stat.si/SiStatData/pxweb/en/Data/-/0888301S.px,pxweb.stat.si,200,ok,2026-09-29
https://pxweb.stat.si/SiStatData/pxweb/en/Data/-/0888302S.px,pxweb.stat.si,200,ok,2026-09-29
https://pxweb.stat.si/SiStatData/pxweb/en/Data/-/0888303S.px,pxweb.stat.si,200,ok,2026-09-29
https://pxweb.stat.si/SiStatData/pxweb/en/Data/-/0888304S.px,pxweb.stat.si,200,ok,2026-09-29
https://pxweb.stat.si/SiStatData/pxweb/en/Data/-/0888305S.px,pxweb.stat.si,200,ok,2026-09-29
https://pxweb.stat.si/SiStatData/pxweb/en/Data/-/0888306S.px,pxweb.stat.si,200,ok,2026-09-29
https://pxweb.stat.si/SiStatData/pxweb/en/Data/-/0888307S.px,pxweb.stat.si,200,ok,2026-09-29
https://pxweb.stat.si/SiStatData/pxweb/en/Data/-/0888308S.px,pxweb.stat.si,200,ok,2026-09-29
https://pxweb.stat.si/SiStatData/pxweb/en/Data/-/0888309S.px,pxweb.stat.si,200,ok,2026-09-29
https://pxweb.stat.si/SiStatData/pxweb/en/Data/-/0888310S.px,pxweb.stat.si,200,ok,2026-09-29
https://pxweb.stat.si/SiStatData/pxweb/en/Data/-/0888311S.px,pxweb.stat.si,200,ok,2026-09-29
https://pxweb.stat.si/SiStatData/pxweb/en/Data/-/0888312S.px,pxweb.stat.si,200,ok,2026-09-29
https://pxweb.stat.si/SiStatData/pxweb/en/Data/-/0888313S.px,pxweb.stat.si,200,ok,2026-09-29
https://pxweb.stat.si/SiStatData/pxweb/en/Data/-/0888314S.px,pxweb.stat.si,200,ok,2026-09-29
https://pxweb.stat.si/SiStatData/pxweb/en/Data/-/0888315S.px,pxweb.stat.si,200,ok,2026-09-29
https://pxweb.stat.si/SiStatData/pxweb/en/Data/-/0953271S.px,pxweb.stat.si,200,ok,2026-09-29
https://pxweb.stat.si/SiStatData/pxweb/en/Data/-/1516505S.px,pxweb.stat.si,200,ok,2026-09-29
https://pxweb.stat.si/SiStatData/pxweb/en/Data/-/1673120S.px,pxweb.stat.si,200,ok,2026-09-29
https://pxweb.stat.si/SiStatData/pxweb/en/Data/-/1673125S.px,pxweb.stat.si,200,ok,2026-09-29
https://pxweb.stat.si/SiStatData/pxweb/en/Data/-/2170110S.px,pxweb.stat.si,200,ok,2026-09-29
https://pxweb.stat.si/SiStatData/pxweb/en/Data/-/2170115S.px,pxweb.stat.si,200,ok,2026-09-29
https://pxweb.stat.si/SiStatData/pxweb/en/Data/-/2170125S.px,pxweb.stat.si,200,ok,2026-09-29
https://pxweb.stat.si/SiStatData/pxweb/en/Data/-/2170130S.px,pxweb.stat.si,200,ok,2026-09-29
https://pxweb.stat.si/SiStatData/pxweb/en/Data/-/2170138S.px,pxweb.stat.si,200,ok,2026-09-29
https://pxweb.stat.si/SiStatData/pxweb/en/Data/-/2170140S.px,pxweb.stat.si,200,ok,2026-09-29
https://pxweb.stat.si/SiStatData/pxweb/en/Data/-/2170141S.px,pxweb.stat.si,200,ok,2026-09-29
https://pxweb.stat.si/SiStatData/pxweb/en/Data/-/2170142S.px,pxweb.stat.si,200,ok,2026-09-29
https://pxweb.stat.si/SiStatData/pxweb/en/Data/-/2170209S.px,pxweb.stat.si,200,ok,2026-09-29
https://pxweb.stat.si/SiStatData/pxweb/en/Data/-/2170210S.px,pxweb.stat.si,200,ok,2026-09-29
https://pxweb.stat.si/SiStatData/pxweb/en/Data/-/2170211S.px,pxweb.stat.si,200,ok,2026-09-29
https://pxweb.stat.si/SiStatData/pxweb/en/Data/-/2170217S.px,pxweb.stat.si,200,ok,2026-09-29
https://pxweb.stat.si/SiStatData/pxweb/en/Data/-/2170219S.px,pxweb.stat.si,200,ok,2026-09-29
https://pxweb.stat.si/SiStatData/pxweb/en/Data/-/2170220S.px,pxweb.stat.si,200,ok,2026-09-29
https://pxweb.stat.si/SiStatData/pxweb/en/Data/-/2208501S.px,pxweb.stat.si,200,ok,2026-09-29
https://pxweb.stat.si/SiStatData/pxweb/en/Data/-/2208591S.px,pxweb.stat.si,200,ok,2026-09-29
https://pxweb.stat.si/SiStatData/pxweb/en/Data/-/2221101S.px,pxweb.stat.si,200,ok,2026-09-29
https://pxweb.stat.si/SiStatData/pxweb/en/Data/-/2221103S.px,pxweb.stat.si,200,ok,2026-09-29
https://pxweb.stat.si/SiStatData/pxweb/en/Data/-/2221104S.px,pxweb.stat.si,200,ok,2026-09-29
https://pxweb.stat.si/SiStatData/pxweb/en/Data/-/2221105S.px,pxweb.stat.si,200,ok,2026-09-29
https://pxweb.stat.si/SiStatData/pxweb/en/Data/-/2221110S.px,pxweb.stat.si,200,ok,2026-09-29
https://pxweb.stat.si/SiStatData/pxweb/en/Data/-/2221115S.px,pxweb.stat.si,200,ok,2026-09-29
https://pxweb.stat.si/SiStatData/pxweb/en/Data/-/2221401S.px,pxweb.stat.si,200,ok,2026-09-29
https://pxweb.stat.si/SiStatData/pxweb/en/Data/-/2221402S.px,pxweb.stat.si,200,ok,2026-09-29
https://pxweb.stat.si/SiStatData/pxweb/en/Data/-/2221404S.px,pxweb.stat.si,200,ok,2026-09-29
https://pxweb.stat.si/SiStatData/pxweb/en/Data/-/2221405S.px,pxweb.stat.si,200,ok,2026-09-29
https://pxweb.stat.si/SiStatData/pxweb/en/Data/-/2221406S.px,pxweb.stat.si,200,ok,2026-09-29
https://pxweb.stat.si/SiStatData/pxweb/en/Data/-/2221490S.px,pxweb.stat.si,200,ok,2026-09-29
https://pxweb.stat.si/SiStatData/pxweb/en/Data/-/2221491S.px,pxweb.stat.si,200,ok,2026-09-29
https://pxweb.stat.si/SiStatData/pxweb/en/Data/-/2221495S.px,pxweb.stat.si,200,ok,2026-09-29
https://pxweb.stat.si/SiStatData/pxweb/en/Data/-/2221496S.px,pxweb.stat.si,200,ok,2026-09-29
https://pxweb.stat.si/SiStatData/pxweb/en/Data/-/2221497S.px,pxweb.stat.si,200,ok,2026-09-29
https://pxweb.stat.si/SiStatData/pxweb/en/Data/-/2221601S.px,pxweb.stat.si,200,ok,2026-09-29
https://pxweb.stat.si/SiStatData/pxweb/en/Data/-/2221607S.px,pxweb.stat.si,200,ok,2026-09-29
https://pxweb.stat.si/SiStatData/pxweb/en/Data/-/2222001S.px,pxweb.stat.si,200,ok,2026-09-29
https://pxweb.stat.si/SiStatData/pxweb/en/Data/-/2222002S.px,pxweb.stat.si,200,ok,2026-09-29
https://pxweb.stat.si/SiStatData/pxweb/en/Data/-/2222003S.px,pxweb.stat.si,200,ok,2026-09-29
https://pxweb.stat.si/SiStatData/pxweb/en/Data/-/2222004S.px,pxweb.stat.si,200,ok,2026-09-29
https://pxweb.stat.si/SiStatData/pxweb/en/Data/-/2222005S.px,pxweb.stat.si,200,ok,2026-09-29
https://pxweb.stat.si/SiStatData/pxweb/en/Data/-/2222006S.px,pxweb.stat.si,200,ok,2026-09-29
https://pxweb.stat.si/SiStatData/pxweb/en/Data/-/2222008S.px,pxweb.stat.si,200,ok,2026-09-29
https://pxweb.stat.si/SiStatData/pxweb/en/Data/-/2281102S.px,pxweb.stat.si,200,ok,2026-09-29
https://pxweb.stat.si/SiStatData/pxweb/en/Data/-/2281106S.px,pxweb.stat.si,200,ok,2026-09-29
https://pxweb.stat.si/SiStatData/pxweb/en/Data/-/2281108S.px,pxweb.stat.si,200,ok,2026-09-29
https://pxweb.stat.si/SiStatData/pxweb/en/Data/-/2281110S.px,pxweb.stat.si,200,ok,2026-09-29
https://pxweb.stat.si/SiStatData/pxweb/en/Data/-/2281121S.px,pxweb.stat.si,200,ok,2026-09-29
https://pxweb.stat.si/SiStatData/pxweb/en/Data/-/2281123S.px,pxweb.stat.si,200,ok,2026-09-29
https://pxweb.stat.si/SiStatData/pxweb/en/Data/-/2281125S.px,pxweb.stat.si,200,ok,2026-09-29
https://pxweb.stat.si/SiStatData/pxweb/en/Data/-/2281127S.px,pxweb.stat.si,200,ok,2026-09-29
https://pxweb.stat.si/SiStatData/pxweb/en/Data/-/2281145S.px,pxweb.stat.si,200,ok,2026-09-29
https://pxweb.stat.si/SiStatData/pxweb/en/Data/-/2281146S.px,pxweb.stat.si,200,ok,2026-09-29
https://pxweb.stat.si/SiStatData/pxweb/en/Data/-/2281147S.px,pxweb.stat.si,200,ok,2026-09-29
https://pxweb.stat.si/SiStatData/pxweb/en/Data/-/2281148S.px,pxweb.stat.si,200,ok,2026-09-29
https://pxweb.stat.si/SiStatData/pxweb/en/Data/-/2281149S.px,pxweb.stat.si,200,ok,2026-09-29
https://pxweb.stat.si/SiStatData/pxweb/en/Data/-/2281155S.px,pxweb.stat.si,200,ok,2026-09-29
https://pxweb.stat.si/SiStatData/pxweb/en/Data/-/2281156S.px,pxweb.stat.si,200,ok,2026-09-29
https://pxweb.stat.si/SiStatData/pxweb/en/Data/-/2281157S.px,pxweb.stat.si,200,ok,2026-09-29
https://pxweb.stat.si/SiStatData/pxweb/en/Data/-/2281158S.px,pxweb.stat.si,200,ok,2026-09-29
https://pxweb.stat.si/SiStatData/pxweb/en/Data/-/2281159S.px,pxweb.stat.si,200,ok,2026-09-29
https://pxweb.stat.si/SiStatData/pxweb/en/Data/-/2281201S.px,pxweb.stat.si,200,ok,2026-09-29
https://pxweb.stat.si/SiStatData/pxweb/en/Data/-/2281202S.px,pxweb.stat.si,200,ok,2026-09-29
https://pxweb.stat.si/SiStatData/pxweb/en/Data/-/2281205S.px,pxweb.stat.si,500,dead,2026-09-29
https://pxweb.stat.si/SiStatData/pxweb/en/Data/-/2281206S.px,pxweb.stat.si,500,dead,2026-09-29
https://pxweb.stat.si/SiStatData/pxweb/en/Data/-/2281211S.px,pxweb.stat.si,500,dead,2026-09-29
https://pxweb.stat.si/SiStatData/pxweb/en/Data/-/2281212S.px,pxweb.stat.si,500,dead,2026-09-29
https://pxweb.stat.si/SiStatData/pxweb/en/Data/-/2281213S.px,pxweb.stat.si,500,dead,2026-09-29
https://pxweb.stat.si/SiStatData/pxweb/en/Data/-/2281221S.px,pxweb.stat.si,500,dead,2026-09-29
https://pxweb.stat.si/SiStatData/pxweb/en/Data/-/2281222S.px,pxweb.stat.si,500,dead,2026-09-29
https://pxweb.stat.si/SiStatData/pxweb/en/Data/-/2281223S.px,pxweb.stat.si,500,dead,2026-09-29
https://pxweb.stat.si/SiStatData/pxweb/en/Data/-/2281231S.px,pxweb.stat.si,500,dead,2026-09-29
https://pxweb.stat.si/SiStatData/pxweb/en/Data/-/2281232S.px,pxweb.stat.si,500,dead,2026-09-29
https://pxweb.stat.si/SiStatData/pxweb/en/Data/-/2281233S.px,pxweb.stat.si,500,dead,2026-09-29
https://pxweb.stat.si/SiStatData/pxweb/en/Data/-/2281234S.px,pxweb.stat.si,500,dead,2026-09-29
https://pxweb.stat.si/SiStatData/pxweb/en/Data/-/2281241S.px,pxweb.stat.si,500,dead,2026-09-29
https://pxweb.stat.si/SiStatData/pxweb/en/Data/-/2281242S.px,pxweb.stat.si,500,dead,2026-09-29
https://pxweb.stat.si/SiStatData/pxweb/en/Data/-/2281243S.px,pxweb.stat.si,500,dead,2026-09-29
https://pxweb.stat.si/SiStatData/pxweb/en/Data/-/2281251S.px,pxweb.stat.si,500,dead,2026-09-29
https://pxweb.stat.si/SiStatData/pxweb/en/Data/-/2281252S.px,pxweb.stat.si,500,dead,2026-09-29
https://pxweb.stat.si/SiStatData/pxweb/en/Data/-/2281253S.px,pxweb.stat.si,500,dead,2026-09-29
https://pxweb.stat.si/SiStatData/pxweb/en/Data/-/2281254S.px,pxweb.stat.si,500,dead,2026-09-29
https://pxweb.stat.si/SiStatData/pxweb/en/Data/-/2281255S.px,pxweb.stat.si,500,dead,2026-09-29
https://pxweb.stat.si/SiStatData/pxweb/en/Data/-/2281256S.px,pxweb.stat.si,500,dead,2026-09-29
https://pxweb.stat.si/SiStatData/pxweb/en/Data/-/2281257S.px,pxweb.stat.si,500,dead,2026-09-29
https://pxweb.stat.si/SiStatData/pxweb/en/Data/-/2281258S.px,pxweb.stat.si,500,dead,2026-09-29
https://pxweb.stat.si/SiStatData/pxweb/en/Data/-/2281262S.px,pxweb.stat.si,200,ok,2026-09-29
https://pxweb.stat.si/SiStatData/pxweb/en/Data/-/2281264S.px,pxweb.stat.si,500,dead,2026-09-29
https://pxweb.stat.si/SiStatData/pxweb/en/Data/-/2281265S.px,pxweb.stat.si,500,dead,2026-09-29
https://pxweb.stat.si/SiStatData/pxweb/en/Data/-/2281266S.px,pxweb.stat.si,500,dead,2026-09-29
https://pxweb.stat.si/SiStatData/pxweb/en/Data/-/2281267S.px,pxweb.stat.si,500,dead,2026-09-29
https://pxweb.stat.si/SiStatData/pxweb/en/Data/-/2281268S.px,pxweb.stat.si,500,dead,2026-09-29
https://pxweb.stat.si/SiStatData/pxweb/en/Data/-/2281271S.px,pxweb.stat.si,200,ok,2026-09-29
https://pxweb.stat.si/SiStatData/pxweb/en/Data/-/2281272S.px,pxweb.stat.si,500,dead,2026-09-29
https://pxweb.stat.si/SiStatData/pxweb/en/Data/-/2281274S.px,pxweb.stat.si,500,dead,2026-09-29
https://pxweb.stat.si/SiStatData/pxweb/en/Data/-/2281275S.px,pxweb.stat.si,500,dead,2026-09-29
https://pxweb.stat.si/SiStatData/pxweb/en/Data/-/2281276S.px,pxweb.stat.si,500,dead,2026-09-29
https://pxweb.stat.si/SiStatData/pxweb/en/Data/-/2281277S.px,pxweb.stat.si,500,dead,2026-09-29
https://pxweb.stat.si/SiStatData/pxweb/en/Data/-/2281278S.px,pxweb.stat.si,500,dead,2026-09-29
https://pxweb.stat.si/SiStatData/pxweb/en/Data/-/2281281S.px,pxweb.stat.si,200,ok,2026-09-29
https://pxweb.stat.si/SiStatData/pxweb/en/Data/-/2281282S.px,pxweb.stat.si,200,ok,2026-09-29
https://pxweb.stat.si/SiStatData/pxweb/en/Data/-/2281301S.px,pxweb.stat.si,200,ok,2026-09-29
https://pxweb.stat.si/SiStatData/pxweb/en/Data/-/2281302S.px,pxweb.stat.si,200,ok,2026-09-29
https://pxweb.stat.si/SiStatData/pxweb/en/Data/-/2281305S.px,pxweb.stat.si,200,ok,2026-09-29
https://pxweb.stat.si/SiStatData/pxweb/en/Data/-/2281306S.px,pxweb.stat.si,200,ok,2026-09-29
https://pxweb.stat.si/SiStatData/pxweb/en/Data/-/2281311S.px,pxweb.stat.si,200,ok,2026-09-29
https://pxweb.stat.si/SiStatData/pxweb/en/Data/-/2281312S.px,pxweb.stat.si,200,ok,2026-09-29
https://pxweb.stat.si/SiStatData/pxweb/en/Data/-/2281313S.px,pxweb.stat.si,200,ok,2026-09-29
https://pxweb.stat.si/SiStatData/pxweb/en/Data/-/2281321S.px,pxweb.stat.si,200,ok,2026-09-29
https://pxweb.stat.si/SiStatData/pxweb/en/Data/-/2281322S.px,pxweb.stat.si,200,ok,2026-09-29
https://pxweb.stat.si/SiStatData/pxweb/en/Data/-/2281323S.px,pxweb.stat.si,200,ok,2026-09-29
https://pxweb.stat.si/SiStatData/pxweb/en/Data/-/2281331S.px,pxweb.stat.si,200,ok,2026-09-29
https://pxweb.stat.si/SiStatData/pxweb/en/Data/-/2281332S.px,pxweb.stat.si,200,ok,2026-09-29
https://pxweb.stat.si/SiStatData/pxweb/en/Data/-/2281333S.px,pxweb.stat.si,200,ok,2026-09-29
https://pxweb.stat.si/SiStatData/pxweb/en/Data/-/2281341S.px,pxweb.stat.si,200,ok,2026-09-29
https://pxweb.stat.si/SiStatData/pxweb/en/Data/-/2281342S.px,pxweb.stat.si,200,ok,2026-09-29
https://pxweb.stat.si/SiStatData/pxweb/en/Data/-/2281344S.px,pxweb.stat.si,200,ok,2026-09-29
https://pxweb.stat.si/SiStatData/pxweb/en/Data/-/2281351S.px,pxweb.stat.si,200,ok,2026-09-29
https://pxweb.stat.si/SiStatData/pxweb/en/Data/-/2281352S.px,pxweb.stat.si,200,ok,2026-09-29
https://pxweb.stat.si/SiStatData/pxweb/en/Data/-/2281353S.px,pxweb.stat.si,200,ok,2026-09-29
https://pxweb.stat.si/SiStatData/pxweb/en/Data/-/2281354S.px,pxweb.stat.si,200,ok,2026-09-29
https://pxweb.stat.si/SiStatData/pxweb/en/Data/-/2281355S.px,pxweb.stat.si,200,ok,2026-09-29
https://pxweb.stat.si/SiStatData/pxweb/en/Data/-/2281356S.px,pxweb.stat.si,200,ok,2026-09-29
https://pxweb.stat.si/SiStatData/pxweb/en/Data/-/2281357S.px,pxweb.stat.si,200,ok,2026-09-29
https://pxweb.stat.si/SiStatData/pxweb/en/Data/-/2281358S.px,pxweb.stat.si,200,ok,2026-09-29
https://pxweb.stat.si/SiStatData/pxweb/en/Data/-/2281361S.px,pxweb.stat.si,200,ok,2026-09-29
https://pxweb.stat.si/SiStatData/pxweb/en/Data/-/2281362S.px,pxweb.stat.si,200,ok,2026-09-29
https://pxweb.stat.si/SiStatData/pxweb/en/Data/-/2281371S.px,pxweb.stat.si,200,ok,2026-09-29
https://pxweb.stat.si/SiStatData/pxweb/en/Data/-/2281372S.px,pxweb.stat.si,200,ok,2026-09-29
https://pxweb.stat.si/SiStatData/pxweb/en/Data/-/2281381S.px,pxweb.stat.si,200,ok,2026-09-29
https://pxweb.stat.si/SiStatData/pxweb/en/Data/-/2281382S.px,pxweb.stat.si,200,ok,2026-09-29
https://pxweb.stat.si/SiStatData/pxweb/en/Data/-/2281383S.px,pxweb.stat.si,200,ok,2026-09-29
https://pxweb.stat.si/SiStatData/pxweb/en/Data/-/2281384S.px,pxweb.stat.si,200,ok,2026-09-29
https://pxweb.stat.si/SiStatData/pxweb/en/Data/-/2281385S.px,pxweb.stat.si,200,ok,2026-09-29
https://pxweb.stat.si/SiStatData/pxweb/en/Data/-/2281401S.px,pxweb.stat.si,200,ok,2026-09-29
https://pxweb.stat.si/SiStatData/pxweb/en/Data/-/2281402S.px,pxweb.stat.si,200,ok,2026-09-29
https://pxweb.stat.si/SiStatData/pxweb/en/Data/-/2281405S.px,pxweb.stat.si,200,ok,2026-09-29
https://pxweb.stat.si/SiStatData/pxweb/en/Data/-/2281406S.px,pxweb.stat.si,200,ok,2026-09-29
https://pxweb.stat.si/SiStatData/pxweb/en/Data/-/2281411S.px,pxweb.stat.si,200,ok,2026-09-29
https://pxweb.stat.si/SiStatData/pxweb/en/Data/-/2281412S.px,pxweb.stat.si,200,ok,2026-09-29
https://pxweb.stat.si/SiStatData/pxweb/en/Data/-/2281422S.px,pxweb.stat.si,200,ok,2026-09-29
https://pxweb.stat.si/SiStatData/pxweb/en/Data/-/2281423S.px,pxweb.stat.si,200,ok,2026-09-29
https://pxweb.stat.si/SiStatData/pxweb/en/Data/-/2281431S.px,pxweb.stat.si,200,ok,2026-09-29
https://pxweb.stat.si/SiStatData/pxweb/en/Data/-/2281432S.px,pxweb.stat.si,200,ok,2026-09-29
https://pxweb.stat.si/SiStatData/pxweb/en/Data/-/2281433S.px,pxweb.stat.si,200,ok,2026-09-29
https://pxweb.stat.si/SiStatData/pxweb/en/Data/-/2281441S.px,pxweb.stat.si,200,ok,2026-09-29
https://pxweb.stat.si/SiStatData/pxweb/en/Data/-/2281442S.px,pxweb.stat.si,200,ok,2026-09-29
https://pxweb.stat.si/SiStatData/pxweb/en/Data/-/2281443S.px,pxweb.stat.si,200,ok,2026-09-29
https://pxweb.stat.si/SiStatData/pxweb/en/Data/-/2281451S.px,pxweb.stat.si,200,ok,2026-09-29
https://pxweb.stat.si/SiStatData/pxweb/en/Data/-/2281452S.px,pxweb.stat.si,200,ok,2026-09-29
https://pxweb.stat.si/SiStatData/pxweb/en/Data/-/2281453S.px,pxweb.stat.si,200,ok,2026-09-29
https://pxweb.stat.si/SiStatData/pxweb/en/Data/-/2281454S.px,pxweb.stat.si,200,ok,2026-09-29
https://pxweb.stat.si/SiStatData/pxweb/en/Data/-/2281455S.px,pxweb.stat.si,200,ok,2026-09-29
https://pxweb.stat.si/SiStatData/pxweb/en/Data/-/2281456S.px,pxweb.stat.si,200,ok,2026-09-29
https://pxweb.stat.si/SiStatData/pxweb/en/Data/-/2281462S.px,pxweb.stat.si,200,ok,2026-09-29
https://pxweb.stat.si/SiStatData/pxweb/en/Data/-/2281471S.px,pxweb.stat.si,200,ok,2026-09-29
https://pxweb.stat.si/SiStatData/pxweb/en/Data/-/2281472S.px,pxweb.stat.si,200,ok,2026-09-29
https://pxweb.stat.si/SiStatData/pxweb/en/Data/-/2281481S.px,pxweb.stat.si,200,ok,2026-09-29
https://pxweb.stat.si/SiStatData/pxweb/en/Data/-/2281482S.px,pxweb.stat.si,200,ok,2026-09-29
https://pxweb.stat.si/SiStatData/pxweb/en/Data/-/2281502S.px,pxweb.stat.si,200,ok,2026-09-29
https://pxweb.stat.si/SiStatData/pxweb/en/Data/-/2281901S.px,pxweb.stat.si,200,ok,2026-09-29
https://pxweb.stat.si/SiStatData/pxweb/en/Data/-/2281902S.px,pxweb.stat.si,200,ok,2026-09-29
https://pxweb.stat.si/SiStatData/pxweb/en/Data/-/2281903S.px,pxweb.stat.si,200,ok,2026-09-29
https://pxweb.stat.si/SiStatData/pxweb/en/Data/-/2281904S.px,pxweb.stat.si,200,ok,2026-09-29
https://pxweb.stat.si/SiStatData/pxweb/en/Data/-/2281906S.px,pxweb.stat.si,200,ok,2026-09-29
https://pxweb.stat.si/SiStatData/pxweb/en/Data/-/2281907S.px,pxweb.stat.si,200,ok,2026-09-29
https://pxweb.stat.si/SiStatData/pxweb/en/Data/-/2281908S.px,pxweb.stat.si,200,ok,2026-09-29
https://pxweb.stat.si/SiStatData/pxweb/en/Data/-/2281909S.px,pxweb.stat.si,200,ok,2026-09-29
https://pxweb.stat.si/SiStatData/pxweb/en/Data/-/2281911S.px,pxweb.stat.si,200,ok,2026-09-29
https://pxweb.stat.si/SiStatData/pxweb/en/Data/-/2281912S.px,pxweb.stat.si,200,ok,2026-09-29
https://pxweb.stat.si/SiStatData/pxweb/en/Data/-/2281913S.px,pxweb.stat.si,200,ok,2026-09-29
https://pxweb.stat.si/SiStatData/pxweb/en/Data/-/2281921S.px,pxweb.stat.si,200,ok,2026-09-29
https://pxweb.stat.si/SiStatData/pxweb/en/Data/-/2281931S.px,pxweb.stat.si,200,ok,2026-09-29
https://pxweb.stat.si/SiStatData/pxweb/en/Data/-/2281932S.px,pxweb.stat.si,200,ok,2026-09-29
https://pxweb.stat.si/SiStatData/pxweb/en/Data/-/2281933S.px,pxweb.stat.si,200,ok,2026-09-29
https://pxweb.stat.si/SiStatData/pxweb/en/Data/-/2281941S.px,pxweb.stat.si,200,ok,2026-09-29
https://pxweb.stat.si/SiStatData/pxweb/en/Data/-/2281942S.px,pxweb.stat.si,200,ok,2026-09-29
https://pxweb.stat.si/SiStatData/pxweb/en/Data/-/2281943S.px,pxweb.stat.si,200,ok,2026-09-29
https://pxweb.stat.si/SiStatData/pxweb/en/Data/-/2281945S.px,pxweb.stat.si,200,ok,2026-09-29
https://pxweb.stat.si/SiStatData/pxweb/en/Data/-/2282001S.px,pxweb.stat.si,200,ok,2026-09-29
https://pxweb.stat.si/SiStatData/pxweb/en/Data/-/2284803S.px,pxweb.stat.si,200,ok,2026-09-29
https://pxweb.stat.si/SiStatData/pxweb/en/Data/-/2284805S.px,pxweb.stat.si,200,ok,2026-09-29
https://pxweb.stat.si/SiStatData/pxweb/en/Data/-/2640010S.px,pxweb.stat.si,200,ok,2026-09-29
https://pxweb.stat.si/SiStatData/pxweb/en/Data/-/2719901S.px,pxweb.stat.si,200,ok,2026-09-29
https://pxweb.stat.si/SiStatData/pxweb/en/Data/-/2719902S.px,pxweb.stat.si,200,ok,2026-09-29
https://pxweb.stat.si/SiStatData/pxweb/en/Data/-/2719991S.px,pxweb.stat.si,200,ok,2026-09-29
https://pxweb.stat.si/SiStatData/pxweb/en/Data/-/2787702S.px,pxweb.stat.si,200,ok,2026-09-29
https://pxweb.stat.si/SiStatData/pxweb/en/Data/-/3268602S.px,pxweb.stat.si,200,ok,2026-09-29
https://pxweb.stat.si/SiStatData/pxweb/en/Data/-/3268802S.px,pxweb.stat.si,200,ok,2026-09-29
https://pxweb.stat.si/SiStatData/pxweb/en/Data/-/3268803S.px,pxweb.stat.si,200,ok,2026-09-29
https://pxweb.stat.si/SiStatData/pxweb/en/Data/-/3269204S.px,pxweb.stat.si,200,ok,2026-09-29
https://pxweb.stat.si/SiStatData/pxweb/en/Data/-/H054S.px,pxweb.stat.si,200,ok,2026-09-29
https://s3-ant1.antwerpen.be/prd-open-data-datatank/raster/Hittekaart_dag.zip,s3-ant1.antwerpen.be,200,ok,2026-09-29
https://saludata.saludcapital.gov.co/osb/indicadores/malnutricion-de-18-a-64-anos/,saludata.saludcapital.gov.co,200,ok,2026-09-29
https://saludata.saludcapital.gov.co/osb/indicadores/malnutricion-de-5-a-17-anos/,saludata.saludcapital.gov.co,200,ok,2026-09-29
https://saludata.saludcapital.gov.co/osb/indicadores/mortalidad-enfermedades-cronicas/,saludata.saludcapital.gov.co,200,ok,2026-09-29
https://saludata.saludcapital.gov.co/osb/indicadores/mortalidad-prematura-cardiocerebrovascular/,saludata.saludcapital.gov.co,200,ok,2026-09-29
https://saludata.saludcapital.gov.co/osb/indicadores/mortalidad-prematura-enfermedades-respiratorias-bajas/,saludata.saludcapital.gov.co,200,ok,2026-09-29
https://service.pdok.nl/fietsplatform/regionale-fietsnetwerken/wms/v1_0,service.pdok.nl,200,ok,2026-09-29
https://services2.arcgis.com/NEwhEo9GGSHXcRXV/ArcGIS/rest/services/Estaciones_Sistema_de_Bicicletas_Compartidas/FeatureServer,services2.arcgis.com,200,ok,2026-09-29
https://services2.arcgis.com/NEwhEo9GGSHXcRXV/arcgis/rest/services/Bitacora_012025_/FeatureServer,services2.arcgis.com,200,ok,2026-09-29
https://services2.arcgis.com/NEwhEo9GGSHXcRXV/arcgis/rest/services/Bitacora_022025/FeatureServer,services2.arcgis.com,200,ok,2026-09-29
https://services2.arcgis.com/NEwhEo9GGSHXcRXV/arcgis/rest/services/Bitacora_032025/FeatureServer,services2.arcgis.com,200,ok,2026-09-29
https://services2.arcgis.com/NEwhEo9GGSHXcRXV/arcgis/rest/services/Bitacora_042024/FeatureServer,services2.arcgis.com,200,ok,2026-09-29
https://services2.arcgis.com/NEwhEo9GGSHXcRXV/arcgis/rest/services/Bitacora_042025/FeatureServer,services2.arcgis.com,200,ok,2026-09-29
https://services2.arcgis.com/NEwhEo9GGSHXcRXV/arcgis/rest/services/Bitacora_052024/FeatureServer,services2.arcgis.com,200,ok,2026-09-29
https://services2.arcgis.com/NEwhEo9GGSHXcRXV/arcgis/rest/services/Bitacora_052025/FeatureServer,services2.arcgis.com,200,ok,2026-09-29
https://services2.arcgis.com/NEwhEo9GGSHXcRXV/arcgis/rest/services/Bitacora_062024/FeatureServer,services2.arcgis.com,200,ok,2026-09-29
https://services2.arcgis.com/NEwhEo9GGSHXcRXV/arcgis/rest/services/Bitacora_062025_/FeatureServer,services2.arcgis.com,200,ok,2026-09-29
https://services2.arcgis.com/NEwhEo9GGSHXcRXV/arcgis/rest/services/Bitacora_072024/FeatureServer,services2.arcgis.com,200,ok,2026-09-29
https://services2.arcgis.com/NEwhEo9GGSHXcRXV/arcgis/rest/services/Bitacora_082025/FeatureServer,services2.arcgis.com,200,ok,2026-09-29
https://services2.arcgis.com/NEwhEo9GGSHXcRXV/arcgis/rest/services/Bitacora_092025/FeatureServer,services2.arcgis.com,200,ok,2026-09-29
https://services2.arcgis.com/NEwhEo9GGSHXcRXV/arcgis/rest/services/Bitacora_102024/FeatureServer,services2.arcgis.com,200,ok,2026-09-29
https://services2.arcgis.com/NEwhEo9GGSHXcRXV/arcgis/rest/services/Bitacora_122024/FeatureServer,services2.arcgis.com,200,ok,2026-09-29
https://services2.arcgis.com/NEwhEo9GGSHXcRXV/arcgis/rest/services/Camaras_Salvavidas_Bogota/FeatureServer,services2.arcgis.com,200,ok,2026-09-29
https://services2.arcgis.com/NEwhEo9GGSHXcRXV/arcgis/rest/services/Carril_Preferencial_SITP_Bogota_D_C/FeatureServer,services2.arcgis.com,200,ok,2026-09-29
https://services2.arcgis.com/NEwhEo9GGSHXcRXV/arcgis/rest/services/Ciclotalleres_2023/FeatureServer,services2.arcgis.com,200,ok,2026-09-29
https://services2.arcgis.com/NEwhEo9GGSHXcRXV/arcgis/rest/services/Ciclovias_Temporales/FeatureServer,services2.arcgis.com,200,ok,2026-09-29
https://services2.arcgis.com/NEwhEo9GGSHXcRXV/arcgis/rest/services/ComparendosDEI2018/FeatureServer,services2.arcgis.com,200,ok,2026-09-29
https://services2.arcgis.com/NEwhEo9GGSHXcRXV/arcgis/rest/services/Comparendos_2019_Bogota_D_C/FeatureServer,services2.arcgis.com,200,ok,2026-09-29
https://services2.arcgis.com/NEwhEo9GGSHXcRXV/arcgis/rest/services/Comparendos_2021_Bogota_D_C/FeatureServer,services2.arcgis.com,200,ok,2026-09-29
https://services2.arcgis.com/NEwhEo9GGSHXcRXV/arcgis/rest/services/Comparendos_DEI_2015/FeatureServer,services2.arcgis.com,200,ok,2026-09-29
https://services2.arcgis.com/NEwhEo9GGSHXcRXV/arcgis/rest/services/Comparendos_DEI_2016/FeatureServer,services2.arcgis.com,200,ok,2026-09-29
https://services2.arcgis.com/NEwhEo9GGSHXcRXV/arcgis/rest/services/Comparendos_DEI_2017/FeatureServer,services2.arcgis.com,200,ok,2026-09-29
https://services2.arcgis.com/NEwhEo9GGSHXcRXV/arcgis/rest/services/Comparendos_DEI_2020_Bogot%C3%A1_D_C/FeatureServer,services2.arcgis.com,200,ok,2026-09-29
https://services2.arcgis.com/NEwhEo9GGSHXcRXV/arcgis/rest/services/Conteo_Vehiculos_CGT_Bogot%C3%A1_D_C/FeatureServer,services2.arcgis.com,200,ok,2026-09-29
https://services2.arcgis.com/NEwhEo9GGSHXcRXV/arcgis/rest/services/Malla_Vial_Integral_Bogota_D_C/FeatureServer,services2.arcgis.com,200,ok,2026-09-29
https://services2.arcgis.com/NEwhEo9GGSHXcRXV/arcgis/rest/services/Nodo_de_Transporte_SITP_Bogot%C3%A1_D_C/FeatureServer,services2.arcgis.com,200,ok,2026-09-29
https://services2.arcgis.com/NEwhEo9GGSHXcRXV/arcgis/rest/services/Paraderos_SITP_Bogot%C3%A1_D_C/FeatureServer,services2.arcgis.com,200,ok,2026-09-29
https://services2.arcgis.com/NEwhEo9GGSHXcRXV/arcgis/rest/services/Sensores_Conteo_Bicicleta_Bogot%C3%A1_D_C/FeatureServer,services2.arcgis.com,200,ok,2026-09-29
https://services2.arcgis.com/NEwhEo9GGSHXcRXV/arcgis/rest/services/Velocidades_Bitcarrer_Febrero_2021/FeatureServer,services2.arcgis.com,200,ok,2026-09-29
https://services2.arcgis.com/NEwhEo9GGSHXcRXV/arcgis/rest/services/Velocidades_Bitcarrer_Noviembre_2021/FeatureServer,services2.arcgis.com,200,ok,2026-09-29
https://services2.arcgis.com/NEwhEo9GGSHXcRXV/arcgis/rest/services/Velocidades_Bitcarrier_Abril_2019/FeatureServer,services2.arcgis.com,200,ok,2026-09-29
https://services2.arcgis.com/NEwhEo9GGSHXcRXV/arcgis/rest/services/Velocidades_Bitcarrier_Abril_2020/FeatureServer,services2.arcgis.com,200,ok,2026-09-29
https://services2.arcgis.com/NEwhEo9GGSHXcRXV/arcgis/rest/services/Velocidades_Bitcarrier_Abril_2021/FeatureServer,services2.arcgis.com,200,ok,2026-09-29
https://services2.arcgis.com/NEwhEo9GGSHXcRXV/arcgis/rest/services/Velocidades_Bitcarrier_Abril_2022/FeatureServer,services2.arcgis.com,200,ok,2026-09-29
https://services2.arcgis.com/NEwhEo9GGSHXcRXV/arcgis/rest/services/Velocidades_Bitcarrier_Agosto_2019/FeatureServer,services2.arcgis.com,200,ok,2026-09-29
https://services2.arcgis.com/NEwhEo9GGSHXcRXV/arcgis/rest/services/Velocidades_Bitcarrier_Agosto_2020/FeatureServer,services2.arcgis.com,200,ok,2026-09-29
https://services2.arcgis.com/NEwhEo9GGSHXcRXV/arcgis/rest/services/Velocidades_Bitcarrier_Agosto_2021/FeatureServer,services2.arcgis.com,200,ok,2026-09-29
https://services2.arcgis.com/NEwhEo9GGSHXcRXV/arcgis/rest/services/Velocidades_Bitcarrier_Agosto_2022/FeatureServer,services2.arcgis.com,200,ok,2026-09-29
https://services2.arcgis.com/NEwhEo9GGSHXcRXV/arcgis/rest/services/Velocidades_Bitcarrier_Diciembre_2019/FeatureServer,services2.arcgis.com,200,ok,2026-09-29
https://services2.arcgis.com/NEwhEo9GGSHXcRXV/arcgis/rest/services/Velocidades_Bitcarrier_Diciembre_2020/FeatureServer,services2.arcgis.com,200,ok,2026-09-29
https://services2.arcgis.com/NEwhEo9GGSHXcRXV/arcgis/rest/services/Velocidades_Bitcarrier_Diciembre_2021/FeatureServer,services2.arcgis.com,200,ok,2026-09-29
https://services2.arcgis.com/NEwhEo9GGSHXcRXV/arcgis/rest/services/Velocidades_Bitcarrier_Enero_2020/FeatureServer,services2.arcgis.com,200,ok,2026-09-29
https://services2.arcgis.com/NEwhEo9GGSHXcRXV/arcgis/rest/services/Velocidades_Bitcarrier_Enero_2021/FeatureServer,services2.arcgis.com,200,ok,2026-09-29
https://services2.arcgis.com/NEwhEo9GGSHXcRXV/arcgis/rest/services/Velocidades_Bitcarrier_Enero_2022/FeatureServer,services2.arcgis.com,200,ok,2026-09-29
https://services2.arcgis.com/NEwhEo9GGSHXcRXV/arcgis/rest/services/Velocidades_Bitcarrier_Febrero_2019/FeatureServer,services2.arcgis.com,200,ok,2026-09-29
https://services2.arcgis.com/NEwhEo9GGSHXcRXV/arcgis/rest/services/Velocidades_Bitcarrier_Febrero_2020/FeatureServer,services2.arcgis.com,200,ok,2026-09-29
https://services2.arcgis.com/NEwhEo9GGSHXcRXV/arcgis/rest/services/Velocidades_Bitcarrier_Febrero_2022/FeatureServer,services2.arcgis.com,200,ok,2026-09-29
https://services2.arcgis.com/NEwhEo9GGSHXcRXV/arcgis/rest/services/Velocidades_Bitcarrier_Julio_2019/FeatureServer,services2.arcgis.com,200,ok,2026-09-29
https://services2.arcgis.com/NEwhEo9GGSHXcRXV/arcgis/rest/services/Velocidades_Bitcarrier_Julio_2020/FeatureServer,services2.arcgis.com,200,ok,2026-09-29
https://services2.arcgis.com/NEwhEo9GGSHXcRXV/arcgis/rest/services/Velocidades_Bitcarrier_Julio_2021/FeatureServer,services2.arcgis.com,200,ok,2026-09-29
https://services2.arcgis.com/NEwhEo9GGSHXcRXV/arcgis/rest/services/Velocidades_Bitcarrier_Julio_2022/FeatureServer,services2.arcgis.com,200,ok,2026-09-29
https://services2.arcgis.com/NEwhEo9GGSHXcRXV/arcgis/rest/services/Velocidades_Bitcarrier_Junio_2019/FeatureServer,services2.arcgis.com,200,ok,2026-09-29
https://services2.arcgis.com/NEwhEo9GGSHXcRXV/arcgis/rest/services/Velocidades_Bitcarrier_Junio_2020/FeatureServer,services2.arcgis.com,200,ok,2026-09-29
https://services2.arcgis.com/NEwhEo9GGSHXcRXV/arcgis/rest/services/Velocidades_Bitcarrier_Junio_2021/FeatureServer,services2.arcgis.com,200,ok,2026-09-29
https://services2.arcgis.com/NEwhEo9GGSHXcRXV/arcgis/rest/services/Velocidades_Bitcarrier_Junio_2022/FeatureServer,services2.arcgis.com,200,ok,2026-09-29
https://services2.arcgis.com/NEwhEo9GGSHXcRXV/arcgis/rest/services/Velocidades_Bitcarrier_Marzo_2019/FeatureServer,services2.arcgis.com,200,ok,2026-09-29
https://services2.arcgis.com/NEwhEo9GGSHXcRXV/arcgis/rest/services/Velocidades_Bitcarrier_Marzo_2020/FeatureServer,services2.arcgis.com,200,ok,2026-09-29
https://services2.arcgis.com/NEwhEo9GGSHXcRXV/arcgis/rest/services/Velocidades_Bitcarrier_Marzo_2021/FeatureServer,services2.arcgis.com,200,ok,2026-09-29
https://services2.arcgis.com/NEwhEo9GGSHXcRXV/arcgis/rest/services/Velocidades_Bitcarrier_Marzo_2022/FeatureServer,services2.arcgis.com,200,ok,2026-09-29
https://services2.arcgis.com/NEwhEo9GGSHXcRXV/arcgis/rest/services/Velocidades_Bitcarrier_Mayo_2019/FeatureServer,services2.arcgis.com,200,ok,2026-09-29
https://services2.arcgis.com/NEwhEo9GGSHXcRXV/arcgis/rest/services/Velocidades_Bitcarrier_Mayo_2020/FeatureServer,services2.arcgis.com,200,ok,2026-09-29
https://services2.arcgis.com/NEwhEo9GGSHXcRXV/arcgis/rest/services/Velocidades_Bitcarrier_Mayo_2021/FeatureServer,services2.arcgis.com,200,ok,2026-09-29
https://services2.arcgis.com/NEwhEo9GGSHXcRXV/arcgis/rest/services/Velocidades_Bitcarrier_Mayo_2022/FeatureServer,services2.arcgis.com,200,ok,2026-09-29
https://services2.arcgis.com/NEwhEo9GGSHXcRXV/arcgis/rest/services/Velocidades_Bitcarrier_Noviembre_2019/FeatureServer,services2.arcgis.com,200,ok,2026-09-29
https://services2.arcgis.com/NEwhEo9GGSHXcRXV/arcgis/rest/services/Velocidades_Bitcarrier_Noviembre_2020/FeatureServer,services2.arcgis.com,200,ok,2026-09-29
https://services2.arcgis.com/NEwhEo9GGSHXcRXV/arcgis/rest/services/Velocidades_Bitcarrier_Noviembre_2022/FeatureServer,services2.arcgis.com,200,ok,2026-09-29
https://services2.arcgis.com/NEwhEo9GGSHXcRXV/arcgis/rest/services/Velocidades_Bitcarrier_Octubre_2019/FeatureServer,services2.arcgis.com,200,ok,2026-09-29
https://services2.arcgis.com/NEwhEo9GGSHXcRXV/arcgis/rest/services/Velocidades_Bitcarrier_Octubre_2020/FeatureServer,services2.arcgis.com,200,ok,2026-09-29
https://services2.arcgis.com/NEwhEo9GGSHXcRXV/arcgis/rest/services/Velocidades_Bitcarrier_Octubre_2021/FeatureServer,services2.arcgis.com,200,ok,2026-09-29
https://services2.arcgis.com/NEwhEo9GGSHXcRXV/arcgis/rest/services/Velocidades_Bitcarrier_Octubre_2022/FeatureServer,services2.arcgis.com,200,ok,2026-09-29
https://services2.arcgis.com/NEwhEo9GGSHXcRXV/arcgis/rest/services/Velocidades_Bitcarrier_Septiembre_2019/FeatureServer,services2.arcgis.com,200,ok,2026-09-29
https://services2.arcgis.com/NEwhEo9GGSHXcRXV/arcgis/rest/services/Velocidades_Bitcarrier_Septiembre_2020/FeatureServer,services2.arcgis.com,200,ok,2026-09-29
https://services2.arcgis.com/NEwhEo9GGSHXcRXV/arcgis/rest/services/Velocidades_Bitcarrier_Septiembre_2021/FeatureServer,services2.arcgis.com,200,ok,2026-09-29
https://services2.arcgis.com/NEwhEo9GGSHXcRXV/arcgis/rest/services/Velocidades_Bitcarrier_Septiembre_2022/FeatureServer,services2.arcgis.com,200,ok,2026-09-29
https://services2.arcgis.com/NEwhEo9GGSHXcRXV/arcgis/rest/services/Zonas_Amarillas_Bogota_DC/FeatureServer,services2.arcgis.com,200,ok,2026-09-29
https://services5.arcgis.com/bHvzrGGxW8wP6Utm/ArcGIS/rest/services/SISTEMA_VIAL_METROPOLITANO/FeatureServer,services5.arcgis.com,200,ok,2026-09-29
https://sig.simur.gov.co/arcgis/home/item.html?id=003a8a9e49e0405fb63a3ac8347390ec,sig.simur.gov.co,URLError,unreachable,2026-09-29
https://sig.simur.gov.co/arcgis/home/item.html?id=005457e735b54d4f824e4c611eb3c8b0,sig.simur.gov.co,URLError,unreachable,2026-09-29
https://sig.simur.gov.co/arcgis/home/item.html?id=00ed0a5b4b5c44c3af3730d0250f44db,sig.simur.gov.co,URLError,unreachable,2026-09-29
https://sig.simur.gov.co/arcgis/home/item.html?id=00f39da3c62c4a2fa468a4665f57b0c5,sig.simur.gov.co,URLError,unreachable,2026-09-29
https://sig.simur.gov.co/arcgis/home/item.html?id=0102f659e9e4468eb601fcc9000c2f7d,sig.simur.gov.co,URLError,unreachable,2026-09-29
https://sig.simur.gov.co/arcgis/home/item.html?id=01107420d91d42a185836af736322830,sig.simur.gov.co,URLError,unreachable,2026-09-29
https://sig.simur.gov.co/arcgis/home/item.html?id=020d9c60b28b44d3a74ce907bf7dd601,sig.simur.gov.co,URLError,unreachable,2026-09-29
https://sig.simur.gov.co/arcgis/home/item.html?id=020ece28d374426baa17a3a1a9adccab,sig.simur.gov.co,URLError,unreachable,2026-09-29
https://sig.simur.gov.co/arcgis/home/item.html?id=023f7019ee1a4a3b967df139d6e364ff,sig.simur.gov.co,URLError,unreachable,2026-09-29
https://sig.simur.gov.co/arcgis/home/item.html?id=029d5eddcd7e42d6acf43aa7c4fde349,sig.simur.gov.co,URLError,unreachable,2026-09-29
https://sig.simur.gov.co/arcgis/home/item.html?id=02a5934eef394afeb9b6cfb6763041a7,sig.simur.gov.co,URLError,unreachable,2026-09-29
https://sig.simur.gov.co/arcgis/home/item.html?id=02c701ad99af452a84576afae89b1437,sig.simur.gov.co,URLError,unreachable,2026-09-29
https://sig.simur.gov.co/arcgis/home/item.html?id=030e96c2f51d4ea5846b1ee236c1e66d,sig.simur.gov.co,URLError,unreachable,2026-09-29
https://sig.simur.gov.co/arcgis/home/item.html?id=0321a48298f046d1ba4a4af75e692650,sig.simur.gov.co,URLError,unreachable,2026-09-29
https://sig.simur.gov.co/arcgis/home/item.html?id=03269c243f604539a2eee8531ab16959,sig.simur.gov.co,URLError,unreachable,2026-09-29
https://sig.simur.gov.co/arcgis/home/item.html?id=0337e0c02c7d42599f4ee8a8d83bf3e9,sig.simur.gov.co,URLError,unreachable,2026-09-29
https://sig.simur.gov.co/arcgis/home/item.html?id=036e99c59ab64a01948d6c0b49a27f86,sig.simur.gov.co,URLError,unreachable,2026-09-29
https://sig.simur.gov.co/arcgis/home/item.html?id=03abf46c097144c9a41b1aa153661353,sig.simur.gov.co,URLError,unreachable,2026-09-29
https://sig.simur.gov.co/arcgis/home/item.html?id=03ece65e5fcd435eb8ca3714ca683940,sig.simur.gov.co,URLError,unreachable,2026-09-29
https://sig.simur.gov.co/arcgis/home/item.html?id=04220956409a4e0f8becf7fab0bd9af8,sig.simur.gov.co,URLError,unreachable,2026-09-29
https://sig.simur.gov.co/arcgis/home/item.html?id=0464c91652704c3c986848deeba0c498,sig.simur.gov.co,URLError,unreachable,2026-09-29
https://sig.simur.gov.co/arcgis/home/item.html?id=049016cee48c48deb3cf84e7408ab6c5,sig.simur.gov.co,URLError,unreachable,2026-09-29
https://sig.simur.gov.co/arcgis/home/item.html?id=049c7a3a96b846e4ac2f65f4050e6d02,sig.simur.gov.co,URLError,unreachable,2026-09-29
https://sig.simur.gov.co/arcgis/home/item.html?id=04a840ed115943eb917233cc25ece649,sig.simur.gov.co,URLError,unreachable,2026-09-29
https://sig.simur.gov.co/arcgis/home/item.html?id=04cf20ca43a846dfbe9d9b4371754e15,sig.simur.gov.co,URLError,unreachable,2026-09-29
https://sig.simur.gov.co/arcgis/home/item.html?id=04d0c34947c146529e9a017d833fdad6,sig.simur.gov.co,URLError,unreachable,2026-09-29
https://sig.simur.gov.co/arcgis/home/item.html?id=04e301f7d5694d67aabcc69406178b35,sig.simur.gov.co,URLError,unreachable,2026-09-29
https://sig.simur.gov.co/arcgis/home/item.html?id=04fb2d60a07440509b9f6a0a0eee3115,sig.simur.gov.co,URLError,unreachable,2026-09-29
https://sig.simur.gov.co/arcgis/home/item.html?id=05236a287ee3432f93324c31921f8a91,sig.simur.gov.co,URLError,unreachable,2026-09-29
https://sig.simur.gov.co/arcgis/home/item.html?id=053c716e1a7140cc9377a3d9825e107f,sig.simur.gov.co,URLError,unreachable,2026-09-29
https://sig.simur.gov.co/arcgis/home/item.html?id=058e611727bf401588195c297c8f382b,sig.simur.gov.co,URLError,unreachable,2026-09-29
https://sig.simur.gov.co/arcgis/home/item.html?id=06363b7c5e2c4352b628fd2e70c45be1,sig.simur.gov.co,URLError,unreachable,2026-09-29
https://sig.simur.gov.co/arcgis/home/item.html?id=0651c940b6b04e27a9cbda024c955331,sig.simur.gov.co,URLError,unreachable,2026-09-29
https://sig.simur.gov.co/arcgis/home/item.html?id=066dc287b6ba4388b72d9bb7e44a787c,sig.simur.gov.co,URLError,unreachable,2026-09-29
https://sig.simur.gov.co/arcgis/home/item.html?id=06938b1d52e14a0d8842ed2e7cf0863d,sig.simur.gov.co,URLError,unreachable,2026-09-29
https://sig.simur.gov.co/arcgis/home/item.html?id=06f98db13f614bcaba231634a5e6e1a8,sig.simur.gov.co,URLError,unreachable,2026-09-29
https://sig.simur.gov.co/arcgis/home/item.html?id=07043d75102d4191a12e536f34843598,sig.simur.gov.co,URLError,unreachable,2026-09-29
https://sig.simur.gov.co/arcgis/home/item.html?id=075e52a83066459fa80a86325a175078,sig.simur.gov.co,URLError,unreachable,2026-09-29
https://sig.simur.gov.co/arcgis/home/item.html?id=077bd3a8947d403985a5db238945ad57,sig.simur.gov.co,URLError,unreachable,2026-09-29
https://sig.simur.gov.co/arcgis/home/item.html?id=07842957065145618ea280ac7ab574ee,sig.simur.gov.co,URLError,unreachable,2026-09-29
https://sig.simur.gov.co/arcgis/home/item.html?id=07c7989a57954f91a2c42d792e7efd19,sig.simur.gov.co,URLError,unreachable,2026-09-29
https://sig.simur.gov.co/arcgis/home/item.html?id=07ea87098e194ba495a57c79b70d748b,sig.simur.gov.co,URLError,unreachable,2026-09-29
https://sig.simur.gov.co/arcgis/home/item.html?id=080d3b6b6edc4da7bc346cd9423c8b73,sig.simur.gov.co,URLError,unreachable,2026-09-29
https://sig.simur.gov.co/arcgis/home/item.html?id=08119f48e7544ba7bd7e88bf26160baf,sig.simur.gov.co,URLError,unreachable,2026-09-29
https://sig.simur.gov.co/arcgis/home/item.html?id=0835281a7cfd402b80ff46c3717c13e8,sig.simur.gov.co,URLError,unreachable,2026-09-29
https://sig.simur.gov.co/arcgis/home/item.html?id=0850337b91a54b9ab33e3c150a58f60b,sig.simur.gov.co,URLError,unreachable,2026-09-29
https://sig.simur.gov.co/arcgis/home/item.html?id=0854c1c26af243a180ffb54501ac633a,sig.simur.gov.co,URLError,unreachable,2026-09-29
https://sig.simur.gov.co/arcgis/home/item.html?id=08dc10bb59d74871a77fcb0aca0abbbe,sig.simur.gov.co,URLError,unreachable,2026-09-29
https://sig.simur.gov.co/arcgis/home/item.html?id=090545153bb44f66970e07f61e89be17,sig.simur.gov.co,URLError,unreachable,2026-09-29
https://sig.simur.gov.co/arcgis/home/item.html?id=090ec201f8a74cfa86fc55e8ad103b6c,sig.simur.gov.co,URLError,unreachable,2026-09-29
https://sig.simur.gov.co/arcgis/home/item.html?id=09224b87a04a4e1d9ee455253196f2fa,sig.simur.gov.co,URLError,unreachable,2026-09-29
https://sig.simur.gov.co/arcgis/home/item.html?id=09df08ac041a4d1da78e9c459ce51083,sig.simur.gov.co,URLError,unreachable,2026-09-29
https://sig.simur.gov.co/arcgis/home/item.html?id=0a2d84fc4d35491e83ac5662b1198c31,sig.simur.gov.co,URLError,unreachable,2026-09-29
https://sig.simur.gov.co/arcgis/home/item.html?id=0a60c2cb534642879fa926b919aec9f9,sig.simur.gov.co,URLError,unreachable,2026-09-29
https://sig.simur.gov.co/arcgis/home/item.html?id=0a71f0d80aa343f0ae84bef0b7dab2e4,sig.simur.gov.co,URLError,unreachable,2026-09-29
https://sig.simur.gov.co/arcgis/home/item.html?id=0aa642c785334788a3001a46958f9167,sig.simur.gov.co,URLError,unreachable,2026-09-29
https://sig.simur.gov.co/arcgis/home/item.html?id=0aec760775264245867141bd8a55a076,sig.simur.gov.co,URLError,unreachable,2026-09-29
https://sig.simur.gov.co/arcgis/home/item.html?id=0b83f2df819e42cd9c7aaedd06fa3433,sig.simur.gov.co,URLError,unreachable,2026-09-29
https://sig.simur.gov.co/arcgis/home/item.html?id=0c2ba322385c4ba9b31b1726b8062822,sig.simur.gov.co,URLError,unreachable,2026-09-29
https://sig.simur.gov.co/arcgis/home/item.html?id=0c4067593aea438fb4b752798394a122,sig.simur.gov.co,URLError,unreachable,2026-09-29
https://sig.simur.gov.co/arcgis/home/item.html?id=0c4288322d5d4c1388fcf5a96dddf583,sig.simur.gov.co,URLError,unreachable,2026-09-29
https://sig.simur.gov.co/arcgis/home/item.html?id=0c599facd46c4f67aaa119434b07db5c,sig.simur.gov.co,URLError,unreachable,2026-09-29
https://sig.simur.gov.co/arcgis/home/item.html?id=0c5becd0a6c549d88b577cad674a4453,sig.simur.gov.co,URLError,unreachable,2026-09-29
https://sig.simur.gov.co/arcgis/home/item.html?id=0c89297d2b364406a465dbe85c4a006c,sig.simur.gov.co,URLError,unreachable,2026-09-29
https://sig.simur.gov.co/arcgis/home/item.html?id=0cb42d32e7a6420996c2a62fefe1a43e,sig.simur.gov.co,URLError,unreachable,2026-09-29
https://sig.simur.gov.co/arcgis/home/item.html?id=0d0434fb47ed4156ab6a045bf23f3788,sig.simur.gov.co,URLError,unreachable,2026-09-29
https://sig.simur.gov.co/arcgis/home/item.html?id=0d0b56b7008e49769b6eba6585da4686,sig.simur.gov.co,URLError,unreachable,2026-09-29
https://sig.simur.gov.co/arcgis/home/item.html?id=0d1570a995044e5cbea3adc3a3363d59,sig.simur.gov.co,URLError,unreachable,2026-09-29
https://sig.simur.gov.co/arcgis/home/item.html?id=0d6c01b99b3c48c686847dbcc202e7d9,sig.simur.gov.co,URLError,unreachable,2026-09-29
https://sig.simur.gov.co/arcgis/home/item.html?id=0d7899d321e24758be9b629dc33afdd0,sig.simur.gov.co,URLError,unreachable,2026-09-29
https://sig.simur.gov.co/arcgis/home/item.html?id=0db8dd6eb78848bc846f9b41b4652d3a,sig.simur.gov.co,URLError,unreachable,2026-09-29
https://sig.simur.gov.co/arcgis/home/item.html?id=0dda2626332a453097d2bb04355a77a0,sig.simur.gov.co,URLError,unreachable,2026-09-29
https://sig.simur.gov.co/arcgis/home/item.html?id=0e0ff549e9d74246b4a2440a8b291c35,sig.simur.gov.co,URLError,unreachable,2026-09-29
https://sig.simur.gov.co/arcgis/home/item.html?id=0e24a88f95c544328cbd847cbba540b1,sig.simur.gov.co,URLError,unreachable,2026-09-29
https://sig.simur.gov.co/arcgis/home/item.html?id=0e7acf971abf4f389cdc205c0ea27845,sig.simur.gov.co,URLError,unreachable,2026-09-29
https://sig.simur.gov.co/arcgis/home/item.html?id=0ed35edb195d4e9f8b5ac4a1f9e6d9ee,sig.simur.gov.co,URLError,unreachable,2026-09-29
https://sig.simur.gov.co/arcgis/home/item.html?id=0edafcf6cb6d473e9caced4b03a7aeae,sig.simur.gov.co,URLError,unreachable,2026-09-29
https://sig.simur.gov.co/arcgis/home/item.html?id=0edd44c1795a4d41b0ca5b5570a6d466,sig.simur.gov.co,URLError,unreachable,2026-09-29
https://sig.simur.gov.co/arcgis/home/item.html?id=0ee6585ae7034b5688938adcc0d6c942,sig.simur.gov.co,URLError,unreachable,2026-09-29
https://sig.simur.gov.co/arcgis/home/item.html?id=0f58ddef1f9146f3bb0a3eaf73186036,sig.simur.gov.co,URLError,unreachable,2026-09-29
https://sig.simur.gov.co/arcgis/home/item.html?id=0f5e47e57605479f8bb383dfc0ae7162,sig.simur.gov.co,URLError,unreachable,2026-09-29
https://sig.simur.gov.co/arcgis/home/item.html?id=0f7ef62cf9744472af8688fff7411430,sig.simur.gov.co,URLError,unreachable,2026-09-29
https://sig.simur.gov.co/arcgis/home/item.html?id=0fe01e8ad9bb4685b47a32d282fa5e7d,sig.simur.gov.co,URLError,unreachable,2026-09-29
https://sig.simur.gov.co/arcgis/home/item.html?id=101e73a1fb4a42c6b3ec2f2ca264f91e,sig.simur.gov.co,URLError,unreachable,2026-09-29
https://sig.simur.gov.co/arcgis/home/item.html?id=10202686069248e8965f308539a9281e,sig.simur.gov.co,URLError,unreachable,2026-09-29
https://sig.simur.gov.co/arcgis/home/item.html?id=10b613c923094709949c5b4ee735c57c,sig.simur.gov.co,URLError,unreachable,2026-09-29
https://sig.simur.gov.co/arcgis/home/item.html?id=10ead1a6fa0045188bbd20ece08130c9,sig.simur.gov.co,URLError,unreachable,2026-09-29
https://sig.simur.gov.co/arcgis/home/item.html?id=111cb98230714f579d0e4824d50f89f2,sig.simur.gov.co,URLError,unreachable,2026-09-29
https://sig.simur.gov.co/arcgis/home/item.html?id=1128a4d1f5df46b6ab1c231afe3b601e,sig.simur.gov.co,URLError,unreachable,2026-09-29
https://sig.simur.gov.co/arcgis/home/item.html?id=11313701d8034cacbbd77b216f32a82b,sig.simur.gov.co,URLError,unreachable,2026-09-29
https://sig.simur.gov.co/arcgis/home/item.html?id=113e261a3e89471dbc9af7bd76a879c9,sig.simur.gov.co,URLError,unreachable,2026-09-29
https://sig.simur.gov.co/arcgis/home/item.html?id=1144c61d5bf04d4e8ab9bc4590649f41,sig.simur.gov.co,URLError,unreachable,2026-09-29
https://sig.simur.gov.co/arcgis/home/item.html?id=11893e66ef494f769c08ff557280dda1,sig.simur.gov.co,URLError,unreachable,2026-09-29
https://sig.simur.gov.co/arcgis/home/item.html?id=1195cd8f631443cd81e30b55bd897fa1,sig.simur.gov.co,URLError,unreachable,2026-09-29
https://sig.simur.gov.co/arcgis/home/item.html?id=11e611cc03a14e17a6d3173d86f07f42,sig.simur.gov.co,URLError,unreachable,2026-09-29
https://sig.simur.gov.co/arcgis/home/item.html?id=1220b11abfdd4c70af0695151e8397f5,sig.simur.gov.co,URLError,unreachable,2026-09-29
https://sig.simur.gov.co/arcgis/home/item.html?id=124ff837063c4c2a97787b88afd0865b,sig.simur.gov.co,URLError,unreachable,2026-09-29
https://sig.simur.gov.co/arcgis/home/item.html?id=12543f36de354cc0b17868505b5a55f8,sig.simur.gov.co,URLError,unreachable,2026-09-29
https://sig.simur.gov.co/arcgis/home/item.html?id=12f55240410d4b3a9e6c1ed67d03c383,sig.simur.gov.co,URLError,unreachable,2026-09-29
https://sig.simur.gov.co/arcgis/home/item.html?id=136fd6af9d96417da4de6c0d66dcb995,sig.simur.gov.co,URLError,unreachable,2026-09-29
https://sig.simur.gov.co/arcgis/home/item.html?id=13725ba0db604b31ab9d32060f03e550,sig.simur.gov.co,URLError,unreachable,2026-09-29
https://sig.simur.gov.co/arcgis/home/item.html?id=13a6b37b2dce4380af38d7b5b5a57009,sig.simur.gov.co,URLError,unreachable,2026-09-29
https://sig.simur.gov.co/arcgis/home/item.html?id=13bb8cb394fc4c7aa51b50c103c10ff9,sig.simur.gov.co,URLError,unreachable,2026-09-29
https://sig.simur.gov.co/arcgis/home/item.html?id=13c5b614b7f742ceb19c9c529deddb96,sig.simur.gov.co,URLError,unreachable,2026-09-29
https://sig.simur.gov.co/arcgis/home/item.html?id=1400c2bd4511478999097c2323553431,sig.simur.gov.co,URLError,unreachable,2026-09-29
https://sig.simur.gov.co/arcgis/home/item.html?id=140c5e681bf244c6b15b1c29c3db6ad7,sig.simur.gov.co,URLError,unreachable,2026-09-29
https://sig.simur.gov.co/arcgis/home/item.html?id=147e65e71bbe4718bfadd39bb6c92bfc,sig.simur.gov.co,URLError,unreachable,2026-09-29
https://sig.simur.gov.co/arcgis/home/item.html?id=14928cf177dc423a9fe8e062cda55e5f,sig.simur.gov.co,URLError,unreachable,2026-09-29
https://sig.simur.gov.co/arcgis/home/item.html?id=14b99d8dfd8f46048f788c5efe5c413f,sig.simur.gov.co,URLError,unreachable,2026-09-29
https://sig.simur.gov.co/arcgis/home/item.html?id=14e3808192be48a4b88288198640d7a1,sig.simur.gov.co,URLError,unreachable,2026-09-29
https://sig.simur.gov.co/arcgis/home/item.html?id=14f3b3b70f7d4c95936ac36b0695778f,sig.simur.gov.co,URLError,unreachable,2026-09-29
https://sig.simur.gov.co/arcgis/home/item.html?id=152e40ed8e134cfc93f1d935f0979e5e,sig.simur.gov.co,URLError,unreachable,2026-09-29
https://sig.simur.gov.co/arcgis/home/item.html?id=15543a73168342768186ea6c0ce39a4b,sig.simur.gov.co,URLError,unreachable,2026-09-29
https://sig.simur.gov.co/arcgis/home/item.html?id=15945f3651b54c7eb509d75edc01f09d,sig.simur.gov.co,URLError,unreachable,2026-09-29
https://sig.simur.gov.co/arcgis/home/item.html?id=1594fd5220254e35bdd5058607028344,sig.simur.gov.co,URLError,unreachable,2026-09-29
https://sig.simur.gov.co/arcgis/home/item.html?id=159faea8572b4e36a5581288e6875685,sig.simur.gov.co,URLError,unreachable,2026-09-29
https://sig.simur.gov.co/arcgis/home/item.html?id=15a8aff44eba45d8aa3a5506a8697cb6,sig.simur.gov.co,URLError,unreachable,2026-09-29
https://sig.simur.gov.co/arcgis/home/item.html?id=15b55d181b1744f7a5843bdad133fd49,sig.simur.gov.co,URLError,unreachable,2026-09-29
https://sig.simur.gov.co/arcgis/home/item.html?id=15fbecefd42e49eeb3945fb104e1317a,sig.simur.gov.co,URLError,unreachable,2026-09-29
https://sig.simur.gov.co/arcgis/home/item.html?id=15fff202f8fc473f8cfcaa730a617c72,sig.simur.gov.co,URLError,unreachable,2026-09-29
https://sig.simur.gov.co/arcgis/home/item.html?id=16240cf3eabf4e36bd589b5d7549762c,sig.simur.gov.co,URLError,unreachable,2026-09-29
https://sig.simur.gov.co/arcgis/home/item.html?id=163f2b88df1e4a9eab44c7af16ddd674,sig.simur.gov.co,URLError,unreachable,2026-09-29
https://sig.simur.gov.co/arcgis/home/item.html?id=164fe8d6f4dd4be4900f947d17724e69,sig.simur.gov.co,URLError,unreachable,2026-09-29
https://sig.simur.gov.co/arcgis/home/item.html?id=166c4116ce5b41f4951088caa6d34e80,sig.simur.gov.co,URLError,unreachable,2026-09-29
https://sig.simur.gov.co/arcgis/home/item.html?id=1689f722fce849419139944cc14cc2f4,sig.simur.gov.co,URLError,unreachable,2026-09-29
https://sig.simur.gov.co/arcgis/home/item.html?id=16d86659699e4cf0916c9475da951bc1,sig.simur.gov.co,URLError,unreachable,2026-09-29
https://sig.simur.gov.co/arcgis/home/item.html?id=16eaff2c798548d5abf6c2e082c4482b,sig.simur.gov.co,URLError,unreachable,2026-09-29
https://sig.simur.gov.co/arcgis/home/item.html?id=1700a10781d54c45a0c1e4be9c580fa2,sig.simur.gov.co,URLError,unreachable,2026-09-29
https://sig.simur.gov.co/arcgis/home/item.html?id=172dba6d2a324ea093b9fc37be4b2c09,sig.simur.gov.co,URLError,unreachable,2026-09-29
https://sig.simur.gov.co/arcgis/home/item.html?id=172f6681d334475f9838e334a7f3302a,sig.simur.gov.co,URLError,unreachable,2026-09-29
https://sig.simur.gov.co/arcgis/home/item.html?id=174b73bc95b949d6b925a98dce1dfb5b,sig.simur.gov.co,URLError,unreachable,2026-09-29
https://sig.simur.gov.co/arcgis/home/item.html?id=177c8021938640328814ce9bcd41c36d,sig.simur.gov.co,URLError,unreachable,2026-09-29
https://sig.simur.gov.co/arcgis/home/item.html?id=17861436932a4cef9aebb32d1823084d,sig.simur.gov.co,URLError,unreachable,2026-09-29
https://sig.simur.gov.co/arcgis/home/item.html?id=179db7000c3c4b8dbb7326ec6423508d,sig.simur.gov.co,URLError,unreachable,2026-09-29
https://sig.simur.gov.co/arcgis/home/item.html?id=17e7c38066bd446f8316685986c03231,sig.simur.gov.co,URLError,unreachable,2026-09-29
https://sig.simur.gov.co/arcgis/home/item.html?id=183d12d331e24b8984b3fae3cd288258,sig.simur.gov.co,URLError,unreachable,2026-09-29
https://sig.simur.gov.co/arcgis/home/item.html?id=18781df0769e43acbb6bdf890c3c631c,sig.simur.gov.co,URLError,unreachable,2026-09-29
https://sig.simur.gov.co/arcgis/home/item.html?id=1896254304b24637831274c2fdf8550e,sig.simur.gov.co,URLError,unreachable,2026-09-29
https://sig.simur.gov.co/arcgis/home/item.html?id=18afcb4a758540229b0792046e0fc85b,sig.simur.gov.co,URLError,unreachable,2026-09-29
https://sig.simur.gov.co/arcgis/home/item.html?id=191885e5a3e0484b99d3c36af961cad0,sig.simur.gov.co,URLError,unreachable,2026-09-29
https://sig.simur.gov.co/arcgis/home/item.html?id=19346eb2ba234d06beb9b0af49ee6430,sig.simur.gov.co,URLError,unreachable,2026-09-29
https://sig.simur.gov.co/arcgis/home/item.html?id=193e034935b54f9ab0f736ccd9435760,sig.simur.gov.co,URLError,unreachable,2026-09-29
https://sig.simur.gov.co/arcgis/home/item.html?id=194f9725fa354163be6b955a5bd1493c,sig.simur.gov.co,URLError,unreachable,2026-09-29
https://sig.simur.gov.co/arcgis/home/item.html?id=1950c40036114136afcd35f0c72df445,sig.simur.gov.co,URLError,unreachable,2026-09-29
https://sig.simur.gov.co/arcgis/home/item.html?id=1959fc607b9b4bb0bb24deafdc1dc696,sig.simur.gov.co,URLError,unreachable,2026-09-29
https://sig.simur.gov.co/arcgis/home/item.html?id=19765c75999e42cda98a0d63126f6f95,sig.simur.gov.co,URLError,unreachable,2026-09-29
https://sig.simur.gov.co/arcgis/home/item.html?id=198251c8c2064e2690e79f50ac4aebd5,sig.simur.gov.co,URLError,unreachable,2026-09-29
https://sig.simur.gov.co/arcgis/home/item.html?id=19c11266d1204621a0f83e3c7ec6cd11,sig.simur.gov.co,URLError,unreachable,2026-09-29
https://sig.simur.gov.co/arcgis/home/item.html?id=1a0328c3bf82400b8dad256e8bb8b35f,sig.simur.gov.co,URLError,unreachable,2026-09-29
https://sig.simur.gov.co/arcgis/home/item.html?id=1a07ae89f9854de399bfbc3f20d67766,sig.simur.gov.co,URLError,unreachable,2026-09-29
https://sig.simur.gov.co/arcgis/home/item.html?id=1a64cc540632461facd4586b14d59c54,sig.simur.gov.co,URLError,unreachable,2026-09-29
https://sig.simur.gov.co/arcgis/home/item.html?id=1a6626dcedb6436784ff1b2c6b3012a5,sig.simur.gov.co,URLError,unreachable,2026-09-29
https://sig.simur.gov.co/arcgis/home/item.html?id=1ad269cc3cd34dd2888653cd39f18d24,sig.simur.gov.co,URLError,unreachable,2026-09-29
https://sig.simur.gov.co/arcgis/home/item.html?id=1af5fb89d28f4042badd75a054a09ecd,sig.simur.gov.co,URLError,unreachable,2026-09-29
https://sig.simur.gov.co/arcgis/home/item.html?id=1af875b8846344b2ae94331d5b4cbd59,sig.simur.gov.co,URLError,unreachable,2026-09-29
https://sig.simur.gov.co/arcgis/home/item.html?id=1bae7e2f9adc4399ba96fcb8646e3ea5,sig.simur.gov.co,URLError,unreachable,2026-09-29
https://sig.simur.gov.co/arcgis/home/item.html?id=1bca46439520423e83d936fad3e68da3,sig.simur.gov.co,URLError,unreachable,2026-09-29
https://sig.simur.gov.co/arcgis/home/item.html?id=1c10a1f62924404b9aa40182a6628b75,sig.simur.gov.co,URLError,unreachable,2026-09-29
https://sig.simur.gov.co/arcgis/home/item.html?id=1c1476aed90d49cd9be83209a0d56915,sig.simur.gov.co,URLError,unreachable,2026-09-29
https://sig.simur.gov.co/arcgis/home/item.html?id=1c637fdfcdad4405ac163a39c8c1add6,sig.simur.gov.co,URLError,unreachable,2026-09-29
https://sig.simur.gov.co/arcgis/home/item.html?id=1c7146108c3b49a4a84dcd62fa45bc6e,sig.simur.gov.co,URLError,unreachable,2026-09-29
https://sig.simur.gov.co/arcgis/home/item.html?id=1c7a2e7f3f0c41379f204d2fabbf153d,sig.simur.gov.co,URLError,unreachable,2026-09-29
https://sig.simur.gov.co/arcgis/home/item.html?id=1c8378e47297442ab2fc1dfa444f6d84,sig.simur.gov.co,URLError,unreachable,2026-09-29
https://sig.simur.gov.co/arcgis/home/item.html?id=1cc3482600924c2faa275443dbc3dbbc,sig.simur.gov.co,URLError,unreachable,2026-09-29
https://sig.simur.gov.co/arcgis/home/item.html?id=1d37f9ca46e94370bced5d6e1e9c39aa,sig.simur.gov.co,URLError,unreachable,2026-09-29
https://sig.simur.gov.co/arcgis/home/item.html?id=1d418521a61a45adba33350706d4b2a4,sig.simur.gov.co,URLError,unreachable,2026-09-29
https://sig.simur.gov.co/arcgis/home/item.html?id=1d8501492a794107be22849b3969d626,sig.simur.gov.co,URLError,unreachable,2026-09-29
https://sig.simur.gov.co/arcgis/home/item.html?id=1db8465d8191493da9a1386d666ac7b2,sig.simur.gov.co,URLError,unreachable,2026-09-29
https://sig.simur.gov.co/arcgis/home/item.html?id=1e077a5921b747e4a05e850c70909865,sig.simur.gov.co,URLError,unreachable,2026-09-29
https://sig.simur.gov.co/arcgis/home/item.html?id=1e1ba4632ea84d10818fdc41238ec345,sig.simur.gov.co,URLError,unreachable,2026-09-29
https://sig.simur.gov.co/arcgis/home/item.html?id=1e5ea07682ae4a179e7d3daf1ed2cf22,sig.simur.gov.co,URLError,unreachable,2026-09-29
https://sig.simur.gov.co/arcgis/home/item.html?id=1eaa5dd52cc5452db85f209ab7e3c9c7,sig.simur.gov.co,URLError,unreachable,2026-09-29
https://sig.simur.gov.co/arcgis/home/item.html?id=1f0376a1f29f46d6b36f237fe3b2a041,sig.simur.gov.co,URLError,unreachable,2026-09-29
https://sig.simur.gov.co/arcgis/home/item.html?id=1f6417c590ae4d1b9c861026e28b184d,sig.simur.gov.co,URLError,unreachable,2026-09-29
https://sig.simur.gov.co/arcgis/home/item.html?id=1f70fa8630234f76a33db4af846369d1,sig.simur.gov.co,URLError,unreachable,2026-09-29
https://sig.simur.gov.co/arcgis/home/item.html?id=1f82a120ea714fea929953bb65b5af31,sig.simur.gov.co,URLError,unreachable,2026-09-29
https://sig.simur.gov.co/arcgis/home/item.html?id=1f849a4c2f2b4e67aa0859eeed253846,sig.simur.gov.co,URLError,unreachable,2026-09-29
https://sig.simur.gov.co/arcgis/home/item.html?id=1f9d7d13f6a34f19bf6eaf9e1e40d56a,sig.simur.gov.co,URLError,unreachable,2026-09-29
https://sig.simur.gov.co/arcgis/home/item.html?id=1fa468c4078c43f08ac09545d67903bc,sig.simur.gov.co,URLError,unreachable,2026-09-29
https://sig.simur.gov.co/arcgis/home/item.html?id=1fa909f5a9734d369916977c1a95cb2f,sig.simur.gov.co,URLError,unreachable,2026-09-29
https://sig.simur.gov.co/arcgis/home/item.html?id=1fe0ea5460e445a587b781512141a40b,sig.simur.gov.co,URLError,unreachable,2026-09-29
https://sig.simur.gov.co/arcgis/home/item.html?id=2025d105545b45f2b467af31b2847d6f,sig.simur.gov.co,URLError,unreachable,2026-09-29
https://sig.simur.gov.co/arcgis/home/item.html?id=20296036835348799fc78d335e28400e,sig.simur.gov.co,URLError,unreachable,2026-09-29
https://sig.simur.gov.co/arcgis/home/item.html?id=2037d045b195437ebc37471d89815781,sig.simur.gov.co,URLError,unreachable,2026-09-29
https://sig.simur.gov.co/arcgis/home/item.html?id=204cc7119f0146cfa914a3e895ba4672,sig.simur.gov.co,URLError,unreachable,2026-09-29
https://sig.simur.gov.co/arcgis/home/item.html?id=208251c40a354ee3985764903d409c99,sig.simur.gov.co,URLError,unreachable,2026-09-29
https://sig.simur.gov.co/arcgis/home/item.html?id=21386d217c084cc28bd47f2a2cde6128,sig.simur.gov.co,URLError,unreachable,2026-09-29
https://sig.simur.gov.co/arcgis/home/item.html?id=21841a188e054520b365b6a296861c3a,sig.simur.gov.co,URLError,unreachable,2026-09-29
https://sig.simur.gov.co/arcgis/home/item.html?id=21c308e96c234e7a808a673ba9d7e5b9,sig.simur.gov.co,URLError,unreachable,2026-09-29
https://sig.simur.gov.co/arcgis/home/item.html?id=21d5696b908a4b37a23c186f20da6b10,sig.simur.gov.co,URLError,unreachable,2026-09-29
https://sig.simur.gov.co/arcgis/home/item.html?id=2243bc8daff444808a85a0ab42567695,sig.simur.gov.co,URLError,unreachable,2026-09-29
https://sig.simur.gov.co/arcgis/home/item.html?id=22441983561f4128b722c63373beb23a,sig.simur.gov.co,URLError,unreachable,2026-09-29
https://sig.simur.gov.co/arcgis/home/item.html?id=227d7c9e7774426ab56085e2d5a9892f,sig.simur.gov.co,URLError,unreachable,2026-09-29
https://sig.simur.gov.co/arcgis/home/item.html?id=2281c7430dff4d86ba6c06fb437abca5,sig.simur.gov.co,URLError,unreachable,2026-09-29
https://sig.simur.gov.co/arcgis/home/item.html?id=2286cd1284f04723af15d89946497b24,sig.simur.gov.co,URLError,unreachable,2026-09-29
https://sig.simur.gov.co/arcgis/home/item.html?id=229d9a9b53d14aacb41158fc733261b9,sig.simur.gov.co,URLError,unreachable,2026-09-29
https://sig.simur.gov.co/arcgis/home/item.html?id=23243ccf5d9346e7a2178103bd3ab7f0,sig.simur.gov.co,URLError,unreachable,2026-09-29
https://sig.simur.gov.co/arcgis/home/item.html?id=233b3846f8cf47a7a50e9a1a50710ea9,sig.simur.gov.co,URLError,unreachable,2026-09-29
https://sig.simur.gov.co/arcgis/home/item.html?id=23517e9996024b14a879dd23ade756e0,sig.simur.gov.co,URLError,unreachable,2026-09-29
https://sig.simur.gov.co/arcgis/home/item.html?id=23baf9c27e694a65abc1d88f8da60a31,sig.simur.gov.co,URLError,unreachable,2026-09-29
https://sig.simur.gov.co/arcgis/home/item.html?id=23ebe8a3454a4d8fb30c9c7bb6fb68bb,sig.simur.gov.co,URLError,unreachable,2026-09-29
https://sig.simur.gov.co/arcgis/home/item.html?id=23ff898ed2fd49e08675a7b794034ef9,sig.simur.gov.co,URLError,unreachable,2026-09-29
https://sig.simur.gov.co/arcgis/home/item.html?id=240b8fceee854ee3a22ae40a00805f2d,sig.simur.gov.co,URLError,unreachable,2026-09-29
https://sig.simur.gov.co/arcgis/home/item.html?id=243b51e40c104f0da2514232beff1cc0,sig.simur.gov.co,URLError,unreachable,2026-09-29
https://sig.simur.gov.co/arcgis/home/item.html?id=244ba75f1fd044d49eaea49155d1ab7d,sig.simur.gov.co,URLError,unreachable,2026-09-29
https://sig.simur.gov.co/arcgis/home/item.html?id=257a0097e14445fc9ebca0c28d4d4e15,sig.simur.gov.co,URLError,unreachable,2026-09-29
https://sig.simur.gov.co/arcgis/home/item.html?id=25860d189f6c4696a7b4c78eeb81bcd6,sig.simur.gov.co,URLError,unreachable,2026-09-29
https://sig.simur.gov.co/arcgis/home/item.html?id=258f8d7d4bc84d06a08e73176b305897,sig.simur.gov.co,URLError,unreachable,2026-09-29
https://sig.simur.gov.co/arcgis/home/item.html?id=260f6670892644cc938864c399ee7e26,sig.simur.gov.co,URLError,unreachable,2026-09-29
https://sig.simur.gov.co/arcgis/home/item.html?id=263163a382934da0baf2fc8035b42739,sig.simur.gov.co,URLError,unreachable,2026-09-29
https://sig.simur.gov.co/arcgis/home/item.html?id=264dd125528041fab02107e17417ec59,sig.simur.gov.co,URLError,unreachable,2026-09-29
https://sig.simur.gov.co/arcgis/home/item.html?id=266b5727de844a60b619daefae801680,sig.simur.gov.co,URLError,unreachable,2026-09-29
https://sig.simur.gov.co/arcgis/home/item.html?id=26c6492b0a4744d09066b14f40564400,sig.simur.gov.co,URLError,unreachable,2026-09-29
https://sig.simur.gov.co/arcgis/home/item.html?id=26e54e6c041d4b67858da05c6240f720,sig.simur.gov.co,URLError,unreachable,2026-09-29
https://sig.simur.gov.co/arcgis/home/item.html?id=271829ffa2614e28a88fb32a3649496c,sig.simur.gov.co,URLError,unreachable,2026-09-29
https://sig.simur.gov.co/arcgis/home/item.html?id=271f247ae91549059179ffdf21c0839f,sig.simur.gov.co,URLError,unreachable,2026-09-29
https://sig.simur.gov.co/arcgis/home/item.html?id=27284b2fa373499ca8f68a3bb4a5f920,sig.simur.gov.co,URLError,unreachable,2026-09-29
https://sig.simur.gov.co/arcgis/home/item.html?id=278f4f5d17e942fab120ed1ed2b095c6,sig.simur.gov.co,URLError,unreachable,2026-09-29
https://sig.simur.gov.co/arcgis/home/item.html?id=279fb762882746d58dc1a2d125cef85b,sig.simur.gov.co,URLError,unreachable,2026-09-29
https://sig.simur.gov.co/arcgis/home/item.html?id=27d7520ccf4443a8bf0c08c22caa4c8b,sig.simur.gov.co,URLError,unreachable,2026-09-29
https://sig.simur.gov.co/arcgis/home/item.html?id=27e9ff39a45c4d389bb6a568b9eea87f,sig.simur.gov.co,URLError,unreachable,2026-09-29
https://sig.simur.gov.co/arcgis/home/item.html?id=27fbaeac5da8420eb8a2415e8864cca8,sig.simur.gov.co,URLError,unreachable,2026-09-29
https://sig.simur.gov.co/arcgis/home/item.html?id=2882e353416747af90208cba7bbeac35,sig.simur.gov.co,URLError,unreachable,2026-09-29
https://sig.simur.gov.co/arcgis/home/item.html?id=290e70673ad643fc8e46aa289f9e9c29,sig.simur.gov.co,URLError,unreachable,2026-09-29
https://sig.simur.gov.co/arcgis/home/item.html?id=292354db67814189abd88a2fb00a5f8b,sig.simur.gov.co,URLError,unreachable,2026-09-29
https://sig.simur.gov.co/arcgis/home/item.html?id=294fa1c0c24a4ab982f5fc1e3db8bfff,sig.simur.gov.co,URLError,unreachable,2026-09-29
https://sig.simur.gov.co/arcgis/home/item.html?id=2963234d6eb24adb847918f6f387f0f2,sig.simur.gov.co,URLError,unreachable,2026-09-29
https://sig.simur.gov.co/arcgis/home/item.html?id=299f93e848c545afa497a97dce8574e5,sig.simur.gov.co,URLError,unreachable,2026-09-29
https://sig.simur.gov.co/arcgis/home/item.html?id=29c491bc49854c6b9b216443452be29d,sig.simur.gov.co,URLError,unreachable,2026-09-29
https://sig.simur.gov.co/arcgis/home/item.html?id=29d7cada9c1c46fa8d8a2217f0c5871c,sig.simur.gov.co,URLError,unreachable,2026-09-29
https://sig.simur.gov.co/arcgis/home/item.html?id=2a6df2b8225e440fb675fcb25f24921a,sig.simur.gov.co,URLError,unreachable,2026-09-29
https://sig.simur.gov.co/arcgis/home/item.html?id=2a9092f03c18416b9c83a24d6216d44e,sig.simur.gov.co,URLError,unreachable,2026-09-29
https://sig.simur.gov.co/arcgis/home/item.html?id=2a91dfc6e8404b4c977d2322b3ab92cf,sig.simur.gov.co,URLError,unreachable,2026-09-29
https://sig.simur.gov.co/arcgis/home/item.html?id=2abc2f2c326947c39b20b13745806f3f,sig.simur.gov.co,URLError,unreachable,2026-09-29
https://sig.simur.gov.co/arcgis/home/item.html?id=2ad34d9e06f34d03acaae6b04bad7546,sig.simur.gov.co,URLError,unreachable,2026-09-29
https://sig.simur.gov.co/arcgis/home/item.html?id=2ae817ab6acd47f49492cede03d98bf6,sig.simur.gov.co,URLError,unreachable,2026-09-29
https://sig.simur.gov.co/arcgis/home/item.html?id=2b116c3326b849a5bf5bb4daad337ad0,sig.simur.gov.co,URLError,unreachable,2026-09-29
https://sig.simur.gov.co/arcgis/home/item.html?id=2b6b149ffef8467aa4a7eee04fc9ac11,sig.simur.gov.co,URLError,unreachable,2026-09-29
https://sig.simur.gov.co/arcgis/home/item.html?id=2b974e2da9b34e778048a77b763170f1,sig.simur.gov.co,URLError,unreachable,2026-09-29
https://sig.simur.gov.co/arcgis/home/item.html?id=2ba59e9a6af0476ebe902b286c87c08f,sig.simur.gov.co,URLError,unreachable,2026-09-29
https://sig.simur.gov.co/arcgis/home/item.html?id=2c2ac85c54054eb7b5dc9232be8fb7e7,sig.simur.gov.co,URLError,unreachable,2026-09-29
https://sig.simur.gov.co/arcgis/home/item.html?id=2c627e92b0794c6a9fa3365527ea5757,sig.simur.gov.co,URLError,unreachable,2026-09-29
https://sig.simur.gov.co/arcgis/home/item.html?id=2c8bd7f0693e4fdd8e038154a36da488,sig.simur.gov.co,URLError,unreachable,2026-09-29
https://sig.simur.gov.co/arcgis/home/item.html?id=2ca417487344469d9206503ee0c74116,sig.simur.gov.co,URLError,unreachable,2026-09-29
https://sig.simur.gov.co/arcgis/home/item.html?id=2cb1a8ed8eb14439b1a827d553f89750,sig.simur.gov.co,URLError,unreachable,2026-09-29
https://sig.simur.gov.co/arcgis/home/item.html?id=2cee83f94b8345068380640f7fe2254f,sig.simur.gov.co,URLError,unreachable,2026-09-29
https://sig.simur.gov.co/arcgis/home/item.html?id=2cf468b7c40d4e4fbb3c5cfff59dc14a,sig.simur.gov.co,URLError,unreachable,2026-09-29
https://sig.simur.gov.co/arcgis/home/item.html?id=2d5568ce0cb2461eae28a70ecdbc3a4c,sig.simur.gov.co,URLError,unreachable,2026-09-29
https://sig.simur.gov.co/arcgis/home/item.html?id=2dafb64e20294c4d8184866b8c880a61,sig.simur.gov.co,URLError,unreachable,2026-09-29
https://sig.simur.gov.co/arcgis/home/item.html?id=2e07fdb1f1124ed78a3be82486ecf3aa,sig.simur.gov.co,URLError,unreachable,2026-09-29
https://sig.simur.gov.co/arcgis/home/item.html?id=2e11f68aff944d059e4801173192316a,sig.simur.gov.co,URLError,unreachable,2026-09-29
https://sig.simur.gov.co/arcgis/home/item.html?id=2e13e65d42d14944bc81ff22594f7404,sig.simur.gov.co,URLError,unreachable,2026-09-29
https://sig.simur.gov.co/arcgis/home/item.html?id=2e3ba27d8d204300b758c290cde3a0fe,sig.simur.gov.co,URLError,unreachable,2026-09-29
https://sig.simur.gov.co/arcgis/home/item.html?id=2e62ebadfaa049dca128203c5b05d098,sig.simur.gov.co,URLError,unreachable,2026-09-29
https://sig.simur.gov.co/arcgis/home/item.html?id=2ebd5c067c174066a56186ec47dee39e,sig.simur.gov.co,URLError,unreachable,2026-09-29
https://sig.simur.gov.co/arcgis/home/item.html?id=2f0c36831a27424481b0d50ffca25770,sig.simur.gov.co,URLError,unreachable,2026-09-29
https://sig.simur.gov.co/arcgis/home/item.html?id=2f4d53ac07a54700a01b758c6ee44683,sig.simur.gov.co,URLError,unreachable,2026-09-29
https://sig.simur.gov.co/arcgis/home/item.html?id=2f516843a40d4748ba8c17218a6ab059,sig.simur.gov.co,URLError,unreachable,2026-09-29
https://sig.simur.gov.co/arcgis/home/item.html?id=2f9c8ae7b0454b9b844e7e934e9d5740,sig.simur.gov.co,URLError,unreachable,2026-09-29
https://sig.simur.gov.co/arcgis/home/item.html?id=2fa3b6f995fb46ae89d84964d8114f93,sig.simur.gov.co,URLError,unreachable,2026-09-29
https://sig.simur.gov.co/arcgis/home/item.html?id=2fa5c2861543442f9d11c071d8904e36,sig.simur.gov.co,URLError,unreachable,2026-09-29
https://sig.simur.gov.co/arcgis/home/item.html?id=2fad73b2c30f4e778732e89264318575,sig.simur.gov.co,URLError,unreachable,2026-09-29
https://sig.simur.gov.co/arcgis/home/item.html?id=2fe79aa4a9d14bff81878c74d3fcd7e7,sig.simur.gov.co,URLError,unreachable,2026-09-29
https://sig.simur.gov.co/arcgis/home/item.html?id=301990febe2a4735a3a3a95ccddefc4d,sig.simur.gov.co,URLError,unreachable,2026-09-29
https://sig.simur.gov.co/arcgis/home/item.html?id=30639f038f474e288fd3e41ff81a9644,sig.simur.gov.co,URLError,unreachable,2026-09-29
https://sig.simur.gov.co/arcgis/home/item.html?id=308d3b5a526e41a48d841cf28d354deb,sig.simur.gov.co,URLError,unreachable,2026-09-29
https://sig.simur.gov.co/arcgis/home/item.html?id=30bc158b99154b40b67e9878ed006ded,sig.simur.gov.co,URLError,unreachable,2026-09-29
https://sig.simur.gov.co/arcgis/home/item.html?id=30c79575bcf44166a53228a6051ff94c,sig.simur.gov.co,URLError,unreachable,2026-09-29
https://sig.simur.gov.co/arcgis/home/item.html?id=311c9bac43f946d0a8db11050d27889f,sig.simur.gov.co,URLError,unreachable,2026-09-29
https://sig.simur.gov.co/arcgis/home/item.html?id=3166b8c1e1b940438014dfc7b1df9f2b,sig.simur.gov.co,URLError,unreachable,2026-09-29
https://sig.simur.gov.co/arcgis/home/item.html?id=317a6868df5045b1a99b51afee413c36,sig.simur.gov.co,URLError,unreachable,2026-09-29
https://sig.simur.gov.co/arcgis/home/item.html?id=31960104ee4f43b3964caf5bc378da5e,sig.simur.gov.co,URLError,unreachable,2026-09-29
https://sig.simur.gov.co/arcgis/home/item.html?id=31b128dd788c4ecf95ec39af38460a13,sig.simur.gov.co,URLError,unreachable,2026-09-29
https://sig.simur.gov.co/arcgis/home/item.html?id=31bc25f6ca57489e85b23714d8df1f6e,sig.simur.gov.co,URLError,unreachable,2026-09-29
https://sig.simur.gov.co/arcgis/home/item.html?id=31c94a9ed9fd444ea32ace1b52cc1b07,sig.simur.gov.co,URLError,unreachable,2026-09-29
https://sig.simur.gov.co/arcgis/home/item.html?id=31cf5988f6bb442bac342b8dc9911e9b,sig.simur.gov.co,URLError,unreachable,2026-09-29
https://sig.simur.gov.co/arcgis/home/item.html?id=320042876cd74d62a160e2d776f63605,sig.simur.gov.co,URLError,unreachable,2026-09-29
https://sig.simur.gov.co/arcgis/home/item.html?id=320572f6ea2a4542a97eaebce428252b,sig.simur.gov.co,URLError,unreachable,2026-09-29
https://sig.simur.gov.co/arcgis/home/item.html?id=3247cd73adb841b3b9838eaafc87a52e,sig.simur.gov.co,URLError,unreachable,2026-09-29
https://sig.simur.gov.co/arcgis/home/item.html?id=3292fd1fdf09430e9b697cabf7f11520,sig.simur.gov.co,URLError,unreachable,2026-09-29
https://sig.simur.gov.co/arcgis/home/item.html?id=3355a416dc544d91a71d24b14f9a6b95,sig.simur.gov.co,URLError,unreachable,2026-09-29
https://sig.simur.gov.co/arcgis/home/item.html?id=335ea548e1654b6eb6f5fda948abab1f,sig.simur.gov.co,URLError,unreachable,2026-09-29
https://sig.simur.gov.co/arcgis/home/item.html?id=33af37376d354b2ea349ecb0b63ce39b,sig.simur.gov.co,URLError,unreachable,2026-09-29
https://sig.simur.gov.co/arcgis/home/item.html?id=33c44c413a39472d86369e8a4e243024,sig.simur.gov.co,URLError,unreachable,2026-09-29
https://sig.simur.gov.co/arcgis/home/item.html?id=34269f7d1fdd4d2dac42a4d751e78a36,sig.simur.gov.co,URLError,unreachable,2026-09-29
https://sig.simur.gov.co/arcgis/home/item.html?id=347f8ec5c2604384831e2216447868a2,sig.simur.gov.co,URLError,unreachable,2026-09-29
https://sig.simur.gov.co/arcgis/home/item.html?id=349a5bc74bf94a2e8af9ffc4a74fefac,sig.simur.gov.co,URLError,unreachable,2026-09-29
https://sig.simur.gov.co/arcgis/home/item.html?id=34da8b05c7144fbc8350fe91502bfc84,sig.simur.gov.co,URLError,unreachable,2026-09-29
https://sig.simur.gov.co/arcgis/home/item.html?id=350099c38b02429f93d7c6262d6b0cf4,sig.simur.gov.co,URLError,unreachable,2026-09-29
https://sig.simur.gov.co/arcgis/home/item.html?id=350e575d4bc644aea92055c7b465491e,sig.simur.gov.co,URLError,unreachable,2026-09-29
https://sig.simur.gov.co/arcgis/home/item.html?id=351c2842c9d746fda4eeaafa6fcdfde8,sig.simur.gov.co,URLError,unreachable,2026-09-29
https://sig.simur.gov.co/arcgis/home/item.html?id=3540be3467a441b695f2f1e5e463e83a,sig.simur.gov.co,URLError,unreachable,2026-09-29
https://sig.simur.gov.co/arcgis/home/item.html?id=357f002ba17b462da27c9c44ac161955,sig.simur.gov.co,URLError,unreachable,2026-09-29
https://sig.simur.gov.co/arcgis/home/item.html?id=35a72753ba9e4df293b6b69b20277183,sig.simur.gov.co,URLError,unreachable,2026-09-29
https://sig.simur.gov.co/arcgis/home/item.html?id=35c41b72818e4c8f8342a8e83b87e7b8,sig.simur.gov.co,URLError,unreachable,2026-09-29
https://sig.simur.gov.co/arcgis/home/item.html?id=35c48db98c4e46a2bfb6b4b1654e93c9,sig.simur.gov.co,URLError,unreachable,2026-09-29
https://sig.simur.gov.co/arcgis/home/item.html?id=35cf2618166a4990a17496cdd45af4c6,sig.simur.gov.co,URLError,unreachable,2026-09-29
https://sig.simur.gov.co/arcgis/home/item.html?id=36199542fced43079878670822d27277,sig.simur.gov.co,URLError,unreachable,2026-09-29
https://sig.simur.gov.co/arcgis/home/item.html?id=3664fe253789454f868aa6cf3069fe38,sig.simur.gov.co,URLError,unreachable,2026-09-29
https://sig.simur.gov.co/arcgis/home/item.html?id=36ec06e2bc4740be9eb46b06e2b0c999,sig.simur.gov.co,URLError,unreachable,2026-09-29
https://sig.simur.gov.co/arcgis/home/item.html?id=371bb8af434246bf87e90b691e5e4a8a,sig.simur.gov.co,URLError,unreachable,2026-09-29
https://sig.simur.gov.co/arcgis/home/item.html?id=373820ec4e7f40fa8c210a748d393fe3,sig.simur.gov.co,URLError,unreachable,2026-09-29
https://sig.simur.gov.co/arcgis/home/item.html?id=376518865488434a8b4efe396bd8d097,sig.simur.gov.co,URLError,unreachable,2026-09-29
https://sig.simur.gov.co/arcgis/home/item.html?id=37a5ea5c319b4453ac712833dd061e76,sig.simur.gov.co,URLError,unreachable,2026-09-29
https://sig.simur.gov.co/arcgis/home/item.html?id=383199a66bb64fdfa2e4ede001222701,sig.simur.gov.co,URLError,unreachable,2026-09-29
https://sig.simur.gov.co/arcgis/home/item.html?id=3835ec61cbf640a691c07c16a7fbf75d,sig.simur.gov.co,URLError,unreachable,2026-09-29
https://sig.simur.gov.co/arcgis/home/item.html?id=38d83f3db53f480ab19e9d442974a745,sig.simur.gov.co,URLError,unreachable,2026-09-29
https://sig.simur.gov.co/arcgis/home/item.html?id=390f2761d4f64d3cb52ea32a79e32ac7,sig.simur.gov.co,URLError,unreachable,2026-09-29
https://sig.simur.gov.co/arcgis/home/item.html?id=392a7a3b2ec841768c25b3cc6b4dd2f6,sig.simur.gov.co,URLError,unreachable,2026-09-29
https://sig.simur.gov.co/arcgis/home/item.html?id=3a6f882a165f46bead61c333414a7b22,sig.simur.gov.co,URLError,unreachable,2026-09-29
https://sig.simur.gov.co/arcgis/home/item.html?id=3a88da9555114896b774cdccefa68367,sig.simur.gov.co,URLError,unreachable,2026-09-29
https://sig.simur.gov.co/arcgis/home/item.html?id=3a953804acfb4e9b8283043c0a22da23,sig.simur.gov.co,URLError,unreachable,2026-09-29
https://sig.simur.gov.co/arcgis/home/item.html?id=3acdef1d96204113bf0cf1ee9782e52c,sig.simur.gov.co,URLError,unreachable,2026-09-29
https://sig.simur.gov.co/arcgis/home/item.html?id=3adfac41a76c4ca3a2aa72c1c48fd13c,sig.simur.gov.co,URLError,unreachable,2026-09-29
https://sig.simur.gov.co/arcgis/home/item.html?id=3ae7ab47639748ffbc07ae7304f22f83,sig.simur.gov.co,URLError,unreachable,2026-09-29
https://sig.simur.gov.co/arcgis/home/item.html?id=3b799f2f615f4f60b978fcfedd4e88aa,sig.simur.gov.co,URLError,unreachable,2026-09-29
https://sig.simur.gov.co/arcgis/home/item.html?id=3b7cf17ff1fd4c4485fc1f8396e54a90,sig.simur.gov.co,URLError,unreachable,2026-09-29
https://sig.simur.gov.co/arcgis/home/item.html?id=3b8146d139644e5ea62c665587ee2afb,sig.simur.gov.co,URLError,unreachable,2026-09-29
https://sig.simur.gov.co/arcgis/home/item.html?id=3c6ebe90251140d49159d32ad9b5c0b7,sig.simur.gov.co,URLError,unreachable,2026-09-29
https://sig.simur.gov.co/arcgis/home/item.html?id=3c8bc1a748df42649ce09ecfc95f1930,sig.simur.gov.co,URLError,unreachable,2026-09-29
https://sig.simur.gov.co/arcgis/home/item.html?id=3ca000c8bafd4a65b701adbfe2578e81,sig.simur.gov.co,URLError,unreachable,2026-09-29
https://sig.simur.gov.co/arcgis/home/item.html?id=3cceb0a224d544ca8bb44245128863a8,sig.simur.gov.co,URLError,unreachable,2026-09-29
https://sig.simur.gov.co/arcgis/home/item.html?id=3ce372d250534ea38d66899bfbeb5506,sig.simur.gov.co,URLError,unreachable,2026-09-29
https://sig.simur.gov.co/arcgis/home/item.html?id=3d5c9782ed454a1bbc446858aa0f3a65,sig.simur.gov.co,URLError,unreachable,2026-09-29
https://sig.simur.gov.co/arcgis/home/item.html?id=3d5f40a50a0643a084dfb1b5fbe3ec25,sig.simur.gov.co,URLError,unreachable,2026-09-29
https://sig.simur.gov.co/arcgis/home/item.html?id=3dc3cdce14014f3fa6ecb3236e8833b1,sig.simur.gov.co,URLError,unreachable,2026-09-29
https://sig.simur.gov.co/arcgis/home/item.html?id=3dd516ebc59c4a3c94d4ec622a5d0c07,sig.simur.gov.co,URLError,unreachable,2026-09-29
https://sig.simur.gov.co/arcgis/home/item.html?id=3e34ad3bf1ae41208c987b8c7f03563d,sig.simur.gov.co,URLError,unreachable,2026-09-29
https://sig.simur.gov.co/arcgis/home/item.html?id=3e4731ac17cb43198289e40328bf4ffd,sig.simur.gov.co,URLError,unreachable,2026-09-29
https://sig.simur.gov.co/arcgis/home/item.html?id=3e87cc44b54b4bfdba0908a4b9c66216,sig.simur.gov.co,URLError,unreachable,2026-09-29
https://sig.simur.gov.co/arcgis/home/item.html?id=3ec2dafa966a4115843a8641e1850d04,sig.simur.gov.co,URLError,unreachable,2026-09-29
https://sig.simur.gov.co/arcgis/home/item.html?id=3f18d7bb0f8c4002ba3280c7c404b1c2,sig.simur.gov.co,URLError,unreachable,2026-09-29
https://sig.simur.gov.co/arcgis/home/item.html?id=3f24e740dc524a54ad1bd36e683f4af1,sig.simur.gov.co,URLError,unreachable,2026-09-29
https://sig.simur.gov.co/arcgis/home/item.html?id=3f286868f50845bfbdecb85620cfc8cd,sig.simur.gov.co,URLError,unreachable,2026-09-29
https://sig.simur.gov.co/arcgis/home/item.html?id=3f337c93746848b8974af2591b986751,sig.simur.gov.co,URLError,unreachable,2026-09-29
https://sig.simur.gov.co/arcgis/home/item.html?id=3f4a8b972bd3421294b3bda9f57a6503,sig.simur.gov.co,URLError,unreachable,2026-09-29
https://sig.simur.gov.co/arcgis/home/item.html?id=3f67120bf7eb4431909c053faf7556ee,sig.simur.gov.co,URLError,unreachable,2026-09-29
https://sig.simur.gov.co/arcgis/home/item.html?id=3f92717754e24a0b999b6cb873e2facc,sig.simur.gov.co,URLError,unreachable,2026-09-29
https://sig.simur.gov.co/arcgis/home/item.html?id=3fc0940cff0746b0b07e497756943857,sig.simur.gov.co,URLError,unreachable,2026-09-29
https://sig.simur.gov.co/arcgis/home/item.html?id=3fc2677d3ab548a0b8e9b56ec2d5825f,sig.simur.gov.co,URLError,unreachable,2026-09-29
https://sig.simur.gov.co/arcgis/home/item.html?id=3fd1362a341344faa827fb9028d526a4,sig.simur.gov.co,URLError,unreachable,2026-09-29
https://sig.simur.gov.co/arcgis/home/item.html?id=3ff5cace969e41a889ab4d2f0f29c174,sig.simur.gov.co,URLError,unreachable,2026-09-29
https://sig.simur.gov.co/arcgis/home/item.html?id=4037704295704ae4a0f52baf3c8b951f,sig.simur.gov.co,URLError,unreachable,2026-09-29
https://sig.simur.gov.co/arcgis/home/item.html?id=4063ccb717ac49cdac56f5fff0f5a831,sig.simur.gov.co,URLError,unreachable,2026-09-29
https://sig.simur.gov.co/arcgis/home/item.html?id=409809c7c7d84788a30b38872a5771b3,sig.simur.gov.co,URLError,unreachable,2026-09-29
https://sig.simur.gov.co/arcgis/home/item.html?id=40aac1af05424893b323505d54e5f6a8,sig.simur.gov.co,URLError,unreachable,2026-09-29
https://sig.simur.gov.co/arcgis/home/item.html?id=40b2b147bc0843ddb5cc9ec11e536846,sig.simur.gov.co,URLError,unreachable,2026-09-29
https://sig.simur.gov.co/arcgis/home/item.html?id=412782bf8aac476885f9c2bf42252f87,sig.simur.gov.co,URLError,unreachable,2026-09-29
https://sig.simur.gov.co/arcgis/home/item.html?id=412f35ffabac45429fe20db7a31e189b,sig.simur.gov.co,URLError,unreachable,2026-09-29
https://sig.simur.gov.co/arcgis/home/item.html?id=4132d08fca0245a9a43327629a17e95b,sig.simur.gov.co,URLError,unreachable,2026-09-29
https://sig.simur.gov.co/arcgis/home/item.html?id=41483cdef18a4fd194eaa536c69b8e2c,sig.simur.gov.co,URLError,unreachable,2026-09-29
https://sig.simur.gov.co/arcgis/home/item.html?id=4173adba5e1f4eeb9670dce4bc319af9,sig.simur.gov.co,URLError,unreachable,2026-09-29
https://sig.simur.gov.co/arcgis/home/item.html?id=418900315df049f586ade3c7dd46b186,sig.simur.gov.co,URLError,unreachable,2026-09-29
https://sig.simur.gov.co/arcgis/home/item.html?id=424856e9945145c58b39e8eca5a40f6e,sig.simur.gov.co,URLError,unreachable,2026-09-29
https://sig.simur.gov.co/arcgis/home/item.html?id=426c023bca6143baa102504980ad71ae,sig.simur.gov.co,URLError,unreachable,2026-09-29
https://sig.simur.gov.co/arcgis/home/item.html?id=434180fb8d7342dbaca47545192f15c8,sig.simur.gov.co,URLError,unreachable,2026-09-29
https://sig.simur.gov.co/arcgis/home/item.html?id=435e49b9862547ba9438fca6b430ef8b,sig.simur.gov.co,URLError,unreachable,2026-09-29
https://sig.simur.gov.co/arcgis/home/item.html?id=4370c9362eb447e4871ad750dc903e1f,sig.simur.gov.co,URLError,unreachable,2026-09-29
https://sig.simur.gov.co/arcgis/home/item.html?id=43fb00a7635b4247ac04decfdfa580d9,sig.simur.gov.co,URLError,unreachable,2026-09-29
https://sig.simur.gov.co/arcgis/home/item.html?id=440a27c40e5546108584882d35016c8a,sig.simur.gov.co,URLError,unreachable,2026-09-29
https://sig.simur.gov.co/arcgis/home/item.html?id=4410be9312634f909741b1abbc4c3efa,sig.simur.gov.co,URLError,unreachable,2026-09-29
https://sig.simur.gov.co/arcgis/home/item.html?id=445f3ce66bc8428dacd997828060fa2c,sig.simur.gov.co,URLError,unreachable,2026-09-29
https://sig.simur.gov.co/arcgis/home/item.html?id=44c2877fdbb140fcbd27645798e99624,sig.simur.gov.co,URLError,unreachable,2026-09-29
https://sig.simur.gov.co/arcgis/home/item.html?id=45140d2e4c0a4366a7fdcd99ca1157e2,sig.simur.gov.co,URLError,unreachable,2026-09-29
https://sig.simur.gov.co/arcgis/home/item.html?id=451fba8e54b64468b54e7498ac462cbe,sig.simur.gov.co,URLError,unreachable,2026-09-29
https://sig.simur.gov.co/arcgis/home/item.html?id=462da6bb96904f95a51ce02da1046d00,sig.simur.gov.co,URLError,unreachable,2026-09-29
https://sig.simur.gov.co/arcgis/home/item.html?id=468ccac85bf04c8eb3b427129fb2fd45,sig.simur.gov.co,URLError,unreachable,2026-09-29
https://sig.simur.gov.co/arcgis/home/item.html?id=46ecbd43434244d3bededb3215d8eee6,sig.simur.gov.co,URLError,unreachable,2026-09-29
https://sig.simur.gov.co/arcgis/home/item.html?id=473d2fbbf12c4be79bd0bb63cf198b69,sig.simur.gov.co,URLError,unreachable,2026-09-29
https://sig.simur.gov.co/arcgis/home/item.html?id=47b04bb338184453a0522f16d00da9bf,sig.simur.gov.co,URLError,unreachable,2026-09-29
https://sig.simur.gov.co/arcgis/home/item.html?id=47d66214c1a14493995d1222ae5de73d,sig.simur.gov.co,URLError,unreachable,2026-09-29
https://sig.simur.gov.co/arcgis/home/item.html?id=482b9df9db5541bdbbdafee2cf544c92,sig.simur.gov.co,URLError,unreachable,2026-09-29
https://sig.simur.gov.co/arcgis/home/item.html?id=487d805e4dd847bd883f61b127ea9c4e,sig.simur.gov.co,URLError,unreachable,2026-09-29
https://sig.simur.gov.co/arcgis/home/item.html?id=48a8a0cbb75644a9b108ef228b98e87e,sig.simur.gov.co,URLError,unreachable,2026-09-29
https://sig.simur.gov.co/arcgis/home/item.html?id=48c41661cf1c4efd8637a474420e354b,sig.simur.gov.co,URLError,unreachable,2026-09-29
https://sig.simur.gov.co/arcgis/home/item.html?id=48d383b363b74286af92b902eed92bed,sig.simur.gov.co,URLError,unreachable,2026-09-29
https://sig.simur.gov.co/arcgis/home/item.html?id=48f9f2d91b9b4e41814fe1086a4ae2e6,sig.simur.gov.co,URLError,unreachable,2026-09-29
https://sig.simur.gov.co/arcgis/home/item.html?id=49003c0e95ea4dceb063862b19217522,sig.simur.gov.co,URLError,unreachable,2026-09-29
https://sig.simur.gov.co/arcgis/home/item.html?id=4985745ff7984393b1234d43c7ae36f4,sig.simur.gov.co,URLError,unreachable,2026-09-29
https://sig.simur.gov.co/arcgis/home/item.html?id=49fbdb5610c042d58b85b36c0efdc3f6,sig.simur.gov.co,URLError,unreachable,2026-09-29
https://sig.simur.gov.co/arcgis/home/item.html?id=4a361a3021a6468a8f21876c6355c28b,sig.simur.gov.co,URLError,unreachable,2026-09-29
https://sig.simur.gov.co/arcgis/home/item.html?id=4a7e793b3cef4a89ab33dc973da53640,sig.simur.gov.co,URLError,unreachable,2026-09-29
https://sig.simur.gov.co/arcgis/home/item.html?id=4a82628b897d4c82840fa08fd163f2a3,sig.simur.gov.co,URLError,unreachable,2026-09-29
https://sig.simur.gov.co/arcgis/home/item.html?id=4aa7bcf739344d25b0fae0c4063677a3,sig.simur.gov.co,URLError,unreachable,2026-09-29
https://sig.simur.gov.co/arcgis/home/item.html?id=4aaf61e35528498cb524f31664cc6337,sig.simur.gov.co,URLError,unreachable,2026-09-29
https://sig.simur.gov.co/arcgis/home/item.html?id=4ab0e396b3dc4aaab4e330e59f4b4023,sig.simur.gov.co,URLError,unreachable,2026-09-29
https://sig.simur.gov.co/arcgis/home/item.html?id=4af6912cda374159baa5eb47bfc75b5b,sig.simur.gov.co,URLError,unreachable,2026-09-29
https://sig.simur.gov.co/arcgis/home/item.html?id=4b1ba7a8028a47edb2084dddf9b2dff7,sig.simur.gov.co,URLError,unreachable,2026-09-29
https://sig.simur.gov.co/arcgis/home/item.html?id=4b5d6caf5c7b472bab1d5f0dfd425c10,sig.simur.gov.co,URLError,unreachable,2026-09-29
https://sig.simur.gov.co/arcgis/home/item.html?id=4ba39329a161485ea5d103e1d075eac7,sig.simur.gov.co,URLError,unreachable,2026-09-29
https://sig.simur.gov.co/arcgis/home/item.html?id=4bb176c74b474bb491e42a06f5245227,sig.simur.gov.co,URLError,unreachable,2026-09-29
https://sig.simur.gov.co/arcgis/home/item.html?id=4c114c853ec34e6d8d89c9ae4ee201ba,sig.simur.gov.co,URLError,unreachable,2026-09-29
https://sig.simur.gov.co/arcgis/home/item.html?id=4c83a798277e444b9d4dc89a3b8b202e,sig.simur.gov.co,URLError,unreachable,2026-09-29
https://sig.simur.gov.co/arcgis/home/item.html?id=4d17eb7df41f4ab69fb6f8ffaec36858,sig.simur.gov.co,URLError,unreachable,2026-09-29
https://sig.simur.gov.co/arcgis/home/item.html?id=4d4b10b489824190abe4697a5445b976,sig.simur.gov.co,URLError,unreachable,2026-09-29
https://sig.simur.gov.co/arcgis/home/item.html?id=4d62ffe1563e438b9a4fa697b6d34069,sig.simur.gov.co,URLError,unreachable,2026-09-29
https://sig.simur.gov.co/arcgis/home/item.html?id=4db204ca20184cb4a23ec822690d7c55,sig.simur.gov.co,URLError,unreachable,2026-09-29
https://sig.simur.gov.co/arcgis/home/item.html?id=4e56108d4b6c4757a3ce8c50495e5786,sig.simur.gov.co,URLError,unreachable,2026-09-29
https://sig.simur.gov.co/arcgis/home/item.html?id=4e76727b55184667a59c5691009f9ec2,sig.simur.gov.co,URLError,unreachable,2026-09-29
https://sig.simur.gov.co/arcgis/home/item.html?id=4e85eb2f2b44495f8a91f0ea0e00da80,sig.simur.gov.co,URLError,unreachable,2026-09-29
https://sig.simur.gov.co/arcgis/home/item.html?id=4ef685e3501c43c68b9ad5820330d932,sig.simur.gov.co,URLError,unreachable,2026-09-29
https://sig.simur.gov.co/arcgis/home/item.html?id=4f1c5dc76ec443e2b719fc96b7f7ce76,sig.simur.gov.co,URLError,unreachable,2026-09-29
https://sig.simur.gov.co/arcgis/home/item.html?id=4f2e1689f46248d080f6da9f8d853d66,sig.simur.gov.co,URLError,unreachable,2026-09-29
https://sig.simur.gov.co/arcgis/home/item.html?id=4f45cc362e924faeb5277d2b43b0838a,sig.simur.gov.co,URLError,unreachable,2026-09-29
https://sig.simur.gov.co/arcgis/home/item.html?id=4f7313b9f260466aa80f7386cc48b7b5,sig.simur.gov.co,URLError,unreachable,2026-09-29
https://sig.simur.gov.co/arcgis/home/item.html?id=4f762cfeb60d40be9f03223c13d11ce3,sig.simur.gov.co,URLError,unreachable,2026-09-29
https://sig.simur.gov.co/arcgis/home/item.html?id=4f99cb777d7749588449498ec331f745,sig.simur.gov.co,URLError,unreachable,2026-09-29
https://sig.simur.gov.co/arcgis/home/item.html?id=4ff2e3cf66544c8b9b5db5047eb93684,sig.simur.gov.co,URLError,unreachable,2026-09-29
https://sig.simur.gov.co/arcgis/home/item.html?id=4ffe67238e234a5c863bfd64fb47aa5e,sig.simur.gov.co,URLError,unreachable,2026-09-29
https://sig.simur.gov.co/arcgis/home/item.html?id=502825be795449d9b9243a1f2293a65e,sig.simur.gov.co,URLError,unreachable,2026-09-29
https://sig.simur.gov.co/arcgis/home/item.html?id=505d35fcb30a4a38ab66709180c3f071,sig.simur.gov.co,URLError,unreachable,2026-09-29
https://sig.simur.gov.co/arcgis/home/item.html?id=508456d0793a470a93176bd95ff9a3bf,sig.simur.gov.co,URLError,unreachable,2026-09-29
https://sig.simur.gov.co/arcgis/home/item.html?id=50a0f57ac4884347bead43a5d699bb31,sig.simur.gov.co,URLError,unreachable,2026-09-29
https://sig.simur.gov.co/arcgis/home/item.html?id=50afec8705ca401fa758e9843ce02346,sig.simur.gov.co,URLError,unreachable,2026-09-29
https://sig.simur.gov.co/arcgis/home/item.html?id=50b0a316062f4298bfc54073e2826d41,sig.simur.gov.co,URLError,unreachable,2026-09-29
https://sig.simur.gov.co/arcgis/home/item.html?id=5106fafb72f8467cb8c80e25816fcf26,sig.simur.gov.co,URLError,unreachable,2026-09-29
https://sig.simur.gov.co/arcgis/home/item.html?id=512b898f42e04a0bbcca4188753e97f1,sig.simur.gov.co,URLError,unreachable,2026-09-29
https://sig.simur.gov.co/arcgis/home/item.html?id=5180ccf1a3fc46dd994ed68fff97ba7c,sig.simur.gov.co,URLError,unreachable,2026-09-29
https://sig.simur.gov.co/arcgis/home/item.html?id=51813d90514d44e6b7c72e2e27430b7e,sig.simur.gov.co,URLError,unreachable,2026-09-29
https://sig.simur.gov.co/arcgis/home/item.html?id=51c81ef6990342eba1966104cc1a03d8,sig.simur.gov.co,URLError,unreachable,2026-09-29
https://sig.simur.gov.co/arcgis/home/item.html?id=524a7d6f35804eb7bbf629edd7b1da72,sig.simur.gov.co,URLError,unreachable,2026-09-29
https://sig.simur.gov.co/arcgis/home/item.html?id=52a0723dfe5243d388f2d013a3b648a0,sig.simur.gov.co,URLError,unreachable,2026-09-29
https://sig.simur.gov.co/arcgis/home/item.html?id=52d0d5e81dfd4e7e9b3268d566256f3c,sig.simur.gov.co,URLError,unreachable,2026-09-29
https://sig.simur.gov.co/arcgis/home/item.html?id=52d25e5be82a47b98d017bbbf918a16d,sig.simur.gov.co,URLError,unreachable,2026-09-29
https://sig.simur.gov.co/arcgis/home/item.html?id=52e3bd3a72f44706a191ba50a784199e,sig.simur.gov.co,URLError,unreachable,2026-09-29
https://sig.simur.gov.co/arcgis/home/item.html?id=52f76abc880d4bdb9c72df7af2e98a6f,sig.simur.gov.co,URLError,unreachable,2026-09-29
https://sig.simur.gov.co/arcgis/home/item.html?id=53391244db66409398a8036aa4912786,sig.simur.gov.co,URLError,unreachable,2026-09-29
https://sig.simur.gov.co/arcgis/home/item.html?id=536a99de6d014b6f85677e9c536968ec,sig.simur.gov.co,URLError,unreachable,2026-09-29
https://sig.simur.gov.co/arcgis/home/item.html?id=53a234569e504f5abb53b7016f898ed8,sig.simur.gov.co,URLError,unreachable,2026-09-29
https://sig.simur.gov.co/arcgis/home/item.html?id=53ae0164f9d6410d8148d17adf143dee,sig.simur.gov.co,URLError,unreachable,2026-09-29
https://sig.simur.gov.co/arcgis/home/item.html?id=53c3b17894f94f69a513c22ad20b2913,sig.simur.gov.co,URLError,unreachable,2026-09-29
https://sig.simur.gov.co/arcgis/home/item.html?id=549588dc19734513958c6a1d99f9ba47,sig.simur.gov.co,URLError,unreachable,2026-09-29
https://sig.simur.gov.co/arcgis/home/item.html?id=549b0879e5854e98b646c8c7579438c1,sig.simur.gov.co,URLError,unreachable,2026-09-29
https://sig.simur.gov.co/arcgis/home/item.html?id=5521a8ac4ae54c77820eab0b34b629ad,sig.simur.gov.co,URLError,unreachable,2026-09-29
https://sig.simur.gov.co/arcgis/home/item.html?id=55262a5197344bb0bf2b66cfe9b1bcfd,sig.simur.gov.co,URLError,unreachable,2026-09-29
https://sig.simur.gov.co/arcgis/home/item.html?id=552ace4e493041c89ab3fa6446a571fe,sig.simur.gov.co,URLError,unreachable,2026-09-29
https://sig.simur.gov.co/arcgis/home/item.html?id=554372047f694d4b922aac633dbf791d,sig.simur.gov.co,URLError,unreachable,2026-09-29
https://sig.simur.gov.co/arcgis/home/item.html?id=55534ae4bf8b49f1bc374de0e9d25a7e,sig.simur.gov.co,URLError,unreachable,2026-09-29
https://sig.simur.gov.co/arcgis/home/item.html?id=557f73fda9eb4960b29a3712501426f8,sig.simur.gov.co,URLError,unreachable,2026-09-29
https://sig.simur.gov.co/arcgis/home/item.html?id=558d6047bac540aa8e12d4e084ae2315,sig.simur.gov.co,URLError,unreachable,2026-09-29
https://sig.simur.gov.co/arcgis/home/item.html?id=55a16b0ab89b4242ac90abada183cbb3,sig.simur.gov.co,URLError,unreachable,2026-09-29
https://sig.simur.gov.co/arcgis/home/item.html?id=55c5a7813db941a59a37bd674269e262,sig.simur.gov.co,URLError,unreachable,2026-09-29
https://sig.simur.gov.co/arcgis/home/item.html?id=55eccda145b1497098368572c36b335f,sig.simur.gov.co,URLError,unreachable,2026-09-29
https://sig.simur.gov.co/arcgis/home/item.html?id=560393b0373a48f5a0b30c40d969471e,sig.simur.gov.co,URLError,unreachable,2026-09-29
https://sig.simur.gov.co/arcgis/home/item.html?id=563d4176894544bba0afa7c390bef70d,sig.simur.gov.co,URLError,unreachable,2026-09-29
https://sig.simur.gov.co/arcgis/home/item.html?id=567b6e1dfd744e21b43b9cef77d5ded3,sig.simur.gov.co,URLError,unreachable,2026-09-29
https://sig.simur.gov.co/arcgis/home/item.html?id=56ee08cb595545ad9529ba8fd950ae63,sig.simur.gov.co,URLError,unreachable,2026-09-29
https://sig.simur.gov.co/arcgis/home/item.html?id=56f024f02e8d4234b24c173c0a2e6801,sig.simur.gov.co,URLError,unreachable,2026-09-29
https://sig.simur.gov.co/arcgis/home/item.html?id=571b1d6f46e24979adf974094a1ed9af,sig.simur.gov.co,URLError,unreachable,2026-09-29
https://sig.simur.gov.co/arcgis/home/item.html?id=57668e025e8e41539b94a7aaa25812b2,sig.simur.gov.co,URLError,unreachable,2026-09-29
https://sig.simur.gov.co/arcgis/home/item.html?id=57a9027dfec94d78b9d259f08b0dd567,sig.simur.gov.co,URLError,unreachable,2026-09-29
https://sig.simur.gov.co/arcgis/home/item.html?id=5869bb28c2d74d8a96a9d118bec20ce6,sig.simur.gov.co,URLError,unreachable,2026-09-29
https://sig.simur.gov.co/arcgis/home/item.html?id=58916ff1bc2f4354b71926c23b134050,sig.simur.gov.co,URLError,unreachable,2026-09-29
https://sig.simur.gov.co/arcgis/home/item.html?id=58afdd0c66d64b1ba45b663a8722b719,sig.simur.gov.co,URLError,unreachable,2026-09-29
https://sig.simur.gov.co/arcgis/home/item.html?id=58d4b8d5bbc94332990d83518ae72af3,sig.simur.gov.co,URLError,unreachable,2026-09-29
https://sig.simur.gov.co/arcgis/home/item.html?id=58e291eeaa2c4da09f6e7d3450d7eed4,sig.simur.gov.co,URLError,unreachable,2026-09-29
https://sig.simur.gov.co/arcgis/home/item.html?id=5956aae554714834b252b3addb5fe74d,sig.simur.gov.co,URLError,unreachable,2026-09-29
https://sig.simur.gov.co/arcgis/home/item.html?id=595b42404e7f4fb0906862c6ab69c3dd,sig.simur.gov.co,URLError,unreachable,2026-09-29
https://sig.simur.gov.co/arcgis/home/item.html?id=5966d1d8eb734a0492683cd7480229d3,sig.simur.gov.co,URLError,unreachable,2026-09-29
https://sig.simur.gov.co/arcgis/home/item.html?id=597af429fafc48288487f7937a47a93d,sig.simur.gov.co,URLError,unreachable,2026-09-29
https://sig.simur.gov.co/arcgis/home/item.html?id=599751603a494051b15ac3d4f1f38ec5,sig.simur.gov.co,URLError,unreachable,2026-09-29
https://sig.simur.gov.co/arcgis/home/item.html?id=59b74490948b4647be33e904cc0de885,sig.simur.gov.co,URLError,unreachable,2026-09-29
https://sig.simur.gov.co/arcgis/home/item.html?id=59b77547f7ec4d0da3f5219e4a4982de,sig.simur.gov.co,URLError,unreachable,2026-09-29
https://sig.simur.gov.co/arcgis/home/item.html?id=59b7efd38c834257b4f7601a19af2d74,sig.simur.gov.co,URLError,unreachable,2026-09-29
https://sig.simur.gov.co/arcgis/home/item.html?id=5a90a75b937b4b8ebb366861ed6bf339,sig.simur.gov.co,URLError,unreachable,2026-09-29
https://sig.simur.gov.co/arcgis/home/item.html?id=5ae0bc37cb9046bca66e52e58d31a9ab,sig.simur.gov.co,URLError,unreachable,2026-09-29
https://sig.simur.gov.co/arcgis/home/item.html?id=5aecab63014f448799d9a4ec5218612e,sig.simur.gov.co,URLError,unreachable,2026-09-29
https://sig.simur.gov.co/arcgis/home/item.html?id=5b3df04343fa419791a63f9ea0b6a929,sig.simur.gov.co,URLError,unreachable,2026-09-29
https://sig.simur.gov.co/arcgis/home/item.html?id=5b9787efee7b482cb828d51234fd4d5c,sig.simur.gov.co,URLError,unreachable,2026-09-29
https://sig.simur.gov.co/arcgis/home/item.html?id=5badc3ed3c744ae5a5e43f097ea2927e,sig.simur.gov.co,URLError,unreachable,2026-09-29
https://sig.simur.gov.co/arcgis/home/item.html?id=5bd3c45954434affa68e804a621ef47b,sig.simur.gov.co,URLError,unreachable,2026-09-29
https://sig.simur.gov.co/arcgis/home/item.html?id=5bf9fcb8aa144ef79a72c91ce6ef3e18,sig.simur.gov.co,URLError,unreachable,2026-09-29
https://sig.simur.gov.co/arcgis/home/item.html?id=5bfa7cf197534422a4b5bc1ef7bc7af2,sig.simur.gov.co,URLError,unreachable,2026-09-29
https://sig.simur.gov.co/arcgis/home/item.html?id=5c37c68ee7f048fdaae02e4b2ffbd48f,sig.simur.gov.co,URLError,unreachable,2026-09-29
https://sig.simur.gov.co/arcgis/home/item.html?id=5c3dd02f870740d985bc28fd837e8f4c,sig.simur.gov.co,URLError,unreachable,2026-09-29
https://sig.simur.gov.co/arcgis/home/item.html?id=5c6fb2da93ed4433ad63bb9692bb18b3,sig.simur.gov.co,URLError,unreachable,2026-09-29
https://sig.simur.gov.co/arcgis/home/item.html?id=5c85487df0ea4a9784a5f1d1b99cce1d,sig.simur.gov.co,URLError,unreachable,2026-09-29
https://sig.simur.gov.co/arcgis/home/item.html?id=5c9af8abb93b427c9952e6c48b118602,sig.simur.gov.co,URLError,unreachable,2026-09-29
https://sig.simur.gov.co/arcgis/home/item.html?id=5cd93c2e458f4ed588c0f0c5412b0f25,sig.simur.gov.co,URLError,unreachable,2026-09-29
https://sig.simur.gov.co/arcgis/home/item.html?id=5d20739f528d407b90290d120a4dcaab,sig.simur.gov.co,URLError,unreachable,2026-09-29
https://sig.simur.gov.co/arcgis/home/item.html?id=5d23240223044a92bc8a85cef202df72,sig.simur.gov.co,URLError,unreachable,2026-09-29
https://sig.simur.gov.co/arcgis/home/item.html?id=5d581d715adb4af39dc2fd4d1492b6b8,sig.simur.gov.co,URLError,unreachable,2026-09-29
https://sig.simur.gov.co/arcgis/home/item.html?id=5d93df0fea1b456a90c10b4b7a3d1bda,sig.simur.gov.co,URLError,unreachable,2026-09-29
https://sig.simur.gov.co/arcgis/home/item.html?id=5da937cb9b894a56a824839f4253e078,sig.simur.gov.co,URLError,unreachable,2026-09-29
https://sig.simur.gov.co/arcgis/home/item.html?id=5db5a280524246618facddc4c3969882,sig.simur.gov.co,URLError,unreachable,2026-09-29
https://sig.simur.gov.co/arcgis/home/item.html?id=5e804d284b854324bd734587e8805f17,sig.simur.gov.co,URLError,unreachable,2026-09-29
https://sig.simur.gov.co/arcgis/home/item.html?id=5e83740429074b99bc23424b22dca63c,sig.simur.gov.co,URLError,unreachable,2026-09-29
https://sig.simur.gov.co/arcgis/home/item.html?id=5ef8de8a87514fc6b966c16e68420cc1,sig.simur.gov.co,URLError,unreachable,2026-09-29
https://sig.simur.gov.co/arcgis/home/item.html?id=5f445e68d2aa4f089a1bf4713f98c8ca,sig.simur.gov.co,URLError,unreachable,2026-09-29
https://sig.simur.gov.co/arcgis/home/item.html?id=5f8fc184d9284d53aa4fc713b8a27789,sig.simur.gov.co,URLError,unreachable,2026-09-29
https://sig.simur.gov.co/arcgis/home/item.html?id=5f956478f3574be5bff44e93639518e1,sig.simur.gov.co,URLError,unreachable,2026-09-29
https://sig.simur.gov.co/arcgis/home/item.html?id=5fb2ff7edd41428ba229d75de616eadd,sig.simur.gov.co,URLError,unreachable,2026-09-29
https://sig.simur.gov.co/arcgis/home/item.html?id=5ff7704e39c746e696b548450695d8f0,sig.simur.gov.co,URLError,unreachable,2026-09-29
https://sig.simur.gov.co/arcgis/home/item.html?id=600d17a26794408baae8ac21dae6f69f,sig.simur.gov.co,URLError,unreachable,2026-09-29
https://sig.simur.gov.co/arcgis/home/item.html?id=609dd5919a48490c968796e671f6d4ed,sig.simur.gov.co,URLError,unreachable,2026-09-29
https://sig.simur.gov.co/arcgis/home/item.html?id=60cb6f723c414adda422c9dcfe8826ac,sig.simur.gov.co,URLError,unreachable,2026-09-29
https://sig.simur.gov.co/arcgis/home/item.html?id=6156a7a71d2d47848036c7183c2d485d,sig.simur.gov.co,URLError,unreachable,2026-09-29
https://sig.simur.gov.co/arcgis/home/item.html?id=6168907eb20b4df9a3d5b5c6b847a948,sig.simur.gov.co,URLError,unreachable,2026-09-29
https://sig.simur.gov.co/arcgis/home/item.html?id=61be2fc5dc6447ae8a22b1f4534d86d4,sig.simur.gov.co,URLError,unreachable,2026-09-29
https://sig.simur.gov.co/arcgis/home/item.html?id=61d64c00acc14b47b34292e8d631f5f0,sig.simur.gov.co,URLError,unreachable,2026-09-29
https://sig.simur.gov.co/arcgis/home/item.html?id=620f78a7d4464e3f8f7ae8c507267c01,sig.simur.gov.co,URLError,unreachable,2026-09-29
https://sig.simur.gov.co/arcgis/home/item.html?id=6217d681f9014544b7098335c1c49b4f,sig.simur.gov.co,URLError,unreachable,2026-09-29
https://sig.simur.gov.co/arcgis/home/item.html?id=6220a315fca64d1eb90c6e1f8472b292,sig.simur.gov.co,URLError,unreachable,2026-09-29
https://sig.simur.gov.co/arcgis/home/item.html?id=6269f15ed1674568b945c8760ee5bb57,sig.simur.gov.co,URLError,unreachable,2026-09-29
https://sig.simur.gov.co/arcgis/home/item.html?id=62b044ed157446228c9803fde0517090,sig.simur.gov.co,URLError,unreachable,2026-09-29
https://sig.simur.gov.co/arcgis/home/item.html?id=62f425fafd524aad968543473f5a0555,sig.simur.gov.co,URLError,unreachable,2026-09-29
https://sig.simur.gov.co/arcgis/home/item.html?id=637e6210d553454ba617c29e6056680c,sig.simur.gov.co,URLError,unreachable,2026-09-29
https://sig.simur.gov.co/arcgis/home/item.html?id=63c69e00b980473db49d8267e5b6634f,sig.simur.gov.co,URLError,unreachable,2026-09-29
https://sig.simur.gov.co/arcgis/home/item.html?id=641c3d20d0f14f04b5e0a65237b0e496,sig.simur.gov.co,URLError,unreachable,2026-09-29
https://sig.simur.gov.co/arcgis/home/item.html?id=651eecf23f18408eb136a816b4f9fc5f,sig.simur.gov.co,URLError,unreachable,2026-09-29
https://sig.simur.gov.co/arcgis/home/item.html?id=652546ec8c194969845b57f79414ec1a,sig.simur.gov.co,URLError,unreachable,2026-09-29
https://sig.simur.gov.co/arcgis/home/item.html?id=65b489ee69384b9bb8a13f3e92fd375a,sig.simur.gov.co,URLError,unreachable,2026-09-29
https://sig.simur.gov.co/arcgis/home/item.html?id=65d243b8d850432e82989a0177e3f200,sig.simur.gov.co,URLError,unreachable,2026-09-29
https://sig.simur.gov.co/arcgis/home/item.html?id=65e182d7d3604c2cbfc900073880bb28,sig.simur.gov.co,URLError,unreachable,2026-09-29
https://sig.simur.gov.co/arcgis/home/item.html?id=663328dc6af84288968ba9eb737cdd94,sig.simur.gov.co,URLError,unreachable,2026-09-29
https://sig.simur.gov.co/arcgis/home/item.html?id=6638a8ade02c4b138761fd430bb50527,sig.simur.gov.co,URLError,unreachable,2026-09-29
https://sig.simur.gov.co/arcgis/home/item.html?id=668311920c69404b968565c4e8175196,sig.simur.gov.co,URLError,unreachable,2026-09-29
https://sig.simur.gov.co/arcgis/home/item.html?id=669e2fcc4b554ae29e08636436207887,sig.simur.gov.co,URLError,unreachable,2026-09-29
https://sig.simur.gov.co/arcgis/home/item.html?id=672e7bafb3944175bb4ec49946ce7760,sig.simur.gov.co,URLError,unreachable,2026-09-29
https://sig.simur.gov.co/arcgis/home/item.html?id=677c387701a34b51bf93041ea6929210,sig.simur.gov.co,URLError,unreachable,2026-09-29
https://sig.simur.gov.co/arcgis/home/item.html?id=679578befe20433482e3aa6e7175f562,sig.simur.gov.co,URLError,unreachable,2026-09-29
https://sig.simur.gov.co/arcgis/home/item.html?id=67a6a0ce7f6542d591aee403b32da558,sig.simur.gov.co,URLError,unreachable,2026-09-29
https://sig.simur.gov.co/arcgis/home/item.html?id=67bc6f952ba14b6dbf61aad57d67712a,sig.simur.gov.co,URLError,unreachable,2026-09-29
https://sig.simur.gov.co/arcgis/home/item.html?id=67e94aa36314445599ff2a8370b018c1,sig.simur.gov.co,URLError,unreachable,2026-09-29
https://sig.simur.gov.co/arcgis/home/item.html?id=6849daaabd4149e788a606a4e382c86b,sig.simur.gov.co,URLError,unreachable,2026-09-29
https://sig.simur.gov.co/arcgis/home/item.html?id=686c0192e8d34160bc14467e3d6455a8,sig.simur.gov.co,URLError,unreachable,2026-09-29
https://sig.simur.gov.co/arcgis/home/item.html?id=689e67a550cf4d8a8be678e287421c3b,sig.simur.gov.co,URLError,unreachable,2026-09-29
https://sig.simur.gov.co/arcgis/home/item.html?id=68df490736144964b835de993a1e8d75,sig.simur.gov.co,URLError,unreachable,2026-09-29
https://sig.simur.gov.co/arcgis/home/item.html?id=692f1167042349668bf98dd208e6d65b,sig.simur.gov.co,URLError,unreachable,2026-09-29
https://sig.simur.gov.co/arcgis/home/item.html?id=693f8f3265d6420489931d67b06d41a5,sig.simur.gov.co,URLError,unreachable,2026-09-29
https://sig.simur.gov.co/arcgis/home/item.html?id=6980da9f6fb74df49cab67204be4f0ba,sig.simur.gov.co,URLError,unreachable,2026-09-29
https://sig.simur.gov.co/arcgis/home/item.html?id=699df98856f54011ac5c791de1ee243e,sig.simur.gov.co,URLError,unreachable,2026-09-29
https://sig.simur.gov.co/arcgis/home/item.html?id=69abdf7949ad4846af2dd5968a0263a5,sig.simur.gov.co,URLError,unreachable,2026-09-29
https://sig.simur.gov.co/arcgis/home/item.html?id=6a0e779d5f28456587c17afeae45df4a,sig.simur.gov.co,URLError,unreachable,2026-09-29
https://sig.simur.gov.co/arcgis/home/item.html?id=6a4706b34cc54ce2a38f2076f7d103fe,sig.simur.gov.co,URLError,unreachable,2026-09-29
https://sig.simur.gov.co/arcgis/home/item.html?id=6a54b42d886641b98df28ec37372775c,sig.simur.gov.co,URLError,unreachable,2026-09-29
https://sig.simur.gov.co/arcgis/home/item.html?id=6afc97400101401c8505cd553eb68c2c,sig.simur.gov.co,URLError,unreachable,2026-09-29
https://sig.simur.gov.co/arcgis/home/item.html?id=6b198f88415943a2b8bad0e3e801f624,sig.simur.gov.co,URLError,unreachable,2026-09-29
https://sig.simur.gov.co/arcgis/home/item.html?id=6b43ac0e024a4dccab5cd8f9520e4804,sig.simur.gov.co,URLError,unreachable,2026-09-29
https://sig.simur.gov.co/arcgis/home/item.html?id=6b7c09a4843040a5b07bb514273bc9a4,sig.simur.gov.co,URLError,unreachable,2026-09-29
https://sig.simur.gov.co/arcgis/home/item.html?id=6bbcb6cc043443bebdcc1cdc9320ad2c,sig.simur.gov.co,URLError,unreachable,2026-09-29
https://sig.simur.gov.co/arcgis/home/item.html?id=6bf91e6a216d4fcf8a61934473bc4347,sig.simur.gov.co,URLError,unreachable,2026-09-29
https://sig.simur.gov.co/arcgis/home/item.html?id=6c18db9dbb2749ea860a79f13467ac75,sig.simur.gov.co,URLError,unreachable,2026-09-29
https://sig.simur.gov.co/arcgis/home/item.html?id=6c7653a298004f5897055cb3233e3c99,sig.simur.gov.co,URLError,unreachable,2026-09-29
https://sig.simur.gov.co/arcgis/home/item.html?id=6cab43ea9e42460b9f40c76559687c29,sig.simur.gov.co,URLError,unreachable,2026-09-29
https://sig.simur.gov.co/arcgis/home/item.html?id=6d1600785cb5446ebfd72c6fb9c2af32,sig.simur.gov.co,URLError,unreachable,2026-09-29
https://sig.simur.gov.co/arcgis/home/item.html?id=6d877bf9c3e54ca7a0385c7824f87b67,sig.simur.gov.co,URLError,unreachable,2026-09-29
https://sig.simur.gov.co/arcgis/home/item.html?id=6dbd1561f99342989a706ada1455b9cd,sig.simur.gov.co,URLError,unreachable,2026-09-29
https://sig.simur.gov.co/arcgis/home/item.html?id=6dcbc07f422540f396a4b3fa2a7476b1,sig.simur.gov.co,URLError,unreachable,2026-09-29
https://sig.simur.gov.co/arcgis/home/item.html?id=6def68cda70c43ab8d93d74f43c5915a,sig.simur.gov.co,URLError,unreachable,2026-09-29
https://sig.simur.gov.co/arcgis/home/item.html?id=6e9447e183d641f4854db2bd823b4ca1,sig.simur.gov.co,URLError,unreachable,2026-09-29
https://sig.simur.gov.co/arcgis/home/item.html?id=6eab3b6d544e4369aa6c3869e6164708,sig.simur.gov.co,URLError,unreachable,2026-09-29
https://sig.simur.gov.co/arcgis/home/item.html?id=6ed642b75ffa49ebb6ffe49461b7b31f,sig.simur.gov.co,URLError,unreachable,2026-09-29
https://sig.simur.gov.co/arcgis/home/item.html?id=6f3742f93ed347569bd624b212716cef,sig.simur.gov.co,URLError,unreachable,2026-09-29
https://sig.simur.gov.co/arcgis/home/item.html?id=6f4879d2a98c46a48328ead7248c1d38,sig.simur.gov.co,URLError,unreachable,2026-09-29
https://sig.simur.gov.co/arcgis/home/item.html?id=6f53d6ef921e4c228cb8c3b5a10d3c38,sig.simur.gov.co,URLError,unreachable,2026-09-29
https://sig.simur.gov.co/arcgis/home/item.html?id=6f549f7e07764315a4931d09cd96d349,sig.simur.gov.co,URLError,unreachable,2026-09-29
https://sig.simur.gov.co/arcgis/home/item.html?id=6f5694cda6c9423da1a293bf34581fb1,sig.simur.gov.co,URLError,unreachable,2026-09-29
https://sig.simur.gov.co/arcgis/home/item.html?id=6f5efbc2b0944ae9980b539aee00c7a9,sig.simur.gov.co,URLError,unreachable,2026-09-29
https://sig.simur.gov.co/arcgis/home/item.html?id=6f7be392a5b4404d8c07df2e17abde2c,sig.simur.gov.co,URLError,unreachable,2026-09-29
https://sig.simur.gov.co/arcgis/home/item.html?id=6f813984d3f0488c8db2d2cd507b2637,sig.simur.gov.co,URLError,unreachable,2026-09-29
https://sig.simur.gov.co/arcgis/home/item.html?id=6f9fc99901cd4a10b82c30bba8a336b1,sig.simur.gov.co,URLError,unreachable,2026-09-29
https://sig.simur.gov.co/arcgis/home/item.html?id=6fa5e0933830475ab59ac45f055087b9,sig.simur.gov.co,URLError,unreachable,2026-09-29
https://sig.simur.gov.co/arcgis/home/item.html?id=7067535fcb8c4553a984127b45df7a47,sig.simur.gov.co,URLError,unreachable,2026-09-29
https://sig.simur.gov.co/arcgis/home/item.html?id=70c11c400f0a4935ae8599a0faf79760,sig.simur.gov.co,URLError,unreachable,2026-09-29
https://sig.simur.gov.co/arcgis/home/item.html?id=710900fc211c4b3ab568a41f8d1c56e6,sig.simur.gov.co,URLError,unreachable,2026-09-29
https://sig.simur.gov.co/arcgis/home/item.html?id=713577e961794e169a8dbafc0db01eb7,sig.simur.gov.co,URLError,unreachable,2026-09-29
https://sig.simur.gov.co/arcgis/home/item.html?id=71529dffa110449c8d69d18c2e211c46,sig.simur.gov.co,URLError,unreachable,2026-09-29
https://sig.simur.gov.co/arcgis/home/item.html?id=71858b0235dd48a4a2a27edffceeeba8,sig.simur.gov.co,URLError,unreachable,2026-09-29
https://sig.simur.gov.co/arcgis/home/item.html?id=71933325f92f4ba888f76cfd72e7c052,sig.simur.gov.co,URLError,unreachable,2026-09-29
https://sig.simur.gov.co/arcgis/home/item.html?id=71bfc10d0fc6432a9017e45c8db45f39,sig.simur.gov.co,URLError,unreachable,2026-09-29
https://sig.simur.gov.co/arcgis/home/item.html?id=71e95eefd67c4c419153a8d71699b0c2,sig.simur.gov.co,URLError,unreachable,2026-09-29
https://sig.simur.gov.co/arcgis/home/item.html?id=7203c7981b554eadbb48651babca7ba3,sig.simur.gov.co,URLError,unreachable,2026-09-29
https://sig.simur.gov.co/arcgis/home/item.html?id=724539b3b2474cb1addae6ad0533f359,sig.simur.gov.co,URLError,unreachable,2026-09-29
https://sig.simur.gov.co/arcgis/home/item.html?id=727c4ee5d5724a56b7963ca8fe587aa1,sig.simur.gov.co,URLError,unreachable,2026-09-29
https://sig.simur.gov.co/arcgis/home/item.html?id=727d6ed1c982497db165ed19e1d13a64,sig.simur.gov.co,URLError,unreachable,2026-09-29
https://sig.simur.gov.co/arcgis/home/item.html?id=72d517c700ed4ff480cbcebdcab00f0a,sig.simur.gov.co,URLError,unreachable,2026-09-29
https://sig.simur.gov.co/arcgis/home/item.html?id=72db825a3cfb495aa0234fefee651e47,sig.simur.gov.co,URLError,unreachable,2026-09-29
https://sig.simur.gov.co/arcgis/home/item.html?id=7302f9453c8e4597b157a3167610264c,sig.simur.gov.co,URLError,unreachable,2026-09-29
https://sig.simur.gov.co/arcgis/home/item.html?id=731b23dd5a6a4f019d849cf65ab9ef7c,sig.simur.gov.co,URLError,unreachable,2026-09-29
https://sig.simur.gov.co/arcgis/home/item.html?id=73d5b25539b74d4a826d5714e562c6f7,sig.simur.gov.co,URLError,unreachable,2026-09-29
https://sig.simur.gov.co/arcgis/home/item.html?id=7403025c05884a2c9f45a31d666a8031,sig.simur.gov.co,URLError,unreachable,2026-09-29
https://sig.simur.gov.co/arcgis/home/item.html?id=7436086022bb46fb8c3f9653e15c5a8b,sig.simur.gov.co,URLError,unreachable,2026-09-29
https://sig.simur.gov.co/arcgis/home/item.html?id=74380c79a6ad40aaa93e2463f5ffe55d,sig.simur.gov.co,URLError,unreachable,2026-09-29
https://sig.simur.gov.co/arcgis/home/item.html?id=749d54bfce3f4a6e8115ec3fe683986e,sig.simur.gov.co,URLError,unreachable,2026-09-29
https://sig.simur.gov.co/arcgis/home/item.html?id=752b8c1616be46bf85bc8e33a186cc62,sig.simur.gov.co,URLError,unreachable,2026-09-29
https://sig.simur.gov.co/arcgis/home/item.html?id=757505bca9b74dc18829a2c189485b22,sig.simur.gov.co,URLError,unreachable,2026-09-29
https://sig.simur.gov.co/arcgis/home/item.html?id=75a7f7728df04410ba4aa6f6afc069f4,sig.simur.gov.co,URLError,unreachable,2026-09-29
https://sig.simur.gov.co/arcgis/home/item.html?id=75cd53c25bae4e99a4ee093d77b2ddfc,sig.simur.gov.co,URLError,unreachable,2026-09-29
https://sig.simur.gov.co/arcgis/home/item.html?id=75fcbe6384b24a52911be22be0bb3c59,sig.simur.gov.co,URLError,unreachable,2026-09-29
https://sig.simur.gov.co/arcgis/home/item.html?id=765eb7783a9d4bf2a77dc6b432f38b8f,sig.simur.gov.co,URLError,unreachable,2026-09-29
https://sig.simur.gov.co/arcgis/home/item.html?id=76ad8c26057f4eb79a23fe0956902e31,sig.simur.gov.co,URLError,unreachable,2026-09-29
https://sig.simur.gov.co/arcgis/home/item.html?id=776e39e6716347619504fb8eb9018902,sig.simur.gov.co,URLError,unreachable,2026-09-29
https://sig.simur.gov.co/arcgis/home/item.html?id=779fda6fbb48409ba160a55cb2dc53e5,sig.simur.gov.co,URLError,unreachable,2026-09-29
https://sig.simur.gov.co/arcgis/home/item.html?id=77d168d3f04045b1aabb12399fa9dd5d,sig.simur.gov.co,URLError,unreachable,2026-09-29
https://sig.simur.gov.co/arcgis/home/item.html?id=77d91cd80892418e884b390c54a2a041,sig.simur.gov.co,URLError,unreachable,2026-09-29
https://sig.simur.gov.co/arcgis/home/item.html?id=780a22bed4664cbea02bd0208319dbdb,sig.simur.gov.co,URLError,unreachable,2026-09-29
https://sig.simur.gov.co/arcgis/home/item.html?id=781026d1197a44ca9bd1aed8d480bac8,sig.simur.gov.co,URLError,unreachable,2026-09-29
https://sig.simur.gov.co/arcgis/home/item.html?id=7817b35534d447989850c3a30ee36bf0,sig.simur.gov.co,URLError,unreachable,2026-09-29
https://sig.simur.gov.co/arcgis/home/item.html?id=786166ad62f44af5ac8aa9d87c8944c1,sig.simur.gov.co,URLError,unreachable,2026-09-29
https://sig.simur.gov.co/arcgis/home/item.html?id=786c497dc2544415bc7c9046fc8551c0,sig.simur.gov.co,URLError,unreachable,2026-09-29
https://sig.simur.gov.co/arcgis/home/item.html?id=789a84cff797442f9fdeb549885a4cde,sig.simur.gov.co,URLError,unreachable,2026-09-29
https://sig.simur.gov.co/arcgis/home/item.html?id=78e82daefb9e4ae383d2c47f24d580bb,sig.simur.gov.co,URLError,unreachable,2026-09-29
https://sig.simur.gov.co/arcgis/home/item.html?id=790fc05814914347bd4bcf348eebf6d7,sig.simur.gov.co,URLError,unreachable,2026-09-29
https://sig.simur.gov.co/arcgis/home/item.html?id=79273f9871bf45f4a253e6662e45d92a,sig.simur.gov.co,URLError,unreachable,2026-09-29
https://sig.simur.gov.co/arcgis/home/item.html?id=794cc1b6837e4a60bc6ef20cd22a9765,sig.simur.gov.co,URLError,unreachable,2026-09-29
https://sig.simur.gov.co/arcgis/home/item.html?id=7955c9b35e8f4770848bd447132488bd,sig.simur.gov.co,URLError,unreachable,2026-09-29
https://sig.simur.gov.co/arcgis/home/item.html?id=79bbd3fda4554749a599d4d3f47aa65c,sig.simur.gov.co,URLError,unreachable,2026-09-29
https://sig.simur.gov.co/arcgis/home/item.html?id=79f9690195a449e49ee69593ec4fa2c6,sig.simur.gov.co,URLError,unreachable,2026-09-29
https://sig.simur.gov.co/arcgis/home/item.html?id=7a14769411704675b2378296666c4c59,sig.simur.gov.co,URLError,unreachable,2026-09-29
https://sig.simur.gov.co/arcgis/home/item.html?id=7a1fa50ae03f4afc981dd204c5501851,sig.simur.gov.co,URLError,unreachable,2026-09-29
https://sig.simur.gov.co/arcgis/home/item.html?id=7a7035efad2543f993ee5a9d04066869,sig.simur.gov.co,URLError,unreachable,2026-09-29
https://sig.simur.gov.co/arcgis/home/item.html?id=7aabaf127a72456ab2a03f913e8817fa,sig.simur.gov.co,URLError,unreachable,2026-09-29
https://sig.simur.gov.co/arcgis/home/item.html?id=7ab643645adb4e4f8e928d3cb2c1af35,sig.simur.gov.co,URLError,unreachable,2026-09-29
https://sig.simur.gov.co/arcgis/home/item.html?id=7b176426e4b14a0484d812cebbdb803b,sig.simur.gov.co,URLError,unreachable,2026-09-29
https://sig.simur.gov.co/arcgis/home/item.html?id=7b8d619e7fa84f0a8a451c6e618a6b69,sig.simur.gov.co,URLError,unreachable,2026-09-29
https://sig.simur.gov.co/arcgis/home/item.html?id=7c11bd8669644590abaad87f87ae6c68,sig.simur.gov.co,URLError,unreachable,2026-09-29
https://sig.simur.gov.co/arcgis/home/item.html?id=7c326bba2d374c1f8036743313c4b739,sig.simur.gov.co,URLError,unreachable,2026-09-29
https://sig.simur.gov.co/arcgis/home/item.html?id=7c4b9ed1665c4412a807faaea773a1eb,sig.simur.gov.co,URLError,unreachable,2026-09-29
https://sig.simur.gov.co/arcgis/home/item.html?id=7c61dd6cd34246e78c81ef831fde2946,sig.simur.gov.co,URLError,unreachable,2026-09-29
https://sig.simur.gov.co/arcgis/home/item.html?id=7c78c57443f1439991311ff03345992d,sig.simur.gov.co,URLError,unreachable,2026-09-29
https://sig.simur.gov.co/arcgis/home/item.html?id=7cd9b74e404d404f8d1d9392f6968fc6,sig.simur.gov.co,URLError,unreachable,2026-09-29
https://sig.simur.gov.co/arcgis/home/item.html?id=7d2471d5567c45259ffbde13eaa431e2,sig.simur.gov.co,URLError,unreachable,2026-09-29
https://sig.simur.gov.co/arcgis/home/item.html?id=7d66ec3484264a97966e087d7c0e5011,sig.simur.gov.co,URLError,unreachable,2026-09-29
https://sig.simur.gov.co/arcgis/home/item.html?id=7da659584d2e46bc8ca839a6117a42ab,sig.simur.gov.co,URLError,unreachable,2026-09-29
https://sig.simur.gov.co/arcgis/home/item.html?id=7dc2ef33c4b745e2aebbde0fde477b1e,sig.simur.gov.co,URLError,unreachable,2026-09-29
https://sig.simur.gov.co/arcgis/home/item.html?id=7e45b86b616449b783b6cb8ea86a534d,sig.simur.gov.co,URLError,unreachable,2026-09-29
https://sig.simur.gov.co/arcgis/home/item.html?id=7e813c22ab0d4839a731b172381c9294,sig.simur.gov.co,URLError,unreachable,2026-09-29
https://sig.simur.gov.co/arcgis/home/item.html?id=7f44fa4106bc4ca3bba1831a5b672697,sig.simur.gov.co,URLError,unreachable,2026-09-29
https://sig.simur.gov.co/arcgis/home/item.html?id=7f58071fe43e46d2b863e4b8612b8d06,sig.simur.gov.co,URLError,unreachable,2026-09-29
https://sig.simur.gov.co/arcgis/home/item.html?id=7f85939c8d1247a982f0abbbbc25b056,sig.simur.gov.co,URLError,unreachable,2026-09-29
https://sig.simur.gov.co/arcgis/home/item.html?id=7fc22c927b6d40f79bef3b0c98e38415,sig.simur.gov.co,URLError,unreachable,2026-09-29
https://sig.simur.gov.co/arcgis/home/item.html?id=7fcb5e8c63604917b08c369f63fae040,sig.simur.gov.co,URLError,unreachable,2026-09-29
https://sig.simur.gov.co/arcgis/home/item.html?id=7fde033f5e3243249909cd9afb4a0c2e,sig.simur.gov.co,URLError,unreachable,2026-09-29
https://sig.simur.gov.co/arcgis/home/item.html?id=801e9430638242479336c341ded5fd94,sig.simur.gov.co,URLError,unreachable,2026-09-29
https://sig.simur.gov.co/arcgis/home/item.html?id=80368a24582d4f01ba76b2ca0ff9876c,sig.simur.gov.co,URLError,unreachable,2026-09-29
https://sig.simur.gov.co/arcgis/home/item.html?id=8037a1b193b8443a97f85e36b9d84215,sig.simur.gov.co,URLError,unreachable,2026-09-29
https://sig.simur.gov.co/arcgis/home/item.html?id=8046f6ca4d0e4880abdafd1846e355ee,sig.simur.gov.co,URLError,unreachable,2026-09-29
https://sig.simur.gov.co/arcgis/home/item.html?id=804abc19dde2429c8f94b4e8eb4cb7f5,sig.simur.gov.co,URLError,unreachable,2026-09-29
https://sig.simur.gov.co/arcgis/home/item.html?id=80a906dad9904259b7e6c32b816875a3,sig.simur.gov.co,URLError,unreachable,2026-09-29
https://sig.simur.gov.co/arcgis/home/item.html?id=80f1a65b6c4644fe85715b663b14d78a,sig.simur.gov.co,URLError,unreachable,2026-09-29
https://sig.simur.gov.co/arcgis/home/item.html?id=81072996a3e94162ba2aeb2791f58775,sig.simur.gov.co,URLError,unreachable,2026-09-29
https://sig.simur.gov.co/arcgis/home/item.html?id=815a26efcada4f328eae73673fa4979f,sig.simur.gov.co,URLError,unreachable,2026-09-29
https://sig.simur.gov.co/arcgis/home/item.html?id=8192d9bf15cd46f0917ba4e2e1981c57,sig.simur.gov.co,URLError,unreachable,2026-09-29
https://sig.simur.gov.co/arcgis/home/item.html?id=81e298faeefa4c48b5bd953aeeb1c619,sig.simur.gov.co,URLError,unreachable,2026-09-29
https://sig.simur.gov.co/arcgis/home/item.html?id=82579d19042344aebdf01dc06af5ed8a,sig.simur.gov.co,URLError,unreachable,2026-09-29
https://sig.simur.gov.co/arcgis/home/item.html?id=82b16a8af98b48859db0458e2a235cec,sig.simur.gov.co,URLError,unreachable,2026-09-29
https://sig.simur.gov.co/arcgis/home/item.html?id=82b6b970984e4b3ab37074c7d34d5e5f,sig.simur.gov.co,URLError,unreachable,2026-09-29
https://sig.simur.gov.co/arcgis/home/item.html?id=82d122b8a68d4c859c353c197e0707fd,sig.simur.gov.co,URLError,unreachable,2026-09-29
https://sig.simur.gov.co/arcgis/home/item.html?id=82ec09684d1a4b478fb1c6863f14abb2,sig.simur.gov.co,URLError,unreachable,2026-09-29
https://sig.simur.gov.co/arcgis/home/item.html?id=82f262918e7d4ff78ff75eef640b046b,sig.simur.gov.co,URLError,unreachable,2026-09-29
https://sig.simur.gov.co/arcgis/home/item.html?id=832c7e82547b49ce8226db1716d49af9,sig.simur.gov.co,URLError,unreachable,2026-09-29
https://sig.simur.gov.co/arcgis/home/item.html?id=837044e5d4ee49f98f6bdb5079cdf72f,sig.simur.gov.co,URLError,unreachable,2026-09-29
https://sig.simur.gov.co/arcgis/home/item.html?id=8375d97186d44d41be3e627896b7ee93,sig.simur.gov.co,URLError,unreachable,2026-09-29
https://sig.simur.gov.co/arcgis/home/item.html?id=837e0844714b40eb9faf0066d2e0d18c,sig.simur.gov.co,URLError,unreachable,2026-09-29
https://sig.simur.gov.co/arcgis/home/item.html?id=837e3d1ecc984c09bf350b3a61464c8e,sig.simur.gov.co,URLError,unreachable,2026-09-29
https://sig.simur.gov.co/arcgis/home/item.html?id=83978e340dc54c579a1951e61786f0b3,sig.simur.gov.co,URLError,unreachable,2026-09-29
https://sig.simur.gov.co/arcgis/home/item.html?id=839d4adc567f45f09511e65703e36178,sig.simur.gov.co,URLError,unreachable,2026-09-29
https://sig.simur.gov.co/arcgis/home/item.html?id=83f68017b65d4a5d9736ee229558668b,sig.simur.gov.co,URLError,unreachable,2026-09-29
https://sig.simur.gov.co/arcgis/home/item.html?id=8401080e026b4417963148f46656b7ff,sig.simur.gov.co,URLError,unreachable,2026-09-29
https://sig.simur.gov.co/arcgis/home/item.html?id=843006b10be34061ae53721d2a8e211e,sig.simur.gov.co,URLError,unreachable,2026-09-29
https://sig.simur.gov.co/arcgis/home/item.html?id=843a1db5631b47cba5937fd48c20863a,sig.simur.gov.co,URLError,unreachable,2026-09-29
https://sig.simur.gov.co/arcgis/home/item.html?id=8462096b576a4bce9c905ae8308b0c89,sig.simur.gov.co,URLError,unreachable,2026-09-29
https://sig.simur.gov.co/arcgis/home/item.html?id=84e5cec2c3804796804625f87202221e,sig.simur.gov.co,URLError,unreachable,2026-09-29
https://sig.simur.gov.co/arcgis/home/item.html?id=851d46eb4308444aac1d5949568679a9,sig.simur.gov.co,URLError,unreachable,2026-09-29
https://sig.simur.gov.co/arcgis/home/item.html?id=852b36daf5d54197979d7641a69f4873,sig.simur.gov.co,URLError,unreachable,2026-09-29
https://sig.simur.gov.co/arcgis/home/item.html?id=85a698adc3104aae8ac61384ad3ee23e,sig.simur.gov.co,URLError,unreachable,2026-09-29
https://sig.simur.gov.co/arcgis/home/item.html?id=85d166b1b3eb4faa8c7d2a6b101d83bc,sig.simur.gov.co,URLError,unreachable,2026-09-29
https://sig.simur.gov.co/arcgis/home/item.html?id=85f83cf89ff14db3b1121b84dfe3aa1a,sig.simur.gov.co,URLError,unreachable,2026-09-29
https://sig.simur.gov.co/arcgis/home/item.html?id=866b3ebba31c468b93adca6e3d0b234d,sig.simur.gov.co,URLError,unreachable,2026-09-29
https://sig.simur.gov.co/arcgis/home/item.html?id=8675aa3426fa437590b9bb193d18357c,sig.simur.gov.co,URLError,unreachable,2026-09-29
https://sig.simur.gov.co/arcgis/home/item.html?id=869a54e61e244b90b83c09527e895cfd,sig.simur.gov.co,URLError,unreachable,2026-09-29
https://sig.simur.gov.co/arcgis/home/item.html?id=86c81ec9589c41d5a5a09b797530db65,sig.simur.gov.co,URLError,unreachable,2026-09-29
https://sig.simur.gov.co/arcgis/home/item.html?id=86cd89000a424bf6a02e5c7edae94448,sig.simur.gov.co,URLError,unreachable,2026-09-29
https://sig.simur.gov.co/arcgis/home/item.html?id=86fbc2dc1db14e2ab16b45996e172258,sig.simur.gov.co,URLError,unreachable,2026-09-29
https://sig.simur.gov.co/arcgis/home/item.html?id=86ff395804c7498daf8a3a3ee59f16ba,sig.simur.gov.co,URLError,unreachable,2026-09-29
https://sig.simur.gov.co/arcgis/home/item.html?id=87010fe4d2854df1bd661fa06d72671e,sig.simur.gov.co,URLError,unreachable,2026-09-29
https://sig.simur.gov.co/arcgis/home/item.html?id=8707a693c038462ab4affdcbb1ffdd46,sig.simur.gov.co,URLError,unreachable,2026-09-29
https://sig.simur.gov.co/arcgis/home/item.html?id=871609a663cc4d8a9261b7df8f25d58a,sig.simur.gov.co,URLError,unreachable,2026-09-29
https://sig.simur.gov.co/arcgis/home/item.html?id=875f42a636be45a48b47efa5a622f89c,sig.simur.gov.co,URLError,unreachable,2026-09-29
https://sig.simur.gov.co/arcgis/home/item.html?id=87895586b78b4ac6ab210c2e35dd285d,sig.simur.gov.co,URLError,unreachable,2026-09-29
https://sig.simur.gov.co/arcgis/home/item.html?id=87d2312d5e65492893d6ebfba643d112,sig.simur.gov.co,URLError,unreachable,2026-09-29
https://sig.simur.gov.co/arcgis/home/item.html?id=885b865d09804c2496e8d817af2a3f49,sig.simur.gov.co,URLError,unreachable,2026-09-29
https://sig.simur.gov.co/arcgis/home/item.html?id=8863e2ccc3df4391af9a4b908809281f,sig.simur.gov.co,URLError,unreachable,2026-09-29
https://sig.simur.gov.co/arcgis/home/item.html?id=889b18ab1d9244bda7bd82622ccac20d,sig.simur.gov.co,URLError,unreachable,2026-09-29
https://sig.simur.gov.co/arcgis/home/item.html?id=8972c343f2bf466da5f94a79afb9bb14,sig.simur.gov.co,URLError,unreachable,2026-09-29
https://sig.simur.gov.co/arcgis/home/item.html?id=8993ad5262f04bf0b36bc09dbdf5a8ea,sig.simur.gov.co,URLError,unreachable,2026-09-29
https://sig.simur.gov.co/arcgis/home/item.html?id=89c653f89b7c4f1687de6bc9d43dff61,sig.simur.gov.co,URLError,unreachable,2026-09-29
https://sig.simur.gov.co/arcgis/home/item.html?id=89d0b35cca70484fb423341d4a37b8ca,sig.simur.gov.co,URLError,unreachable,2026-09-29
https://sig.simur.gov.co/arcgis/home/item.html?id=89deb1a444044776a4c9d0c4cfaf5034,sig.simur.gov.co,URLError,unreachable,2026-09-29
https://sig.simur.gov.co/arcgis/home/item.html?id=8a1319ae1f25443cb783e5954af343ba,sig.simur.gov.co,URLError,unreachable,2026-09-29
https://sig.simur.gov.co/arcgis/home/item.html?id=8a47fd204e8a428fbed6d3bdb50b3a81,sig.simur.gov.co,URLError,unreachable,2026-09-29
https://sig.simur.gov.co/arcgis/home/item.html?id=8aa27a376935426ebcd36b588eff911b,sig.simur.gov.co,URLError,unreachable,2026-09-29
https://sig.simur.gov.co/arcgis/home/item.html?id=8abf62688d994f6fbb9e6e649426b289,sig.simur.gov.co,URLError,unreachable,2026-09-29
https://sig.simur.gov.co/arcgis/home/item.html?id=8b131bf1a25a4aacb8469873d7e009f0,sig.simur.gov.co,URLError,unreachable,2026-09-29
https://sig.simur.gov.co/arcgis/home/item.html?id=8b76ba1c8d1642dca567064730cdbebd,sig.simur.gov.co,URLError,unreachable,2026-09-29
https://sig.simur.gov.co/arcgis/home/item.html?id=8ba5b241c80a4b228e2492aa00f0bbd3,sig.simur.gov.co,URLError,unreachable,2026-09-29
https://sig.simur.gov.co/arcgis/home/item.html?id=8c2423c2ceca4b29a820b976750ebcae,sig.simur.gov.co,URLError,unreachable,2026-09-29
https://sig.simur.gov.co/arcgis/home/item.html?id=8c5587d3ef4d4140b7823fc55308aa64,sig.simur.gov.co,URLError,unreachable,2026-09-29
https://sig.simur.gov.co/arcgis/home/item.html?id=8c5ad2499cc44beca8ec45ad0a7a8e12,sig.simur.gov.co,URLError,unreachable,2026-09-29
https://sig.simur.gov.co/arcgis/home/item.html?id=8cb167ddc50e450a8729d3697d56dab7,sig.simur.gov.co,URLError,unreachable,2026-09-29
https://sig.simur.gov.co/arcgis/home/item.html?id=8d4517ecc9ba407e847ccf88c3c8377f,sig.simur.gov.co,URLError,unreachable,2026-09-29
https://sig.simur.gov.co/arcgis/home/item.html?id=8d4774e676f34c86a0a603ba42231a38,sig.simur.gov.co,URLError,unreachable,2026-09-29
https://sig.simur.gov.co/arcgis/home/item.html?id=8d69316592fa4596bf887002c0a887b1,sig.simur.gov.co,URLError,unreachable,2026-09-29
https://sig.simur.gov.co/arcgis/home/item.html?id=8d9c74328a2a4b00a64ddf9e73f94590,sig.simur.gov.co,URLError,unreachable,2026-09-29
https://sig.simur.gov.co/arcgis/home/item.html?id=8da37eed641d450c8b58a558675ed8db,sig.simur.gov.co,URLError,unreachable,2026-09-29
https://sig.simur.gov.co/arcgis/home/item.html?id=8e491a62b21546fcae235fe7d9417f69,sig.simur.gov.co,URLError,unreachable,2026-09-29
https://sig.simur.gov.co/arcgis/home/item.html?id=8e8aeddc3b46432e88aa9a2d6fda4247,sig.simur.gov.co,URLError,unreachable,2026-09-29
https://sig.simur.gov.co/arcgis/home/item.html?id=8e8f3dd9cd234aa7b59941bffea325c1,sig.simur.gov.co,URLError,unreachable,2026-09-29
https://sig.simur.gov.co/arcgis/home/item.html?id=8ebf8c07322f4471a45809b53f3d5f9c,sig.simur.gov.co,URLError,unreachable,2026-09-29
https://sig.simur.gov.co/arcgis/home/item.html?id=8ec08f92a66a44efbb5d84286bbfb6b1,sig.simur.gov.co,URLError,unreachable,2026-09-29
https://sig.simur.gov.co/arcgis/home/item.html?id=9015970e42934a8d9bf8d83e8d6a66b4,sig.simur.gov.co,URLError,unreachable,2026-09-29
https://sig.simur.gov.co/arcgis/home/item.html?id=9020cf7501c4495493ce45cb4607ba44,sig.simur.gov.co,URLError,unreachable,2026-09-29
https://sig.simur.gov.co/arcgis/home/item.html?id=9041a2250fd04d71b9e9e9cc457bb17a,sig.simur.gov.co,URLError,unreachable,2026-09-29
https://sig.simur.gov.co/arcgis/home/item.html?id=904d7dce46ac4b1d9ee298f463949860,sig.simur.gov.co,URLError,unreachable,2026-09-29
https://sig.simur.gov.co/arcgis/home/item.html?id=90c2d6de750f425caa15c5cdea757f86,sig.simur.gov.co,URLError,unreachable,2026-09-29
https://sig.simur.gov.co/arcgis/home/item.html?id=90dc52727f7b4c4ba406f8286f8f61b8,sig.simur.gov.co,URLError,unreachable,2026-09-29
https://sig.simur.gov.co/arcgis/home/item.html?id=922df7d7d4fe43c083016b50fcb252c7,sig.simur.gov.co,URLError,unreachable,2026-09-29
https://sig.simur.gov.co/arcgis/home/item.html?id=923e6572437949a18544c6f89d0e52a0,sig.simur.gov.co,URLError,unreachable,2026-09-29
https://sig.simur.gov.co/arcgis/home/item.html?id=925eaacb6e4b4c89988dc9b01553daec,sig.simur.gov.co,URLError,unreachable,2026-09-29
https://sig.simur.gov.co/arcgis/home/item.html?id=929b3e83358b42f980ce48ec772d1541,sig.simur.gov.co,URLError,unreachable,2026-09-29
https://sig.simur.gov.co/arcgis/home/item.html?id=92b2719437304f669c965b37ab1c6964,sig.simur.gov.co,URLError,unreachable,2026-09-29
https://sig.simur.gov.co/arcgis/home/item.html?id=92bf9a48fb7f4f28acd2704291021886,sig.simur.gov.co,URLError,unreachable,2026-09-29
https://sig.simur.gov.co/arcgis/home/item.html?id=9389cbc1a90e4f4b8bc63f6a5c5db86f,sig.simur.gov.co,URLError,unreachable,2026-09-29
https://sig.simur.gov.co/arcgis/home/item.html?id=93e00cc95aee4f6993322059d415e846,sig.simur.gov.co,URLError,unreachable,2026-09-29
https://sig.simur.gov.co/arcgis/home/item.html?id=93e801d562004581a3eac5d1377ccc4b,sig.simur.gov.co,URLError,unreachable,2026-09-29
https://sig.simur.gov.co/arcgis/home/item.html?id=946e1c5fe75d496f8b7ce994b5f4f39d,sig.simur.gov.co,URLError,unreachable,2026-09-29
https://sig.simur.gov.co/arcgis/home/item.html?id=948b8f6fbdd34ad3a6ff5c7b76ea377f,sig.simur.gov.co,URLError,unreachable,2026-09-29
https://sig.simur.gov.co/arcgis/home/item.html?id=94b49050969d4694a47766c9e00bd980,sig.simur.gov.co,URLError,unreachable,2026-09-29
https://sig.simur.gov.co/arcgis/home/item.html?id=958126b2b2fc409dbcbf757c3e5d32e9,sig.simur.gov.co,URLError,unreachable,2026-09-29
https://sig.simur.gov.co/arcgis/home/item.html?id=96c573a3044a45ca8648ada6db8bcbb2,sig.simur.gov.co,URLError,unreachable,2026-09-29
https://sig.simur.gov.co/arcgis/home/item.html?id=96d9a71346644b2a93a9fcb46e653da7,sig.simur.gov.co,URLError,unreachable,2026-09-29
https://sig.simur.gov.co/arcgis/home/item.html?id=971355727e344964b2d6852705d80061,sig.simur.gov.co,URLError,unreachable,2026-09-29
https://sig.simur.gov.co/arcgis/home/item.html?id=97365e99bf104b729e060a425542f89b,sig.simur.gov.co,URLError,unreachable,2026-09-29
https://sig.simur.gov.co/arcgis/home/item.html?id=974581f61b7046b599c3ad60f9d1a203,sig.simur.gov.co,URLError,unreachable,2026-09-29
https://sig.simur.gov.co/arcgis/home/item.html?id=97697afb894f44d59dbd5da02b44ff09,sig.simur.gov.co,URLError,unreachable,2026-09-29
https://sig.simur.gov.co/arcgis/home/item.html?id=977bfa6339044d8ca2d2da6e35993dce,sig.simur.gov.co,URLError,unreachable,2026-09-29
https://sig.simur.gov.co/arcgis/home/item.html?id=97ec42e9926142259e993a0d8c735bdb,sig.simur.gov.co,URLError,unreachable,2026-09-29
https://sig.simur.gov.co/arcgis/home/item.html?id=980bd5d4cf364407b79fdc624c1b3759,sig.simur.gov.co,URLError,unreachable,2026-09-29
https://sig.simur.gov.co/arcgis/home/item.html?id=9859bd32b2ea4c45ada1c7dd4b505a69,sig.simur.gov.co,URLError,unreachable,2026-09-29
https://sig.simur.gov.co/arcgis/home/item.html?id=98c3347bc24a4ffbaeb229bc696b1ce5,sig.simur.gov.co,URLError,unreachable,2026-09-29
https://sig.simur.gov.co/arcgis/home/item.html?id=98c7d746e0334cb0872f215256755bd6,sig.simur.gov.co,URLError,unreachable,2026-09-29
https://sig.simur.gov.co/arcgis/home/item.html?id=992a5e3c96da40bd9c9d70a702df8ecf,sig.simur.gov.co,URLError,unreachable,2026-09-29
https://sig.simur.gov.co/arcgis/home/item.html?id=995f320130254ed488132e9dcf9f55e7,sig.simur.gov.co,URLError,unreachable,2026-09-29
https://sig.simur.gov.co/arcgis/home/item.html?id=99b960a57cdb40c893d19fb36367c63e,sig.simur.gov.co,URLError,unreachable,2026-09-29
https://sig.simur.gov.co/arcgis/home/item.html?id=99fcf6866a7b43dd8d6efce5f8e2c676,sig.simur.gov.co,URLError,unreachable,2026-09-29
https://sig.simur.gov.co/arcgis/home/item.html?id=9a3170283d9e40e6ad3f25fb53e0e7bc,sig.simur.gov.co,URLError,unreachable,2026-09-29
https://sig.simur.gov.co/arcgis/home/item.html?id=9a89857e9f794264b1dc9a9230fb0bbc,sig.simur.gov.co,URLError,unreachable,2026-09-29
https://sig.simur.gov.co/arcgis/home/item.html?id=9aefe6dbd51e4c4e8630c2d611a22e90,sig.simur.gov.co,URLError,unreachable,2026-09-29
https://sig.simur.gov.co/arcgis/home/item.html?id=9af8f936189647fb96814eba0bb0f36a,sig.simur.gov.co,URLError,unreachable,2026-09-29
https://sig.simur.gov.co/arcgis/home/item.html?id=9b8a182afb264a718ce5c5a0bb9db804,sig.simur.gov.co,URLError,unreachable,2026-09-29
https://sig.simur.gov.co/arcgis/home/item.html?id=9b9692e717954dd2940a1faa4418d07c,sig.simur.gov.co,URLError,unreachable,2026-09-29
https://sig.simur.gov.co/arcgis/home/item.html?id=9bdc53441e9545118b9f3feed1c167ba,sig.simur.gov.co,URLError,unreachable,2026-09-29
https://sig.simur.gov.co/arcgis/home/item.html?id=9c47d890108a4dabab5793b71e424d5d,sig.simur.gov.co,URLError,unreachable,2026-09-29
https://sig.simur.gov.co/arcgis/home/item.html?id=9c52bc18b6a14c73ba091f300b12e1ec,sig.simur.gov.co,URLError,unreachable,2026-09-29
https://sig.simur.gov.co/arcgis/home/item.html?id=9c552166b6b24ff1b6052be24e77fff1,sig.simur.gov.co,URLError,unreachable,2026-09-29
https://sig.simur.gov.co/arcgis/home/item.html?id=9c6285800d4e477eaf8d3ab31c452365,sig.simur.gov.co,URLError,unreachable,2026-09-29
https://sig.simur.gov.co/arcgis/home/item.html?id=9cad40dc0e3240de94c71188b7b0b1c7,sig.simur.gov.co,URLError,unreachable,2026-09-29
https://sig.simur.gov.co/arcgis/home/item.html?id=9cc3cf69b17346dca739b89d5e9e3934,sig.simur.gov.co,URLError,unreachable,2026-09-29
https://sig.simur.gov.co/arcgis/home/item.html?id=9d1e9d97ff2149b882a475fb8eec0e51,sig.simur.gov.co,URLError,unreachable,2026-09-29
https://sig.simur.gov.co/arcgis/home/item.html?id=9d564e71d16d47c0a818b2c4c810181c,sig.simur.gov.co,URLError,unreachable,2026-09-29
https://sig.simur.gov.co/arcgis/home/item.html?id=9d952311a8cc466daeaa15dbc6fcc117,sig.simur.gov.co,URLError,unreachable,2026-09-29
https://sig.simur.gov.co/arcgis/home/item.html?id=9e45f1a40a4f48c285d2dc2962ec468d,sig.simur.gov.co,URLError,unreachable,2026-09-29
https://sig.simur.gov.co/arcgis/home/item.html?id=9e46825e44bc49b48de496bda1fde2ef,sig.simur.gov.co,URLError,unreachable,2026-09-29
https://sig.simur.gov.co/arcgis/home/item.html?id=9e7e775f74544c96a32d845bd45ee044,sig.simur.gov.co,URLError,unreachable,2026-09-29
https://sig.simur.gov.co/arcgis/home/item.html?id=9eae2d0667274810bc1ae843f7f51a06,sig.simur.gov.co,URLError,unreachable,2026-09-29
https://sig.simur.gov.co/arcgis/home/item.html?id=9ee8427c3b8f4a0d9f1ff9aaf4d8492d,sig.simur.gov.co,URLError,unreachable,2026-09-29
https://sig.simur.gov.co/arcgis/home/item.html?id=9ef3a2bd6dd648708d4747c26847ef06,sig.simur.gov.co,URLError,unreachable,2026-09-29
https://sig.simur.gov.co/arcgis/home/item.html?id=9f2ec0080f6a42f68939f1da1dc7cc14,sig.simur.gov.co,URLError,unreachable,2026-09-29
https://sig.simur.gov.co/arcgis/home/item.html?id=9f6a2ddc473e4fa0ab5847ee7cd6afbd,sig.simur.gov.co,URLError,unreachable,2026-09-29
https://sig.simur.gov.co/arcgis/home/item.html?id=9f92c14eaa37428e8533e490e3107440,sig.simur.gov.co,URLError,unreachable,2026-09-29
https://sig.simur.gov.co/arcgis/home/item.html?id=9fb05a86c7ac4243806472b82fafbaf0,sig.simur.gov.co,URLError,unreachable,2026-09-29
https://sig.simur.gov.co/arcgis/home/item.html?id=a019545f93904c839f611959b806b58d,sig.simur.gov.co,URLError,unreachable,2026-09-29
https://sig.simur.gov.co/arcgis/home/item.html?id=a046db09266c48f0a73f4df95bc82959,sig.simur.gov.co,URLError,unreachable,2026-09-29
https://sig.simur.gov.co/arcgis/home/item.html?id=a078deb44cde44bdb598e6e30f506196,sig.simur.gov.co,URLError,unreachable,2026-09-29
https://sig.simur.gov.co/arcgis/home/item.html?id=a0bd22b0493647a3bfb54d0fad4f14f6,sig.simur.gov.co,URLError,unreachable,2026-09-29
https://sig.simur.gov.co/arcgis/home/item.html?id=a0e7a6186c2a4f73ada9c5c036f0a62d,sig.simur.gov.co,URLError,unreachable,2026-09-29
https://sig.simur.gov.co/arcgis/home/item.html?id=a17976d5feb34e0681bc9b8eb332f445,sig.simur.gov.co,URLError,unreachable,2026-09-29
https://sig.simur.gov.co/arcgis/home/item.html?id=a19c7d63392548e6aa601b67833c5510,sig.simur.gov.co,URLError,unreachable,2026-09-29
https://sig.simur.gov.co/arcgis/home/item.html?id=a1d34790e3304bc7b7ff4bcaf5008d02,sig.simur.gov.co,URLError,unreachable,2026-09-29
https://sig.simur.gov.co/arcgis/home/item.html?id=a1f2c33d97984027909a4222501f0331,sig.simur.gov.co,URLError,unreachable,2026-09-29
https://sig.simur.gov.co/arcgis/home/item.html?id=a205f5e1c3d943708ee1ae685ac08b62,sig.simur.gov.co,URLError,unreachable,2026-09-29
https://sig.simur.gov.co/arcgis/home/item.html?id=a25e056210de4fa9b56ee4e733f0edc3,sig.simur.gov.co,URLError,unreachable,2026-09-29
https://sig.simur.gov.co/arcgis/home/item.html?id=a25ef94b39254ac0a33a8b0ad19fde52,sig.simur.gov.co,URLError,unreachable,2026-09-29
https://sig.simur.gov.co/arcgis/home/item.html?id=a26ea26ff42248d2bf6e9df6c85ab860,sig.simur.gov.co,URLError,unreachable,2026-09-29
https://sig.simur.gov.co/arcgis/home/item.html?id=a27f63a5479e43369c7f30f3ba345a0d,sig.simur.gov.co,URLError,unreachable,2026-09-29
https://sig.simur.gov.co/arcgis/home/item.html?id=a2bc21343886465799deefd48e7317eb,sig.simur.gov.co,URLError,unreachable,2026-09-29
https://sig.simur.gov.co/arcgis/home/item.html?id=a2fdaf3363e8477d8117aed06ee4654c,sig.simur.gov.co,URLError,unreachable,2026-09-29
https://sig.simur.gov.co/arcgis/home/item.html?id=a36be0f5eb2647cb8efe93e523c5af5a,sig.simur.gov.co,URLError,unreachable,2026-09-29
https://sig.simur.gov.co/arcgis/home/item.html?id=a3a5272005b1432fbc7fb0f23e552ae6,sig.simur.gov.co,URLError,unreachable,2026-09-29
https://sig.simur.gov.co/arcgis/home/item.html?id=a3b2949ade704b42a0afe6bb15c8359b,sig.simur.gov.co,URLError,unreachable,2026-09-29
https://sig.simur.gov.co/arcgis/home/item.html?id=a3d05dc7adb34393bbda9292fa554be6,sig.simur.gov.co,URLError,unreachable,2026-09-29
https://sig.simur.gov.co/arcgis/home/item.html?id=a48b560fe67f448dbbe8c8e187c32ea4,sig.simur.gov.co,URLError,unreachable,2026-09-29
https://sig.simur.gov.co/arcgis/home/item.html?id=a48e73a6cfc74cf58a96ae208cba63de,sig.simur.gov.co,URLError,unreachable,2026-09-29
https://sig.simur.gov.co/arcgis/home/item.html?id=a49024ba8f43474990249aec3bef9142,sig.simur.gov.co,URLError,unreachable,2026-09-29
https://sig.simur.gov.co/arcgis/home/item.html?id=a497f73968f149d893b362037ad377f9,sig.simur.gov.co,URLError,unreachable,2026-09-29
https://sig.simur.gov.co/arcgis/home/item.html?id=a4bfc8f3bb924ee9857a441b962ff593,sig.simur.gov.co,URLError,unreachable,2026-09-29
https://sig.simur.gov.co/arcgis/home/item.html?id=a4cf2e8bfad64c9fa2eaf43ff563a49d,sig.simur.gov.co,URLError,unreachable,2026-09-29
https://sig.simur.gov.co/arcgis/home/item.html?id=a4f061e2b1e14055a6497f5e2df15c31,sig.simur.gov.co,URLError,unreachable,2026-09-29
https://sig.simur.gov.co/arcgis/home/item.html?id=a545b9804503430a84c21330a0b570c3,sig.simur.gov.co,URLError,unreachable,2026-09-29
https://sig.simur.gov.co/arcgis/home/item.html?id=a54c62850521417284a383b509b61b2e,sig.simur.gov.co,URLError,unreachable,2026-09-29
https://sig.simur.gov.co/arcgis/home/item.html?id=a5612e5bea3b4e42aa956ece84025bd1,sig.simur.gov.co,URLError,unreachable,2026-09-29
https://sig.simur.gov.co/arcgis/home/item.html?id=a5832556b18848b8a552274179914b0b,sig.simur.gov.co,URLError,unreachable,2026-09-29
https://sig.simur.gov.co/arcgis/home/item.html?id=a59546112d9d414f9054194350b9ad7f,sig.simur.gov.co,URLError,unreachable,2026-09-29
https://sig.simur.gov.co/arcgis/home/item.html?id=a5bf2567a51046c2aec4da99cf8389fb,sig.simur.gov.co,URLError,unreachable,2026-09-29
https://sig.simur.gov.co/arcgis/home/item.html?id=a61f3ac222634a5289a8e8fe8e5c526b,sig.simur.gov.co,URLError,unreachable,2026-09-29
https://sig.simur.gov.co/arcgis/home/item.html?id=a6450302a9c84a859a7e86795364d270,sig.simur.gov.co,URLError,unreachable,2026-09-29
https://sig.simur.gov.co/arcgis/home/item.html?id=a65ce3851a4c4f2bb1afdccb9dcb79be,sig.simur.gov.co,URLError,unreachable,2026-09-29
https://sig.simur.gov.co/arcgis/home/item.html?id=a69f56c3efbd4e55b8a7a96330581773,sig.simur.gov.co,URLError,unreachable,2026-09-29
https://sig.simur.gov.co/arcgis/home/item.html?id=a70494970cbf40e6925d457bd3e62b19,sig.simur.gov.co,URLError,unreachable,2026-09-29
https://sig.simur.gov.co/arcgis/home/item.html?id=a7349de7ed5c48a498122b9e1fa70c30,sig.simur.gov.co,URLError,unreachable,2026-09-29
https://sig.simur.gov.co/arcgis/home/item.html?id=a74069b652f34cc3a931ed33f9f3ad1a,sig.simur.gov.co,URLError,unreachable,2026-09-29
https://sig.simur.gov.co/arcgis/home/item.html?id=a7ae87f41ff34433b4edcbcc74e78cf0,sig.simur.gov.co,URLError,unreachable,2026-09-29
https://sig.simur.gov.co/arcgis/home/item.html?id=a7fe7b1b65b64d70a7c13e78fddc237c,sig.simur.gov.co,URLError,unreachable,2026-09-29
https://sig.simur.gov.co/arcgis/home/item.html?id=a863811968e04230af2746237b10cf61,sig.simur.gov.co,URLError,unreachable,2026-09-29
https://sig.simur.gov.co/arcgis/home/item.html?id=a89b83d4cf864275bf231d1ba881e232,sig.simur.gov.co,URLError,unreachable,2026-09-29
https://sig.simur.gov.co/arcgis/home/item.html?id=a8a1dfcb87224e3e874dcf978e1fc581,sig.simur.gov.co,URLError,unreachable,2026-09-29
https://sig.simur.gov.co/arcgis/home/item.html?id=a92715202b5245e29bbf1966be62da0a,sig.simur.gov.co,URLError,unreachable,2026-09-29
https://sig.simur.gov.co/arcgis/home/item.html?id=a92e3f7e49c742349116aebc294d8f54,sig.simur.gov.co,URLError,unreachable,2026-09-29
https://sig.simur.gov.co/arcgis/home/item.html?id=a94ae8c26c4c461280bcfa5eb505a7a4,sig.simur.gov.co,URLError,unreachable,2026-09-29
https://sig.simur.gov.co/arcgis/home/item.html?id=a95c0b07d28347f5b6e53d3fc10f65d0,sig.simur.gov.co,URLError,unreachable,2026-09-29
https://sig.simur.gov.co/arcgis/home/item.html?id=a998ae03b40b4d7289feb2bc0ce57161,sig.simur.gov.co,URLError,unreachable,2026-09-29
https://sig.simur.gov.co/arcgis/home/item.html?id=a9f499caf70446d1b14603fc96655e34,sig.simur.gov.co,URLError,unreachable,2026-09-29
https://sig.simur.gov.co/arcgis/home/item.html?id=a9f5acb5316643c0b0d292c2b8751480,sig.simur.gov.co,URLError,unreachable,2026-09-29
https://sig.simur.gov.co/arcgis/home/item.html?id=aa1af7a7e3664e648c08cd26e9804829,sig.simur.gov.co,URLError,unreachable,2026-09-29
https://sig.simur.gov.co/arcgis/home/item.html?id=aa3a71349f954c35aa882e07b6e4ddd2,sig.simur.gov.co,URLError,unreachable,2026-09-29
https://sig.simur.gov.co/arcgis/home/item.html?id=aa58cc61c4ba4f49ad15a635d42cad26,sig.simur.gov.co,URLError,unreachable,2026-09-29
https://sig.simur.gov.co/arcgis/home/item.html?id=aaac8d14492f47a7af1d255a56b8b82f,sig.simur.gov.co,URLError,unreachable,2026-09-29
https://sig.simur.gov.co/arcgis/home/item.html?id=aafe94ed19a346ff8b13ccf6fc1a9669,sig.simur.gov.co,URLError,unreachable,2026-09-29
https://sig.simur.gov.co/arcgis/home/item.html?id=ab345349cfb24f43975c7a8f39a8c19b,sig.simur.gov.co,URLError,unreachable,2026-09-29
https://sig.simur.gov.co/arcgis/home/item.html?id=ab4eb24bd2844b6bbc3fdbf53715363c,sig.simur.gov.co,URLError,unreachable,2026-09-29
https://sig.simur.gov.co/arcgis/home/item.html?id=ab8f77f017c246b19841dff266ecdc4b,sig.simur.gov.co,URLError,unreachable,2026-09-29
https://sig.simur.gov.co/arcgis/home/item.html?id=abd2da9a2b234443bb88cc759c39df11,sig.simur.gov.co,URLError,unreachable,2026-09-29
https://sig.simur.gov.co/arcgis/home/item.html?id=ac01a84ef57a41efbd4a757466e6441e,sig.simur.gov.co,URLError,unreachable,2026-09-29
https://sig.simur.gov.co/arcgis/home/item.html?id=ac98304db3624a6ea244ab6fb2c143a7,sig.simur.gov.co,URLError,unreachable,2026-09-29
https://sig.simur.gov.co/arcgis/home/item.html?id=acaedf7faf8441119a0cf9c62a09abe0,sig.simur.gov.co,URLError,unreachable,2026-09-29
https://sig.simur.gov.co/arcgis/home/item.html?id=acefb58fa42540daab286433d86721de,sig.simur.gov.co,URLError,unreachable,2026-09-29
https://sig.simur.gov.co/arcgis/home/item.html?id=ad7146a012454db6b0379cb733aec503,sig.simur.gov.co,URLError,unreachable,2026-09-29
https://sig.simur.gov.co/arcgis/home/item.html?id=adbc2cd080c148eea4ac611c5e9a2b38,sig.simur.gov.co,URLError,unreachable,2026-09-29
https://sig.simur.gov.co/arcgis/home/item.html?id=ae02d93d17c44e1a9cd8e4f0576a9b05,sig.simur.gov.co,URLError,unreachable,2026-09-29
https://sig.simur.gov.co/arcgis/home/item.html?id=ae18ec9a33504830b7e399f8d6b449dc,sig.simur.gov.co,URLError,unreachable,2026-09-29
https://sig.simur.gov.co/arcgis/home/item.html?id=ae5981192f9143c4a480aa0fe8739d95,sig.simur.gov.co,URLError,unreachable,2026-09-29
https://sig.simur.gov.co/arcgis/home/item.html?id=ae963c50046444858718604cc93860e1,sig.simur.gov.co,URLError,unreachable,2026-09-29
https://sig.simur.gov.co/arcgis/home/item.html?id=aee1911264bd428ebec5cf017d13b4b4,sig.simur.gov.co,URLError,unreachable,2026-09-29
https://sig.simur.gov.co/arcgis/home/item.html?id=af38ecf778c94f66aa8933ad8a9e918e,sig.simur.gov.co,URLError,unreachable,2026-09-29
https://sig.simur.gov.co/arcgis/home/item.html?id=af6d44ddffbb47a48456260c67eea81a,sig.simur.gov.co,URLError,unreachable,2026-09-29
https://sig.simur.gov.co/arcgis/home/item.html?id=afef2aef916348efa68b8e5f0e4d7da0,sig.simur.gov.co,URLError,unreachable,2026-09-29
https://sig.simur.gov.co/arcgis/home/item.html?id=b02af96a83074ee0bb5ffb7b5cfa68e4,sig.simur.gov.co,URLError,unreachable,2026-09-29
https://sig.simur.gov.co/arcgis/home/item.html?id=b09a4a76f4ca4bd0ae65d3095242c919,sig.simur.gov.co,URLError,unreachable,2026-09-29
https://sig.simur.gov.co/arcgis/home/item.html?id=b0b990111db5471794261d778cd95115,sig.simur.gov.co,URLError,unreachable,2026-09-29
https://sig.simur.gov.co/arcgis/home/item.html?id=b0c48228dcb84d49b2b4abb61d1d6919,sig.simur.gov.co,URLError,unreachable,2026-09-29
https://sig.simur.gov.co/arcgis/home/item.html?id=b14e8d14279444e4b8cdc845c96c28c2,sig.simur.gov.co,URLError,unreachable,2026-09-29
https://sig.simur.gov.co/arcgis/home/item.html?id=b14ee65692ad449f9e90f02dcbdb0f6c,sig.simur.gov.co,URLError,unreachable,2026-09-29
https://sig.simur.gov.co/arcgis/home/item.html?id=b16ba926a9b34cba8d77a7aad6a2efe9,sig.simur.gov.co,URLError,unreachable,2026-09-29
https://sig.simur.gov.co/arcgis/home/item.html?id=b198d6d556fe49b6918972f373a066e1,sig.simur.gov.co,URLError,unreachable,2026-09-29
https://sig.simur.gov.co/arcgis/home/item.html?id=b1d730d3122f4cf58f5a900598f5abdd,sig.simur.gov.co,URLError,unreachable,2026-09-29
https://sig.simur.gov.co/arcgis/home/item.html?id=b2499cdf0f6c4dadaa70b27032994648,sig.simur.gov.co,URLError,unreachable,2026-09-29
https://sig.simur.gov.co/arcgis/home/item.html?id=b24f92e25cc047dea1142ec4e0587a32,sig.simur.gov.co,URLError,unreachable,2026-09-29
https://sig.simur.gov.co/arcgis/home/item.html?id=b2993a9411cf4bb5aa3c65a42c91fb75,sig.simur.gov.co,URLError,unreachable,2026-09-29
https://sig.simur.gov.co/arcgis/home/item.html?id=b2fc0448908e4640bf833b7212e7a66e,sig.simur.gov.co,URLError,unreachable,2026-09-29
https://sig.simur.gov.co/arcgis/home/item.html?id=b3043a6c997d42b495cde14549da0a74,sig.simur.gov.co,URLError,unreachable,2026-09-29
https://sig.simur.gov.co/arcgis/home/item.html?id=b35bed5ba8044de1a48ddd1854fc223f,sig.simur.gov.co,URLError,unreachable,2026-09-29
https://sig.simur.gov.co/arcgis/home/item.html?id=b384d84751f8496490c74fe271af4cc5,sig.simur.gov.co,URLError,unreachable,2026-09-29
https://sig.simur.gov.co/arcgis/home/item.html?id=b395b9ba279c47ca9044ea259b3f9d21,sig.simur.gov.co,URLError,unreachable,2026-09-29
https://sig.simur.gov.co/arcgis/home/item.html?id=b3968cf1dee34d5fad13b73d2b80ae76,sig.simur.gov.co,URLError,unreachable,2026-09-29
https://sig.simur.gov.co/arcgis/home/item.html?id=b3b7e34a8cef4753a22edd9eb078ec72,sig.simur.gov.co,URLError,unreachable,2026-09-29
https://sig.simur.gov.co/arcgis/home/item.html?id=b439e90f74eb43e4b2a57a988c209ca5,sig.simur.gov.co,URLError,unreachable,2026-09-29
https://sig.simur.gov.co/arcgis/home/item.html?id=b44ddebfe8984df58442e17a1e4a8264,sig.simur.gov.co,URLError,unreachable,2026-09-29
https://sig.simur.gov.co/arcgis/home/item.html?id=b46ef00ee3d843dda2537a2e07b188e7,sig.simur.gov.co,URLError,unreachable,2026-09-29
https://sig.simur.gov.co/arcgis/home/item.html?id=b477de4f4c45433589e1562360189566,sig.simur.gov.co,URLError,unreachable,2026-09-29
https://sig.simur.gov.co/arcgis/home/item.html?id=b5201df9ecab452d8899812d7564eff3,sig.simur.gov.co,URLError,unreachable,2026-09-29
https://sig.simur.gov.co/arcgis/home/item.html?id=b52e0bc3f58b41f7956b967f46cbb5e7,sig.simur.gov.co,URLError,unreachable,2026-09-29
https://sig.simur.gov.co/arcgis/home/item.html?id=b57c7a1fc61b4d61a66ab0f964ac14bd,sig.simur.gov.co,URLError,unreachable,2026-09-29
https://sig.simur.gov.co/arcgis/home/item.html?id=b5f00d4e3a1341d3974f3107d5ded1ba,sig.simur.gov.co,URLError,unreachable,2026-09-29
https://sig.simur.gov.co/arcgis/home/item.html?id=b5fa08c0f8394810bb0c25eb21c85c1b,sig.simur.gov.co,URLError,unreachable,2026-09-29
https://sig.simur.gov.co/arcgis/home/item.html?id=b5fd7887560c4454a424ce5eeb0f2517,sig.simur.gov.co,URLError,unreachable,2026-09-29
https://sig.simur.gov.co/arcgis/home/item.html?id=b6245d12935c4b719447ef9d020cd2a3,sig.simur.gov.co,URLError,unreachable,2026-09-29
https://sig.simur.gov.co/arcgis/home/item.html?id=b62e5126f2b6467f8f2d13b3b56f8b0c,sig.simur.gov.co,URLError,unreachable,2026-09-29
https://sig.simur.gov.co/arcgis/home/item.html?id=b65d502b31b54798b18fea869d282e05,sig.simur.gov.co,URLError,unreachable,2026-09-29
https://sig.simur.gov.co/arcgis/home/item.html?id=b6c3442df90344f29fe0243d4a8ab038,sig.simur.gov.co,URLError,unreachable,2026-09-29
https://sig.simur.gov.co/arcgis/home/item.html?id=b6dd49785c59451ab3db3241a462b723,sig.simur.gov.co,URLError,unreachable,2026-09-29
https://sig.simur.gov.co/arcgis/home/item.html?id=b6e0b79c1bbb41a9823c23501ea1c763,sig.simur.gov.co,URLError,unreachable,2026-09-29
https://sig.simur.gov.co/arcgis/home/item.html?id=b709da78a866443bb9fd387f4e6993c4,sig.simur.gov.co,URLError,unreachable,2026-09-29
https://sig.simur.gov.co/arcgis/home/item.html?id=b73dcd2efa6146ae8e2610a7d0aa0be7,sig.simur.gov.co,URLError,unreachable,2026-09-29
https://sig.simur.gov.co/arcgis/home/item.html?id=b7860eff44f2424ab72508b4f4887013,sig.simur.gov.co,URLError,unreachable,2026-09-29
https://sig.simur.gov.co/arcgis/home/item.html?id=b791019b012b4c54b13f7be53aa35e7f,sig.simur.gov.co,URLError,unreachable,2026-09-29
https://sig.simur.gov.co/arcgis/home/item.html?id=b7c102cbb34c49da84123aa79da133d7,sig.simur.gov.co,URLError,unreachable,2026-09-29
https://sig.simur.gov.co/arcgis/home/item.html?id=b8236a9c97304c87add2a66796394da3,sig.simur.gov.co,URLError,unreachable,2026-09-29
https://sig.simur.gov.co/arcgis/home/item.html?id=b825f95f35754d06a9a399450ca31b41,sig.simur.gov.co,URLError,unreachable,2026-09-29
https://sig.simur.gov.co/arcgis/home/item.html?id=b832701f8c5e4c06b1adafea2aafaef2,sig.simur.gov.co,URLError,unreachable,2026-09-29
https://sig.simur.gov.co/arcgis/home/item.html?id=b8b60c6f0d394f68a9058eff7de10510,sig.simur.gov.co,URLError,unreachable,2026-09-29
https://sig.simur.gov.co/arcgis/home/item.html?id=b8e8d50f402f4578a9aacba7268efb4b,sig.simur.gov.co,URLError,unreachable,2026-09-29
https://sig.simur.gov.co/arcgis/home/item.html?id=b8f8f3ed91884b72aa6aeaec140c20ab,sig.simur.gov.co,URLError,unreachable,2026-09-29
https://sig.simur.gov.co/arcgis/home/item.html?id=b900012554cd4a799264a9a23d5a55db,sig.simur.gov.co,URLError,unreachable,2026-09-29
https://sig.simur.gov.co/arcgis/home/item.html?id=b905a0824d20464c97a12693949d55db,sig.simur.gov.co,URLError,unreachable,2026-09-29
https://sig.simur.gov.co/arcgis/home/item.html?id=b929713c165648d79e0b44cf5397db31,sig.simur.gov.co,URLError,unreachable,2026-09-29
https://sig.simur.gov.co/arcgis/home/item.html?id=b99a71fe6cf540d9b0400c431f3deabc,sig.simur.gov.co,URLError,unreachable,2026-09-29
https://sig.simur.gov.co/arcgis/home/item.html?id=b9a66d31175a43668370033084552306,sig.simur.gov.co,URLError,unreachable,2026-09-29
https://sig.simur.gov.co/arcgis/home/item.html?id=b9de5b0bc7a546e9bf08e3b2da00d4df,sig.simur.gov.co,URLError,unreachable,2026-09-29
https://sig.simur.gov.co/arcgis/home/item.html?id=b9e285293933473d823ebb4919acc089,sig.simur.gov.co,URLError,unreachable,2026-09-29
https://sig.simur.gov.co/arcgis/home/item.html?id=ba1536724956440db205ebcc6d31458a,sig.simur.gov.co,URLError,unreachable,2026-09-29
https://sig.simur.gov.co/arcgis/home/item.html?id=ba20e98578e5411db88cb97d5f09c06a,sig.simur.gov.co,URLError,unreachable,2026-09-29
https://sig.simur.gov.co/arcgis/home/item.html?id=ba2d452bb083483eb185141bf9bfd255,sig.simur.gov.co,URLError,unreachable,2026-09-29
https://sig.simur.gov.co/arcgis/home/item.html?id=ba342b7207854fdab6ff43165ebd9229,sig.simur.gov.co,URLError,unreachable,2026-09-29
https://sig.simur.gov.co/arcgis/home/item.html?id=ba9bbe002a4a4f99a39f2e58cd31250a,sig.simur.gov.co,URLError,unreachable,2026-09-29
https://sig.simur.gov.co/arcgis/home/item.html?id=bb51f0f8e3ba408996e8fa0478c586dd,sig.simur.gov.co,URLError,unreachable,2026-09-29
https://sig.simur.gov.co/arcgis/home/item.html?id=bb5b4c95f9314f74a85ded874c5ec721,sig.simur.gov.co,URLError,unreachable,2026-09-29
https://sig.simur.gov.co/arcgis/home/item.html?id=bbc1fb471c7e4499bf0142acb0fc8960,sig.simur.gov.co,URLError,unreachable,2026-09-29
https://sig.simur.gov.co/arcgis/home/item.html?id=bbc298e040e14da7aa4edae34429a206,sig.simur.gov.co,URLError,unreachable,2026-09-29
https://sig.simur.gov.co/arcgis/home/item.html?id=bbfb0d49c9fb4c04b969b36ed79951fa,sig.simur.gov.co,URLError,unreachable,2026-09-29
https://sig.simur.gov.co/arcgis/home/item.html?id=bc24922991574a05a2439dbb3ccdfd68,sig.simur.gov.co,URLError,unreachable,2026-09-29
https://sig.simur.gov.co/arcgis/home/item.html?id=bc981044ebad4db48e6f53f601d538dc,sig.simur.gov.co,URLError,unreachable,2026-09-29
https://sig.simur.gov.co/arcgis/home/item.html?id=bcbaaf2dbe9341199230b3338f133af3,sig.simur.gov.co,URLError,unreachable,2026-09-29
https://sig.simur.gov.co/arcgis/home/item.html?id=bcbf254ca6f2463787125887f2ff03b3,sig.simur.gov.co,URLError,unreachable,2026-09-29
https://sig.simur.gov.co/arcgis/home/item.html?id=bcf42e779b2042cd805542d1e943ecfc,sig.simur.gov.co,URLError,unreachable,2026-09-29
https://sig.simur.gov.co/arcgis/home/item.html?id=bd21546b535e4beda5687b228a1fcb72,sig.simur.gov.co,URLError,unreachable,2026-09-29
https://sig.simur.gov.co/arcgis/home/item.html?id=bde6c842d8bc4153acd7e78b1b7778b7,sig.simur.gov.co,URLError,unreachable,2026-09-29
https://sig.simur.gov.co/arcgis/home/item.html?id=be0ef702b94c41679019d12d96444689,sig.simur.gov.co,URLError,unreachable,2026-09-29
https://sig.simur.gov.co/arcgis/home/item.html?id=be6b822c76a2442b97fff706fb73c735,sig.simur.gov.co,URLError,unreachable,2026-09-29
https://sig.simur.gov.co/arcgis/home/item.html?id=be716df36dfd46c79d046c28e58b1fc1,sig.simur.gov.co,URLError,unreachable,2026-09-29
https://sig.simur.gov.co/arcgis/home/item.html?id=be88cbff390c48abb74e4ee869116517,sig.simur.gov.co,URLError,unreachable,2026-09-29
https://sig.simur.gov.co/arcgis/home/item.html?id=bf406f0f216145e0a346409c6f65d4c1,sig.simur.gov.co,URLError,unreachable,2026-09-29
https://sig.simur.gov.co/arcgis/home/item.html?id=bf5a944ebb174177ac9b3e53c0379474,sig.simur.gov.co,URLError,unreachable,2026-09-29
https://sig.simur.gov.co/arcgis/home/item.html?id=bf79965e26954e87921061b7d9b20ca7,sig.simur.gov.co,URLError,unreachable,2026-09-29
https://sig.simur.gov.co/arcgis/home/item.html?id=bfc031aeeee6457e97be88b5fb23288b,sig.simur.gov.co,URLError,unreachable,2026-09-29
https://sig.simur.gov.co/arcgis/home/item.html?id=bfc85846c88c41b4a971721337fcb1a1,sig.simur.gov.co,URLError,unreachable,2026-09-29
https://sig.simur.gov.co/arcgis/home/item.html?id=bfcdbd248d9c43d39868b129da7e1bac,sig.simur.gov.co,URLError,unreachable,2026-09-29
https://sig.simur.gov.co/arcgis/home/item.html?id=bfeda0bb7c1e497ea0740cdd278b7062,sig.simur.gov.co,URLError,unreachable,2026-09-29
https://sig.simur.gov.co/arcgis/home/item.html?id=bffe6c87ca574f31a31ea229bc1b91e4,sig.simur.gov.co,URLError,unreachable,2026-09-29
https://sig.simur.gov.co/arcgis/home/item.html?id=c027f7de37584fca9844e0840df914a6,sig.simur.gov.co,URLError,unreachable,2026-09-29
https://sig.simur.gov.co/arcgis/home/item.html?id=c0821d26e5aa492cb13eea9dc50036e9,sig.simur.gov.co,URLError,unreachable,2026-09-29
https://sig.simur.gov.co/arcgis/home/item.html?id=c0be139cb56f4b46a23edec735aec4d8,sig.simur.gov.co,URLError,unreachable,2026-09-29
https://sig.simur.gov.co/arcgis/home/item.html?id=c0c68f7969704333b05ea90317c104c7,sig.simur.gov.co,URLError,unreachable,2026-09-29
https://sig.simur.gov.co/arcgis/home/item.html?id=c0c6b041864647e1994d8030e93173ed,sig.simur.gov.co,URLError,unreachable,2026-09-29
https://sig.simur.gov.co/arcgis/home/item.html?id=c13c0cb3f2f4413d9c6a8aeff71ef9b3,sig.simur.gov.co,URLError,unreachable,2026-09-29
https://sig.simur.gov.co/arcgis/home/item.html?id=c1a0a1be5fa44e48b7e10b531a405289,sig.simur.gov.co,URLError,unreachable,2026-09-29
https://sig.simur.gov.co/arcgis/home/item.html?id=c1d0a10079a34643ac23faad18d3e85d,sig.simur.gov.co,URLError,unreachable,2026-09-29
https://sig.simur.gov.co/arcgis/home/item.html?id=c21283233aca4c35a4568b7af86af834,sig.simur.gov.co,URLError,unreachable,2026-09-29
https://sig.simur.gov.co/arcgis/home/item.html?id=c241667105dd46249795a5f4f3e45869,sig.simur.gov.co,URLError,unreachable,2026-09-29
https://sig.simur.gov.co/arcgis/home/item.html?id=c24afb74177f4b508c6741a31e204697,sig.simur.gov.co,URLError,unreachable,2026-09-29
https://sig.simur.gov.co/arcgis/home/item.html?id=c25f1454ea1b4d1dbee1652085be3f48,sig.simur.gov.co,URLError,unreachable,2026-09-29
https://sig.simur.gov.co/arcgis/home/item.html?id=c2632d4a16ac4a30bad4d86f806def07,sig.simur.gov.co,URLError,unreachable,2026-09-29
https://sig.simur.gov.co/arcgis/home/item.html?id=c2937d0a2db4469485993be9602ac5b6,sig.simur.gov.co,URLError,unreachable,2026-09-29
https://sig.simur.gov.co/arcgis/home/item.html?id=c298c8134f4648e5b4bf4caebb34b76d,sig.simur.gov.co,URLError,unreachable,2026-09-29
https://sig.simur.gov.co/arcgis/home/item.html?id=c2ad27cd546145d696536f38ded0d29b,sig.simur.gov.co,URLError,unreachable,2026-09-29
https://sig.simur.gov.co/arcgis/home/item.html?id=c30d5b488273452e908fe380336c8f4d,sig.simur.gov.co,URLError,unreachable,2026-09-29
https://sig.simur.gov.co/arcgis/home/item.html?id=c31238a878ff4b938d742374627bbaa5,sig.simur.gov.co,URLError,unreachable,2026-09-29
https://sig.simur.gov.co/arcgis/home/item.html?id=c3a808ce76ac4367aab50ab59eb32b36,sig.simur.gov.co,URLError,unreachable,2026-09-29
https://sig.simur.gov.co/arcgis/home/item.html?id=c4243f7bb10b42d18ab59a60df3b690f,sig.simur.gov.co,URLError,unreachable,2026-09-29
https://sig.simur.gov.co/arcgis/home/item.html?id=c46eb8d418154989b52926e10edaee1f,sig.simur.gov.co,URLError,unreachable,2026-09-29
https://sig.simur.gov.co/arcgis/home/item.html?id=c484050bfb884c6dbade7018f84dceeb,sig.simur.gov.co,URLError,unreachable,2026-09-29
https://sig.simur.gov.co/arcgis/home/item.html?id=c48d5e8171e94ed7a4fc78f2d33a4de7,sig.simur.gov.co,URLError,unreachable,2026-09-29
https://sig.simur.gov.co/arcgis/home/item.html?id=c4b05fd2c7ba49baa54142d8c2ce79b4,sig.simur.gov.co,URLError,unreachable,2026-09-29
https://sig.simur.gov.co/arcgis/home/item.html?id=c4be77ea1b1c462d832775b157a8c7bc,sig.simur.gov.co,URLError,unreachable,2026-09-29
https://sig.simur.gov.co/arcgis/home/item.html?id=c4c81b730ffb4fe3b02166c80dcde287,sig.simur.gov.co,URLError,unreachable,2026-09-29
https://sig.simur.gov.co/arcgis/home/item.html?id=c4e26c539230454aaa12397da2de6775,sig.simur.gov.co,URLError,unreachable,2026-09-29
https://sig.simur.gov.co/arcgis/home/item.html?id=c4f1c190112b4f2c9f2872a921568e18,sig.simur.gov.co,URLError,unreachable,2026-09-29
https://sig.simur.gov.co/arcgis/home/item.html?id=c5613c0aee7f46cb97787dda11d77c0a,sig.simur.gov.co,URLError,unreachable,2026-09-29
https://sig.simur.gov.co/arcgis/home/item.html?id=c59a55f274164916aed727cbfe3ae615,sig.simur.gov.co,URLError,unreachable,2026-09-29
https://sig.simur.gov.co/arcgis/home/item.html?id=c631160bec42468fae2c7da6d59a478b,sig.simur.gov.co,URLError,unreachable,2026-09-29
https://sig.simur.gov.co/arcgis/home/item.html?id=c674a72aafe54f78b2bb40919c1ce19f,sig.simur.gov.co,URLError,unreachable,2026-09-29
https://sig.simur.gov.co/arcgis/home/item.html?id=c678cf05142a4befbf4b833c4ec16b85,sig.simur.gov.co,URLError,unreachable,2026-09-29
https://sig.simur.gov.co/arcgis/home/item.html?id=c69a03b273434584bbea00ddb8ef5598,sig.simur.gov.co,URLError,unreachable,2026-09-29
https://sig.simur.gov.co/arcgis/home/item.html?id=c6ace50127aa48c18ec290b6d954751a,sig.simur.gov.co,URLError,unreachable,2026-09-29
https://sig.simur.gov.co/arcgis/home/item.html?id=c6d486d8d686492e9e5cc96d0ff16701,sig.simur.gov.co,URLError,unreachable,2026-09-29
https://sig.simur.gov.co/arcgis/home/item.html?id=c6dac5b747c84e37b9567a2c88674c98,sig.simur.gov.co,URLError,unreachable,2026-09-29
https://sig.simur.gov.co/arcgis/home/item.html?id=c6debfeb6e914b69ba4b898b78916d58,sig.simur.gov.co,URLError,unreachable,2026-09-29
https://sig.simur.gov.co/arcgis/home/item.html?id=c6f0bd0c8dbb454d87ce634b8ab685f8,sig.simur.gov.co,URLError,unreachable,2026-09-29
https://sig.simur.gov.co/arcgis/home/item.html?id=c6fee1ca3c274b5dafdb66291cffd93e,sig.simur.gov.co,URLError,unreachable,2026-09-29
https://sig.simur.gov.co/arcgis/home/item.html?id=c73019418a014a2ca00065972c173d86,sig.simur.gov.co,URLError,unreachable,2026-09-29
https://sig.simur.gov.co/arcgis/home/item.html?id=c7952abc698346e6b0eede3c487c2899,sig.simur.gov.co,URLError,unreachable,2026-09-29
https://sig.simur.gov.co/arcgis/home/item.html?id=c887e18e7fc44644809d81d4d3d99e8f,sig.simur.gov.co,URLError,unreachable,2026-09-29
https://sig.simur.gov.co/arcgis/home/item.html?id=c8ab541c62064ee8bfc4af2ab07aae7d,sig.simur.gov.co,URLError,unreachable,2026-09-29
https://sig.simur.gov.co/arcgis/home/item.html?id=c8f80f9ed5cd4be3a407c3a7fcaa376e,sig.simur.gov.co,URLError,unreachable,2026-09-29
https://sig.simur.gov.co/arcgis/home/item.html?id=c918b70137eb4a6b952361ef3a158dfa,sig.simur.gov.co,URLError,unreachable,2026-09-29
https://sig.simur.gov.co/arcgis/home/item.html?id=c92b56e9d018476f9ad29496fc0fdfa5,sig.simur.gov.co,URLError,unreachable,2026-09-29
https://sig.simur.gov.co/arcgis/home/item.html?id=c961404a37b7422eaaec3cafd0ef466f,sig.simur.gov.co,URLError,unreachable,2026-09-29
https://sig.simur.gov.co/arcgis/home/item.html?id=c981455cb80b46419f1ca4ab0865d6f7,sig.simur.gov.co,URLError,unreachable,2026-09-29
https://sig.simur.gov.co/arcgis/home/item.html?id=ca2150e9ead14c149b97a1fab099f1d9,sig.simur.gov.co,URLError,unreachable,2026-09-29
https://sig.simur.gov.co/arcgis/home/item.html?id=ca5dcf7953594138b0549ae696c65008,sig.simur.gov.co,URLError,unreachable,2026-09-29
https://sig.simur.gov.co/arcgis/home/item.html?id=ca64101efeb645c2a9d22515d2e841e6,sig.simur.gov.co,URLError,unreachable,2026-09-29
https://sig.simur.gov.co/arcgis/home/item.html?id=ca66292ba5a940789b25222321999519,sig.simur.gov.co,URLError,unreachable,2026-09-29
https://sig.simur.gov.co/arcgis/home/item.html?id=ca702e6f4f834eeb8317e6a67b1cd466,sig.simur.gov.co,URLError,unreachable,2026-09-29
https://sig.simur.gov.co/arcgis/home/item.html?id=cac4eea8cdb7450593ddc3758b39530b,sig.simur.gov.co,URLError,unreachable,2026-09-29
https://sig.simur.gov.co/arcgis/home/item.html?id=cadf6e0714964855a1d24ea6a96b6ffa,sig.simur.gov.co,URLError,unreachable,2026-09-29
https://sig.simur.gov.co/arcgis/home/item.html?id=cb19ec0a8ba64b7ab05aefa97da46b10,sig.simur.gov.co,URLError,unreachable,2026-09-29
https://sig.simur.gov.co/arcgis/home/item.html?id=cb2f5b527ce0424e95758bc51ca5cc0c,sig.simur.gov.co,URLError,unreachable,2026-09-29
https://sig.simur.gov.co/arcgis/home/item.html?id=cb48e9e55e734b2c832066906139815f,sig.simur.gov.co,URLError,unreachable,2026-09-29
https://sig.simur.gov.co/arcgis/home/item.html?id=cb6ba683a0e14b388c95c78b820c2a07,sig.simur.gov.co,URLError,unreachable,2026-09-29
https://sig.simur.gov.co/arcgis/home/item.html?id=cb6fb2d9050743d6b8d102847e28fe57,sig.simur.gov.co,URLError,unreachable,2026-09-29
https://sig.simur.gov.co/arcgis/home/item.html?id=cb82ce77c87b44af8df6d13f6225d4b8,sig.simur.gov.co,URLError,unreachable,2026-09-29
https://sig.simur.gov.co/arcgis/home/item.html?id=cb96210de87f447ca1353b2b3f247abc,sig.simur.gov.co,URLError,unreachable,2026-09-29
https://sig.simur.gov.co/arcgis/home/item.html?id=cba1bc8348484b4190c22d9b3897546b,sig.simur.gov.co,URLError,unreachable,2026-09-29
https://sig.simur.gov.co/arcgis/home/item.html?id=cbffd9b837f3424da54bf13b1b536bf0,sig.simur.gov.co,URLError,unreachable,2026-09-29
https://sig.simur.gov.co/arcgis/home/item.html?id=cc014df83fc34eafa7a0bdd9bcbbd0c9,sig.simur.gov.co,URLError,unreachable,2026-09-29
https://sig.simur.gov.co/arcgis/home/item.html?id=cc0a7d299cf74b46882e0de8ec59a7eb,sig.simur.gov.co,URLError,unreachable,2026-09-29
https://sig.simur.gov.co/arcgis/home/item.html?id=cc605ee43bfd420eb5b9eb7cfc4dede3,sig.simur.gov.co,URLError,unreachable,2026-09-29
https://sig.simur.gov.co/arcgis/home/item.html?id=cc8d3c8f5cc6495ca53fc2c041239a22,sig.simur.gov.co,URLError,unreachable,2026-09-29
https://sig.simur.gov.co/arcgis/home/item.html?id=ccbe052eac2c4a41bbe7eaf1d7d847ac,sig.simur.gov.co,URLError,unreachable,2026-09-29
https://sig.simur.gov.co/arcgis/home/item.html?id=cccd0525ba4b446786d54291c87ca728,sig.simur.gov.co,URLError,unreachable,2026-09-29
https://sig.simur.gov.co/arcgis/home/item.html?id=cd95dae87dc24d2fb3f20f247c2304b8,sig.simur.gov.co,URLError,unreachable,2026-09-29
https://sig.simur.gov.co/arcgis/home/item.html?id=cdb6eb1e563942d2848125a570d8ac5a,sig.simur.gov.co,URLError,unreachable,2026-09-29
https://sig.simur.gov.co/arcgis/home/item.html?id=cdd406f265004313bd663ef026877b79,sig.simur.gov.co,URLError,unreachable,2026-09-29
https://sig.simur.gov.co/arcgis/home/item.html?id=cdef0280cf5940258ae694985a8700db,sig.simur.gov.co,URLError,unreachable,2026-09-29
https://sig.simur.gov.co/arcgis/home/item.html?id=cdfcd88e0c7b47f7b8079fec720ea931,sig.simur.gov.co,URLError,unreachable,2026-09-29
https://sig.simur.gov.co/arcgis/home/item.html?id=ce98b8f693694b468b36554f7d5865e1,sig.simur.gov.co,URLError,unreachable,2026-09-29
https://sig.simur.gov.co/arcgis/home/item.html?id=ceaaf4e032b542ad8bd7089540e13c71,sig.simur.gov.co,URLError,unreachable,2026-09-29
https://sig.simur.gov.co/arcgis/home/item.html?id=ceaefb3268e04c5fa60d6367abe53a40,sig.simur.gov.co,URLError,unreachable,2026-09-29
https://sig.simur.gov.co/arcgis/home/item.html?id=cf4b82b0b0e24f25914e5a5553d4790b,sig.simur.gov.co,URLError,unreachable,2026-09-29
https://sig.simur.gov.co/arcgis/home/item.html?id=cfd0e20db271403e8d759590bc7d7814,sig.simur.gov.co,URLError,unreachable,2026-09-29
https://sig.simur.gov.co/arcgis/home/item.html?id=d008ad8a93424459a8d15b7cef2727bf,sig.simur.gov.co,URLError,unreachable,2026-09-29
https://sig.simur.gov.co/arcgis/home/item.html?id=d02934d154564406bcb1436c717b7a0c,sig.simur.gov.co,URLError,unreachable,2026-09-29
https://sig.simur.gov.co/arcgis/home/item.html?id=d0b28478262f4bfe9720ba57c8679b9a,sig.simur.gov.co,URLError,unreachable,2026-09-29
https://sig.simur.gov.co/arcgis/home/item.html?id=d0c0986805cf49fdbd51fa4ca8500f87,sig.simur.gov.co,URLError,unreachable,2026-09-29
https://sig.simur.gov.co/arcgis/home/item.html?id=d0c1172c70ea4d9bad3ba6c429e0b3d0,sig.simur.gov.co,URLError,unreachable,2026-09-29
https://sig.simur.gov.co/arcgis/home/item.html?id=d0c8cc7fa7e64324ade816e8c66c2d92,sig.simur.gov.co,URLError,unreachable,2026-09-29
https://sig.simur.gov.co/arcgis/home/item.html?id=d13ec6d04b7e4fd4a706e4e4a0d37179,sig.simur.gov.co,URLError,unreachable,2026-09-29
https://sig.simur.gov.co/arcgis/home/item.html?id=d181e5b3f5f342f6b982ae86f43fb2de,sig.simur.gov.co,URLError,unreachable,2026-09-29
https://sig.simur.gov.co/arcgis/home/item.html?id=d1e77bd21c544ad5adfeb32b303e2df0,sig.simur.gov.co,URLError,unreachable,2026-09-29
https://sig.simur.gov.co/arcgis/home/item.html?id=d34423512a1a4db2992a97825d719ed1,sig.simur.gov.co,URLError,unreachable,2026-09-29
https://sig.simur.gov.co/arcgis/home/item.html?id=d3ab3e3c30404f9185a2e6ae00e87824,sig.simur.gov.co,URLError,unreachable,2026-09-29
https://sig.simur.gov.co/arcgis/home/item.html?id=d3d8ac78d6714442b0ae08011aafb0d5,sig.simur.gov.co,URLError,unreachable,2026-09-29
https://sig.simur.gov.co/arcgis/home/item.html?id=d3eeb6566ad74a0a85a8d1f02d5aa84c,sig.simur.gov.co,URLError,unreachable,2026-09-29
https://sig.simur.gov.co/arcgis/home/item.html?id=d41b3a97e008465eb47cb718cb134032,sig.simur.gov.co,URLError,unreachable,2026-09-29
https://sig.simur.gov.co/arcgis/home/item.html?id=d4354c2d8c774c1287208b0c606e3770,sig.simur.gov.co,URLError,unreachable,2026-09-29
https://sig.simur.gov.co/arcgis/home/item.html?id=d469a905394341f6bdcb2467e02f8deb,sig.simur.gov.co,URLError,unreachable,2026-09-29
https://sig.simur.gov.co/arcgis/home/item.html?id=d48c855eeef44c08a767d147ec67b6f5,sig.simur.gov.co,URLError,unreachable,2026-09-29
https://sig.simur.gov.co/arcgis/home/item.html?id=d4cd9166f9114279821f8f10c0c221ad,sig.simur.gov.co,URLError,unreachable,2026-09-29
https://sig.simur.gov.co/arcgis/home/item.html?id=d4e8a4a321d14bb38c48ee3b48242da8,sig.simur.gov.co,URLError,unreachable,2026-09-29
https://sig.simur.gov.co/arcgis/home/item.html?id=d507b9faf8b24af6913f0169a689b014,sig.simur.gov.co,URLError,unreachable,2026-09-29
https://sig.simur.gov.co/arcgis/home/item.html?id=d54c1016601c4345bb751d46b77e0357,sig.simur.gov.co,URLError,unreachable,2026-09-29
https://sig.simur.gov.co/arcgis/home/item.html?id=d56998fbda584d5bbfa632f776984686,sig.simur.gov.co,URLError,unreachable,2026-09-29
https://sig.simur.gov.co/arcgis/home/item.html?id=d594551013c34dc49dd031be537d1188,sig.simur.gov.co,URLError,unreachable,2026-09-29
https://sig.simur.gov.co/arcgis/home/item.html?id=d5b8b5d07187461799ef94a2c8bd82fb,sig.simur.gov.co,URLError,unreachable,2026-09-29
https://sig.simur.gov.co/arcgis/home/item.html?id=d5e7858e5460436da02fb0db15e2b1d9,sig.simur.gov.co,URLError,unreachable,2026-09-29
https://sig.simur.gov.co/arcgis/home/item.html?id=d6086b5b8c0d4ddd819ccedbc15dbb4a,sig.simur.gov.co,URLError,unreachable,2026-09-29
https://sig.simur.gov.co/arcgis/home/item.html?id=d63a4434406e48ed86b438d24d865f87,sig.simur.gov.co,URLError,unreachable,2026-09-29
https://sig.simur.gov.co/arcgis/home/item.html?id=d64d6e66db5f48aaac2cbd7806197531,sig.simur.gov.co,URLError,unreachable,2026-09-29
https://sig.simur.gov.co/arcgis/home/item.html?id=d6557adfbee147e8840f656cad1a4203,sig.simur.gov.co,URLError,unreachable,2026-09-29
https://sig.simur.gov.co/arcgis/home/item.html?id=d6a362f1c412461086f2c18e2a070761,sig.simur.gov.co,URLError,unreachable,2026-09-29
https://sig.simur.gov.co/arcgis/home/item.html?id=d6b5e49d065946ef9f794f8c41e32c5b,sig.simur.gov.co,URLError,unreachable,2026-09-29
https://sig.simur.gov.co/arcgis/home/item.html?id=d7370282e2064898b82815f6006a49fe,sig.simur.gov.co,URLError,unreachable,2026-09-29
https://sig.simur.gov.co/arcgis/home/item.html?id=d803412905e948788d93c31b0190321b,sig.simur.gov.co,URLError,unreachable,2026-09-29
https://sig.simur.gov.co/arcgis/home/item.html?id=d81449ae37a54e05a5dd783b15b8c878,sig.simur.gov.co,URLError,unreachable,2026-09-29
https://sig.simur.gov.co/arcgis/home/item.html?id=d830954d9f4f4a559cb6852a5ad92264,sig.simur.gov.co,URLError,unreachable,2026-09-29
https://sig.simur.gov.co/arcgis/home/item.html?id=d85785832cb541ce844ce22e2dbcd4d6,sig.simur.gov.co,URLError,unreachable,2026-09-29
https://sig.simur.gov.co/arcgis/home/item.html?id=d85acb0df3d84a85aa87a4bc62b28e3a,sig.simur.gov.co,URLError,unreachable,2026-09-29
https://sig.simur.gov.co/arcgis/home/item.html?id=d8915b3bef034fcab6920ebabbdcebe7,sig.simur.gov.co,URLError,unreachable,2026-09-29
https://sig.simur.gov.co/arcgis/home/item.html?id=d8a2bbadda5841ada1e3bcbc2b8060ba,sig.simur.gov.co,URLError,unreachable,2026-09-29
https://sig.simur.gov.co/arcgis/home/item.html?id=d8ae11bd190342aa9bf286927c1d17eb,sig.simur.gov.co,URLError,unreachable,2026-09-29
https://sig.simur.gov.co/arcgis/home/item.html?id=d8c47bbee0a442f0a7c6075d786e96e0,sig.simur.gov.co,URLError,unreachable,2026-09-29
https://sig.simur.gov.co/arcgis/home/item.html?id=d8cfaec521944a8a8b42af2db4d8e411,sig.simur.gov.co,URLError,unreachable,2026-09-29
https://sig.simur.gov.co/arcgis/home/item.html?id=d8e75b63045f4c1aa8dd12680b15c070,sig.simur.gov.co,URLError,unreachable,2026-09-29
https://sig.simur.gov.co/arcgis/home/item.html?id=d8eb21edb8b64b19b20028f8c01d9293,sig.simur.gov.co,URLError,unreachable,2026-09-29
https://sig.simur.gov.co/arcgis/home/item.html?id=d9c4df2c2101459eabbada468083f261,sig.simur.gov.co,URLError,unreachable,2026-09-29
https://sig.simur.gov.co/arcgis/home/item.html?id=d9f6f9b8170040b1b83ff5de9f38674b,sig.simur.gov.co,URLError,unreachable,2026-09-29
https://sig.simur.gov.co/arcgis/home/item.html?id=da33b7a330d34d83863bd0eebb4780ef,sig.simur.gov.co,URLError,unreachable,2026-09-29
https://sig.simur.gov.co/arcgis/home/item.html?id=da7026f17bf043ccb647c1ec3811cafb,sig.simur.gov.co,URLError,unreachable,2026-09-29
https://sig.simur.gov.co/arcgis/home/item.html?id=dab02040f09e402a8fd830cefeb14334,sig.simur.gov.co,URLError,unreachable,2026-09-29
https://sig.simur.gov.co/arcgis/home/item.html?id=dad05fde2d9e4ae0a2221e7e791eeacd,sig.simur.gov.co,URLError,unreachable,2026-09-29
https://sig.simur.gov.co/arcgis/home/item.html?id=dad4344c7ed341cea441d5837b25efc2,sig.simur.gov.co,URLError,unreachable,2026-09-29
https://sig.simur.gov.co/arcgis/home/item.html?id=dadcabadf25641fe82d70e9b362b16e9,sig.simur.gov.co,URLError,unreachable,2026-09-29
https://sig.simur.gov.co/arcgis/home/item.html?id=dae9bed3322d4973953921d8809f138f,sig.simur.gov.co,URLError,unreachable,2026-09-29
https://sig.simur.gov.co/arcgis/home/item.html?id=db23c85a2cf949329eb7f85ccbcd870e,sig.simur.gov.co,URLError,unreachable,2026-09-29
https://sig.simur.gov.co/arcgis/home/item.html?id=db8005ee0a4546fd91b1e99513e3eda5,sig.simur.gov.co,URLError,unreachable,2026-09-29
https://sig.simur.gov.co/arcgis/home/item.html?id=db934f31f1ea414f9f928db5783f6206,sig.simur.gov.co,URLError,unreachable,2026-09-29
https://sig.simur.gov.co/arcgis/home/item.html?id=dbfdb90f82724014b71bcd95f1137868,sig.simur.gov.co,URLError,unreachable,2026-09-29
https://sig.simur.gov.co/arcgis/home/item.html?id=dc2f8286241242079f967d45e8cfacd8,sig.simur.gov.co,URLError,unreachable,2026-09-29
https://sig.simur.gov.co/arcgis/home/item.html?id=dc316fd0d27d4ae08d8cb8238cb37e90,sig.simur.gov.co,URLError,unreachable,2026-09-29
https://sig.simur.gov.co/arcgis/home/item.html?id=dc88a2c333f8467cb8dc290206329c3c,sig.simur.gov.co,URLError,unreachable,2026-09-29
https://sig.simur.gov.co/arcgis/home/item.html?id=dd445a384a3a4e85bf422a52b4fd69b2,sig.simur.gov.co,URLError,unreachable,2026-09-29
https://sig.simur.gov.co/arcgis/home/item.html?id=dd501fcd77c643548c282f9ff409ef84,sig.simur.gov.co,URLError,unreachable,2026-09-29
https://sig.simur.gov.co/arcgis/home/item.html?id=ddc08d19ba5f47dd819662083aa96648,sig.simur.gov.co,URLError,unreachable,2026-09-29
https://sig.simur.gov.co/arcgis/home/item.html?id=ddcad9d65cc84b32aa75470452b93741,sig.simur.gov.co,URLError,unreachable,2026-09-29
https://sig.simur.gov.co/arcgis/home/item.html?id=ddcd1cfb101b423e9460e67f49b4c38d,sig.simur.gov.co,URLError,unreachable,2026-09-29
https://sig.simur.gov.co/arcgis/home/item.html?id=dddf3ce368864420960dfb7a8d722519,sig.simur.gov.co,URLError,unreachable,2026-09-29
https://sig.simur.gov.co/arcgis/home/item.html?id=ddf515bd36064672b35383ba243e972b,sig.simur.gov.co,URLError,unreachable,2026-09-29
https://sig.simur.gov.co/arcgis/home/item.html?id=de51900de5f34c8cba1a9c428e60f9fe,sig.simur.gov.co,URLError,unreachable,2026-09-29
https://sig.simur.gov.co/arcgis/home/item.html?id=df4b8b6c96624e118de64f2b43aa5c33,sig.simur.gov.co,URLError,unreachable,2026-09-29
https://sig.simur.gov.co/arcgis/home/item.html?id=df8854025f2a4b0ea4ce05f5e5d4b584,sig.simur.gov.co,URLError,unreachable,2026-09-29
https://sig.simur.gov.co/arcgis/home/item.html?id=df902e5b126a414ca412ad4c49b1ad61,sig.simur.gov.co,URLError,unreachable,2026-09-29
https://sig.simur.gov.co/arcgis/home/item.html?id=dfaf8b6b626f43629813bd1d2fbc766b,sig.simur.gov.co,URLError,unreachable,2026-09-29
https://sig.simur.gov.co/arcgis/home/item.html?id=dfdb994261314b4a877b4787864d9703,sig.simur.gov.co,URLError,unreachable,2026-09-29
https://sig.simur.gov.co/arcgis/home/item.html?id=dff96006d2b448aaa06e13588bf5260e,sig.simur.gov.co,URLError,unreachable,2026-09-29
https://sig.simur.gov.co/arcgis/home/item.html?id=e02b5a6d73a14571adaf9117fb7843c7,sig.simur.gov.co,URLError,unreachable,2026-09-29
https://sig.simur.gov.co/arcgis/home/item.html?id=e0604c99d6024cb38c83b3b8b2b957db,sig.simur.gov.co,URLError,unreachable,2026-09-29
https://sig.simur.gov.co/arcgis/home/item.html?id=e074cbdba15440b1b70caad5389e7d24,sig.simur.gov.co,URLError,unreachable,2026-09-29
https://sig.simur.gov.co/arcgis/home/item.html?id=e0de49c025574e259cfb2978232d99ab,sig.simur.gov.co,URLError,unreachable,2026-09-29
https://sig.simur.gov.co/arcgis/home/item.html?id=e178fd377cb34e5fb57f1bc59fba96cc,sig.simur.gov.co,URLError,unreachable,2026-09-29
https://sig.simur.gov.co/arcgis/home/item.html?id=e1a6645bc51749b08897c3147466c5a3,sig.simur.gov.co,URLError,unreachable,2026-09-29
https://sig.simur.gov.co/arcgis/home/item.html?id=e204fa7168664f2f8aac8fdaf4e85efe,sig.simur.gov.co,URLError,unreachable,2026-09-29
https://sig.simur.gov.co/arcgis/home/item.html?id=e206e5885f4c4b119487c31efdc8c3dc,sig.simur.gov.co,URLError,unreachable,2026-09-29
https://sig.simur.gov.co/arcgis/home/item.html?id=e287736c688d40ad89ee71bb088f495a,sig.simur.gov.co,URLError,unreachable,2026-09-29
https://sig.simur.gov.co/arcgis/home/item.html?id=e2995af0a24a4b779937d65fde6a4dd1,sig.simur.gov.co,URLError,unreachable,2026-09-29
https://sig.simur.gov.co/arcgis/home/item.html?id=e2b363314fe94becbd703ba4ea02ac7d,sig.simur.gov.co,URLError,unreachable,2026-09-29
https://sig.simur.gov.co/arcgis/home/item.html?id=e2b98d6e1c554f189589cb4cb4bfe600,sig.simur.gov.co,URLError,unreachable,2026-09-29
https://sig.simur.gov.co/arcgis/home/item.html?id=e304592693ec48ed8fcb351e343255c1,sig.simur.gov.co,URLError,unreachable,2026-09-29
https://sig.simur.gov.co/arcgis/home/item.html?id=e3478158fe604f1885ccd0c0e7aa9979,sig.simur.gov.co,URLError,unreachable,2026-09-29
https://sig.simur.gov.co/arcgis/home/item.html?id=e425bcf933234cafbb688275c57febd2,sig.simur.gov.co,URLError,unreachable,2026-09-29
https://sig.simur.gov.co/arcgis/home/item.html?id=e45f7107f51f4f2d9ffc9984e41a21cd,sig.simur.gov.co,URLError,unreachable,2026-09-29
https://sig.simur.gov.co/arcgis/home/item.html?id=e475b567ca644fcb8f92eaa219bc7700,sig.simur.gov.co,URLError,unreachable,2026-09-29
https://sig.simur.gov.co/arcgis/home/item.html?id=e4e857645cc8450cab1b9138fd8bc18e,sig.simur.gov.co,URLError,unreachable,2026-09-29
https://sig.simur.gov.co/arcgis/home/item.html?id=e4f5cd2b93684857a1d5f2f1d7ca6e6b,sig.simur.gov.co,URLError,unreachable,2026-09-29
https://sig.simur.gov.co/arcgis/home/item.html?id=e5269c50ff02443da7902eab595fc60b,sig.simur.gov.co,URLError,unreachable,2026-09-29
https://sig.simur.gov.co/arcgis/home/item.html?id=e5308f1679264a37a4616ce1e067b5eb,sig.simur.gov.co,URLError,unreachable,2026-09-29
https://sig.simur.gov.co/arcgis/home/item.html?id=e53fce544565444f853097e7ad280f79,sig.simur.gov.co,URLError,unreachable,2026-09-29
https://sig.simur.gov.co/arcgis/home/item.html?id=e548a6cc89e344ffa825a6b52a9288cd,sig.simur.gov.co,URLError,unreachable,2026-09-29
https://sig.simur.gov.co/arcgis/home/item.html?id=e5b08d034df748179ab25493ff2271d4,sig.simur.gov.co,URLError,unreachable,2026-09-29
https://sig.simur.gov.co/arcgis/home/item.html?id=e5c9d23df2ed4587a4e3d7c0c4832b40,sig.simur.gov.co,URLError,unreachable,2026-09-29
https://sig.simur.gov.co/arcgis/home/item.html?id=e5caf2655a344425953d2420f37cb747,sig.simur.gov.co,URLError,unreachable,2026-09-29
https://sig.simur.gov.co/arcgis/home/item.html?id=e5df93c7885b46418a31ab21e04898a1,sig.simur.gov.co,URLError,unreachable,2026-09-29
https://sig.simur.gov.co/arcgis/home/item.html?id=e5e81236a323478ba20d1dc702384950,sig.simur.gov.co,URLError,unreachable,2026-09-29
https://sig.simur.gov.co/arcgis/home/item.html?id=e60e936c02ab421ca2ff7a9bae34f764,sig.simur.gov.co,URLError,unreachable,2026-09-29
https://sig.simur.gov.co/arcgis/home/item.html?id=e637dfc9f48146318f35fb67a335bebf,sig.simur.gov.co,URLError,unreachable,2026-09-29
https://sig.simur.gov.co/arcgis/home/item.html?id=e66c1b3fd5a74b968dd447a1481ebb03,sig.simur.gov.co,URLError,unreachable,2026-09-29
https://sig.simur.gov.co/arcgis/home/item.html?id=e68250a98628479eb2326fccd396753e,sig.simur.gov.co,URLError,unreachable,2026-09-29
https://sig.simur.gov.co/arcgis/home/item.html?id=e6977351b8e14f2da647d9c68babd27c,sig.simur.gov.co,URLError,unreachable,2026-09-29
https://sig.simur.gov.co/arcgis/home/item.html?id=e6ab152bd9204a1186b135b7ae14d238,sig.simur.gov.co,URLError,unreachable,2026-09-29
https://sig.simur.gov.co/arcgis/home/item.html?id=e6aea75c40ce49a5b106c669ca54631a,sig.simur.gov.co,URLError,unreachable,2026-09-29
https://sig.simur.gov.co/arcgis/home/item.html?id=e76f3c34fd2c43038f6c317d15a227a3,sig.simur.gov.co,URLError,unreachable,2026-09-29
https://sig.simur.gov.co/arcgis/home/item.html?id=e7764e79cff046eaa4a4c64645e58ee7,sig.simur.gov.co,URLError,unreachable,2026-09-29
https://sig.simur.gov.co/arcgis/home/item.html?id=e78e8d533c9c414db856a5f926f6fdbc,sig.simur.gov.co,URLError,unreachable,2026-09-29
https://sig.simur.gov.co/arcgis/home/item.html?id=e7af3fa2c4d243dd8d201e4c75f4739a,sig.simur.gov.co,URLError,unreachable,2026-09-29
https://sig.simur.gov.co/arcgis/home/item.html?id=e7dc4a6749044792aaaccc70d4477754,sig.simur.gov.co,URLError,unreachable,2026-09-29
https://sig.simur.gov.co/arcgis/home/item.html?id=e7f4de8149cf4016a90155939a2afe97,sig.simur.gov.co,URLError,unreachable,2026-09-29
https://sig.simur.gov.co/arcgis/home/item.html?id=e80af8d04dab4882bcd38560906f8707,sig.simur.gov.co,URLError,unreachable,2026-09-29
https://sig.simur.gov.co/arcgis/home/item.html?id=e8c2b314844f4a03a93eefcb3f43dfa2,sig.simur.gov.co,URLError,unreachable,2026-09-29
https://sig.simur.gov.co/arcgis/home/item.html?id=e8d1f8efa6f94ad0b5c640362d27a3cb,sig.simur.gov.co,URLError,unreachable,2026-09-29
https://sig.simur.gov.co/arcgis/home/item.html?id=e8dd31a8db1f4b9bbac38f5cd02188a6,sig.simur.gov.co,URLError,unreachable,2026-09-29
https://sig.simur.gov.co/arcgis/home/item.html?id=e8de6a1050164a77bf049567ae5b4e3e,sig.simur.gov.co,URLError,unreachable,2026-09-29
https://sig.simur.gov.co/arcgis/home/item.html?id=e8e90147d137424399a43ef1f1afc675,sig.simur.gov.co,URLError,unreachable,2026-09-29
https://sig.simur.gov.co/arcgis/home/item.html?id=e93611c8d040471aab5f572230c2762e,sig.simur.gov.co,URLError,unreachable,2026-09-29
https://sig.simur.gov.co/arcgis/home/item.html?id=e9458a1ca2c14cd9ac043ed92e096bca,sig.simur.gov.co,URLError,unreachable,2026-09-29
https://sig.simur.gov.co/arcgis/home/item.html?id=e952ec905d7149938ca50275260554b1,sig.simur.gov.co,URLError,unreachable,2026-09-29
https://sig.simur.gov.co/arcgis/home/item.html?id=e96b6d74ed22425dbb8034ad316c5905,sig.simur.gov.co,URLError,unreachable,2026-09-29
https://sig.simur.gov.co/arcgis/home/item.html?id=e98e584f32e7493b88cadf845ebe4963,sig.simur.gov.co,URLError,unreachable,2026-09-29
https://sig.simur.gov.co/arcgis/home/item.html?id=e9ad1b40271c4770bfbe1eb29560898b,sig.simur.gov.co,URLError,unreachable,2026-09-29
https://sig.simur.gov.co/arcgis/home/item.html?id=e9f693e8d6b44b58b234517f3e06cc4a,sig.simur.gov.co,URLError,unreachable,2026-09-29
https://sig.simur.gov.co/arcgis/home/item.html?id=ea1b7f9cfade485aaaf388ad91fcf59e,sig.simur.gov.co,URLError,unreachable,2026-09-29
https://sig.simur.gov.co/arcgis/home/item.html?id=ea499935df5548d98b6c444b355200fd,sig.simur.gov.co,URLError,unreachable,2026-09-29
https://sig.simur.gov.co/arcgis/home/item.html?id=eb23b844c5844c97bb1833b227789869,sig.simur.gov.co,URLError,unreachable,2026-09-29
https://sig.simur.gov.co/arcgis/home/item.html?id=eb25b63a21ee489a97efd49077ec2e77,sig.simur.gov.co,URLError,unreachable,2026-09-29
https://sig.simur.gov.co/arcgis/home/item.html?id=eb548d3c6f8a4380bea0f6ae8b737b13,sig.simur.gov.co,URLError,unreachable,2026-09-29
https://sig.simur.gov.co/arcgis/home/item.html?id=eb73da6aaa3f4b2dad179753566c4af8,sig.simur.gov.co,URLError,unreachable,2026-09-29
https://sig.simur.gov.co/arcgis/home/item.html?id=eb7fb0a9a0d84109b4e467f8983f0515,sig.simur.gov.co,URLError,unreachable,2026-09-29
https://sig.simur.gov.co/arcgis/home/item.html?id=ebb737e78b25435b8f9cec64ec1bc642,sig.simur.gov.co,URLError,unreachable,2026-09-29
https://sig.simur.gov.co/arcgis/home/item.html?id=ebe4e02be29e4dceab99b78af23a5be4,sig.simur.gov.co,URLError,unreachable,2026-09-29
https://sig.simur.gov.co/arcgis/home/item.html?id=ec2e035ea8ab4941b994080df74fcdd9,sig.simur.gov.co,URLError,unreachable,2026-09-29
https://sig.simur.gov.co/arcgis/home/item.html?id=ec62c49eb1184afc94765a12104f0e25,sig.simur.gov.co,URLError,unreachable,2026-09-29
https://sig.simur.gov.co/arcgis/home/item.html?id=ec6a2b3aeefc48209e6889d338e7de7c,sig.simur.gov.co,URLError,unreachable,2026-09-29
https://sig.simur.gov.co/arcgis/home/item.html?id=ecffadb14eb645d9b5c1a4f5963a5e9a,sig.simur.gov.co,URLError,unreachable,2026-09-29
https://sig.simur.gov.co/arcgis/home/item.html?id=ed1edcb348ef403a8d4f8f304541b5dc,sig.simur.gov.co,URLError,unreachable,2026-09-29
https://sig.simur.gov.co/arcgis/home/item.html?id=ed517f96bf0648f59a29024583dcf1e3,sig.simur.gov.co,URLError,unreachable,2026-09-29
https://sig.simur.gov.co/arcgis/home/item.html?id=eda72b92ff9f443d9e07581449eed2cd,sig.simur.gov.co,URLError,unreachable,2026-09-29
https://sig.simur.gov.co/arcgis/home/item.html?id=edadfd96fc9644c0809a4e7f293cce74,sig.simur.gov.co,URLError,unreachable,2026-09-29
https://sig.simur.gov.co/arcgis/home/item.html?id=ede996e1a6214fd2912f6147395f6d79,sig.simur.gov.co,URLError,unreachable,2026-09-29
https://sig.simur.gov.co/arcgis/home/item.html?id=ee182e80b59a43c48245751c14a21ca4,sig.simur.gov.co,URLError,unreachable,2026-09-29
https://sig.simur.gov.co/arcgis/home/item.html?id=ee607a7f4380446f9c57e0936c8aecb3,sig.simur.gov.co,URLError,unreachable,2026-09-29
https://sig.simur.gov.co/arcgis/home/item.html?id=ee83b24a40894c2091b622952bb575bb,sig.simur.gov.co,URLError,unreachable,2026-09-29
https://sig.simur.gov.co/arcgis/home/item.html?id=ee8e11b71efe4f339d7dea9e5f857394,sig.simur.gov.co,URLError,unreachable,2026-09-29
https://sig.simur.gov.co/arcgis/home/item.html?id=ee9f2edc563640559599d1e22d248e6b,sig.simur.gov.co,URLError,unreachable,2026-09-29
https://sig.simur.gov.co/arcgis/home/item.html?id=eed7a4c3191948e9a3887daaff4e19af,sig.simur.gov.co,URLError,unreachable,2026-09-29
https://sig.simur.gov.co/arcgis/home/item.html?id=f0533e5f6f924ee8bdab995712c203cf,sig.simur.gov.co,URLError,unreachable,2026-09-29
https://sig.simur.gov.co/arcgis/home/item.html?id=f07fe5cd528e4bab82772056e165e644,sig.simur.gov.co,URLError,unreachable,2026-09-29
https://sig.simur.gov.co/arcgis/home/item.html?id=f0d3606f82ca461290a92bde19200d28,sig.simur.gov.co,URLError,unreachable,2026-09-29
https://sig.simur.gov.co/arcgis/home/item.html?id=f0dec70f6c184784a7767b98d50987de,sig.simur.gov.co,URLError,unreachable,2026-09-29
https://sig.simur.gov.co/arcgis/home/item.html?id=f1328acfd79b4f94a95c2f859dbd5853,sig.simur.gov.co,URLError,unreachable,2026-09-29
https://sig.simur.gov.co/arcgis/home/item.html?id=f1407c25c8f64de99ac4e9f27ce65880,sig.simur.gov.co,URLError,unreachable,2026-09-29
https://sig.simur.gov.co/arcgis/home/item.html?id=f148c5c605b74a368e5813dfe814c99f,sig.simur.gov.co,URLError,unreachable,2026-09-29
https://sig.simur.gov.co/arcgis/home/item.html?id=f17a51dccbf7490dba2092b2e61aabfe,sig.simur.gov.co,URLError,unreachable,2026-09-29
https://sig.simur.gov.co/arcgis/home/item.html?id=f17f03d272024a7c824156514ef7ff29,sig.simur.gov.co,URLError,unreachable,2026-09-29
https://sig.simur.gov.co/arcgis/home/item.html?id=f1f4a1b5e0314a53b81546cdb075d9c4,sig.simur.gov.co,URLError,unreachable,2026-09-29
https://sig.simur.gov.co/arcgis/home/item.html?id=f21d8fb6c1ea4fffbabb54c6970e1dda,sig.simur.gov.co,URLError,unreachable,2026-09-29
https://sig.simur.gov.co/arcgis/home/item.html?id=f25bc27655f140068e947670277e8009,sig.simur.gov.co,URLError,unreachable,2026-09-29
https://sig.simur.gov.co/arcgis/home/item.html?id=f2a9bfe494354c4dba0745372cee34f5,sig.simur.gov.co,URLError,unreachable,2026-09-29
https://sig.simur.gov.co/arcgis/home/item.html?id=f3279f9161f040a2bab1fcb9e052a39a,sig.simur.gov.co,URLError,unreachable,2026-09-29
https://sig.simur.gov.co/arcgis/home/item.html?id=f35d70978ecb440a8e3a2dcaf0ac6da7,sig.simur.gov.co,URLError,unreachable,2026-09-29
https://sig.simur.gov.co/arcgis/home/item.html?id=f37cdd94974a433aaa2bc0c6628e981f,sig.simur.gov.co,URLError,unreachable,2026-09-29
https://sig.simur.gov.co/arcgis/home/item.html?id=f3a3085cef4c4b21a549256e819879be,sig.simur.gov.co,URLError,unreachable,2026-09-29
https://sig.simur.gov.co/arcgis/home/item.html?id=f3e3eec9511f486cad8ff5a61e04bc5e,sig.simur.gov.co,URLError,unreachable,2026-09-29
https://sig.simur.gov.co/arcgis/home/item.html?id=f3fd1204d1cd4fd996b56f638da7cb94,sig.simur.gov.co,URLError,unreachable,2026-09-29
https://sig.simur.gov.co/arcgis/home/item.html?id=f4025a4944bf422399d0a5e4cc997a80,sig.simur.gov.co,URLError,unreachable,2026-09-29
https://sig.simur.gov.co/arcgis/home/item.html?id=f438d3853bc24247a8fdf3de580d687b,sig.simur.gov.co,URLError,unreachable,2026-09-29
https://sig.simur.gov.co/arcgis/home/item.html?id=f4fc594c23f44a87846f7ebd65452282,sig.simur.gov.co,URLError,unreachable,2026-09-29
https://sig.simur.gov.co/arcgis/home/item.html?id=f4fe44a4929b41b3b14857cbe1e61285,sig.simur.gov.co,URLError,unreachable,2026-09-29
https://sig.simur.gov.co/arcgis/home/item.html?id=f52d73752db64783b51c5a7fe7f5d262,sig.simur.gov.co,URLError,unreachable,2026-09-29
https://sig.simur.gov.co/arcgis/home/item.html?id=f5760e133d7642fdb76bda665d95b37b,sig.simur.gov.co,URLError,unreachable,2026-09-29
https://sig.simur.gov.co/arcgis/home/item.html?id=f59cee7329804ee4aa4f6dcef1f5aad0,sig.simur.gov.co,URLError,unreachable,2026-09-29
https://sig.simur.gov.co/arcgis/home/item.html?id=f5a751696f254b4598c162956a6d9045,sig.simur.gov.co,URLError,unreachable,2026-09-29
https://sig.simur.gov.co/arcgis/home/item.html?id=f5e9d81ea196466e8bba8415837ff509,sig.simur.gov.co,URLError,unreachable,2026-09-29
https://sig.simur.gov.co/arcgis/home/item.html?id=f627b88bfa2a456fac5aab4d246dfbda,sig.simur.gov.co,URLError,unreachable,2026-09-29
https://sig.simur.gov.co/arcgis/home/item.html?id=f655a9b7b3bf4212accd5c4629eb211a,sig.simur.gov.co,URLError,unreachable,2026-09-29
https://sig.simur.gov.co/arcgis/home/item.html?id=f65df01ddf9849f1a6b11102e988ff41,sig.simur.gov.co,URLError,unreachable,2026-09-29
https://sig.simur.gov.co/arcgis/home/item.html?id=f66671785a70402e8409b5ae65e68ccd,sig.simur.gov.co,URLError,unreachable,2026-09-29
https://sig.simur.gov.co/arcgis/home/item.html?id=f672f39713dc4413a487dd202d06c64c,sig.simur.gov.co,URLError,unreachable,2026-09-29
https://sig.simur.gov.co/arcgis/home/item.html?id=f683e3993c0449e7bc469f1a69e29c66,sig.simur.gov.co,URLError,unreachable,2026-09-29
https://sig.simur.gov.co/arcgis/home/item.html?id=f72e371a36f14d70ac81eb217fd522f7,sig.simur.gov.co,URLError,unreachable,2026-09-29
https://sig.simur.gov.co/arcgis/home/item.html?id=f7993b3302634e5e9b7d886c980e4bdc,sig.simur.gov.co,URLError,unreachable,2026-09-29
https://sig.simur.gov.co/arcgis/home/item.html?id=f7fb7f20abac4261b19aba94b1d2b85e,sig.simur.gov.co,URLError,unreachable,2026-09-29
https://sig.simur.gov.co/arcgis/home/item.html?id=f81c718e9a534abc95bfc332e98c29af,sig.simur.gov.co,URLError,unreachable,2026-09-29
https://sig.simur.gov.co/arcgis/home/item.html?id=f8301c70df324b1eadb11ddb470f63b1,sig.simur.gov.co,URLError,unreachable,2026-09-29
https://sig.simur.gov.co/arcgis/home/item.html?id=f85be9c73cf24d838761c01a70aacc63,sig.simur.gov.co,URLError,unreachable,2026-09-29
https://sig.simur.gov.co/arcgis/home/item.html?id=f89c2b38e2f844a3b08272cb6bafeaee,sig.simur.gov.co,URLError,unreachable,2026-09-29
https://sig.simur.gov.co/arcgis/home/item.html?id=f9131f09a054414ea588838402ef03cf,sig.simur.gov.co,URLError,unreachable,2026-09-29
https://sig.simur.gov.co/arcgis/home/item.html?id=f943c9222e1247bc82b50be9d86532f5,sig.simur.gov.co,URLError,unreachable,2026-09-29
https://sig.simur.gov.co/arcgis/home/item.html?id=f99a0277b41947c395e013d5b22d1c75,sig.simur.gov.co,URLError,unreachable,2026-09-29
https://sig.simur.gov.co/arcgis/home/item.html?id=f9e645cd6de240aaa117af4c137ec083,sig.simur.gov.co,URLError,unreachable,2026-09-29
https://sig.simur.gov.co/arcgis/home/item.html?id=fa6acb7c60834eed92ba8cc5f352cc70,sig.simur.gov.co,URLError,unreachable,2026-09-29
https://sig.simur.gov.co/arcgis/home/item.html?id=fab58aec5e2b41dea0bb534232e55aa9,sig.simur.gov.co,URLError,unreachable,2026-09-29
https://sig.simur.gov.co/arcgis/home/item.html?id=fab937a161d645768855d523cdeb0aed,sig.simur.gov.co,URLError,unreachable,2026-09-29
https://sig.simur.gov.co/arcgis/home/item.html?id=faef613bf4104ba5a3ca020aaf713b8b,sig.simur.gov.co,URLError,unreachable,2026-09-29
https://sig.simur.gov.co/arcgis/home/item.html?id=fb211d26ca774ca9a73dd74c07524e0c,sig.simur.gov.co,URLError,unreachable,2026-09-29
https://sig.simur.gov.co/arcgis/home/item.html?id=fba3b2732f1f4273a766a93a7d4966a3,sig.simur.gov.co,URLError,unreachable,2026-09-29
https://sig.simur.gov.co/arcgis/home/item.html?id=fbe02ae186214e2191e67b1471fb25ed,sig.simur.gov.co,URLError,unreachable,2026-09-29
https://sig.simur.gov.co/arcgis/home/item.html?id=fcc23d0f8aef4819abbc3564940b01b9,sig.simur.gov.co,URLError,unreachable,2026-09-29
https://sig.simur.gov.co/arcgis/home/item.html?id=fcd718b04eaf4809b6e1b4a40003d40d,sig.simur.gov.co,URLError,unreachable,2026-09-29
https://sig.simur.gov.co/arcgis/home/item.html?id=fd03b650618249288b3f80fa4801addf,sig.simur.gov.co,URLError,unreachable,2026-09-29
https://sig.simur.gov.co/arcgis/home/item.html?id=fd195d19fe974b0e874aa91d6a980eee,sig.simur.gov.co,URLError,unreachable,2026-09-29
https://sig.simur.gov.co/arcgis/home/item.html?id=fd4493ab32ad4282a39641014cf2c67a,sig.simur.gov.co,URLError,unreachable,2026-09-29
https://sig.simur.gov.co/arcgis/home/item.html?id=fd849428691a4830a0acb7bf7c497589,sig.simur.gov.co,URLError,unreachable,2026-09-29
https://sig.simur.gov.co/arcgis/home/item.html?id=fd97cdd1acce4f979036cf2be07041fc,sig.simur.gov.co,URLError,unreachable,2026-09-29
https://sig.simur.gov.co/arcgis/home/item.html?id=fe21233ac63f4f149d437ff65da887f0,sig.simur.gov.co,URLError,unreachable,2026-09-29
https://sig.simur.gov.co/arcgis/home/item.html?id=fe2deea4333f4453849326fbf427f59c,sig.simur.gov.co,URLError,unreachable,2026-09-29
https://sig.simur.gov.co/arcgis/home/item.html?id=fe53dc26007b4d16924189ad69220524,sig.simur.gov.co,URLError,unreachable,2026-09-29
https://sig.simur.gov.co/arcgis/home/item.html?id=fe99738c0ff54942822416982cba418c,sig.simur.gov.co,URLError,unreachable,2026-09-29
https://sig.simur.gov.co/arcgis/home/item.html?id=fedab67affdd4f6b9e7f152223c1ed61,sig.simur.gov.co,URLError,unreachable,2026-09-29
https://sig.simur.gov.co/arcgis/home/item.html?id=fef0217f7418445f8c69bfbd5ddfb9e4,sig.simur.gov.co,URLError,unreachable,2026-09-29
https://sig.simur.gov.co/arcgis/home/item.html?id=ff0b613521404ebb85b40a59328e35a9,sig.simur.gov.co,URLError,unreachable,2026-09-29
https://sig.simur.gov.co/arcgis/home/item.html?id=ff2850fbf1134954922783544aa45338,sig.simur.gov.co,URLError,unreachable,2026-09-29
https://sig.simur.gov.co/arcgis/home/item.html?id=ff4d07ba0e534a13b76baa090d467860,sig.simur.gov.co,URLError,unreachable,2026-09-29
https://sig.simur.gov.co/arcgis/home/item.html?id=ff6b7487b3b448b99d83940b2f06e192,sig.simur.gov.co,URLError,unreachable,2026-09-29
https://sig.simur.gov.co/arcgis/home/item.html?id=ff6ddc982a584d6c8576c0f808428124,sig.simur.gov.co,URLError,unreachable,2026-09-29
https://sig.simur.gov.co/arcgis/rest/services/Accidentalidad/AccidentalidadAnalisis/FeatureServer,sig.simur.gov.co,URLError,unreachable,2026-09-29
https://sig.simur.gov.co/arcgis/rest/services/DatosAbiertos/Cicloparqueadero/FeatureServer,sig.simur.gov.co,URLError,unreachable,2026-09-29
https://sig.simur.gov.co/arcgis/rest/services/DatosAbiertos/RedSemaforica/FeatureServer,sig.simur.gov.co,URLError,unreachable,2026-09-29
https://sinia.minam.gob.pe/taxonomy/term/145608,sinia.minam.gob.pe,200,ok,2026-09-29
https://sistemas.protransporte.gob.pe/DatosAbiertos,sistemas.protransporte.gob.pe,200,ok,2026-09-29
https://stadincijfers.antwerpen.be/viewer?var=a_15,stadincijfers.antwerpen.be,URLError,unreachable,2026-09-29
https://stadincijfers.antwerpen.be/viewer?var=a_bbplein,stadincijfers.antwerpen.be,URLError,unreachable,2026-09-29
https://stadincijfers.antwerpen.be/viewer?var=a_bgr,stadincijfers.antwerpen.be,URLError,unreachable,2026-09-29
https://stadincijfers.antwerpen.be/viewer?var=a_bouwblokgr,stadincijfers.antwerpen.be,URLError,unreachable,2026-09-29
https://stadincijfers.antwerpen.be/viewer?var=a_bplein,stadincijfers.antwerpen.be,URLError,unreachable,2026-09-29
https://stadincijfers.antwerpen.be/viewer?var=a_buurtgr,stadincijfers.antwerpen.be,URLError,unreachable,2026-09-29
https://stadincijfers.antwerpen.be/viewer?var=a_plein,stadincijfers.antwerpen.be,URLError,unreachable,2026-09-29
https://stadincijfers.antwerpen.be/viewer?var=a_sdgr,stadincijfers.antwerpen.be,URLError,unreachable,2026-09-29
https://stadincijfers.antwerpen.be/viewer?var=a_veib_re,stadincijfers.antwerpen.be,URLError,unreachable,2026-09-29
https://stadincijfers.antwerpen.be/viewer?var=a_veib_rev_re,stadincijfers.antwerpen.be,URLError,unreachable,2026-09-29
https://stadincijfers.antwerpen.be/viewer?var=a_veib_rf_re,stadincijfers.antwerpen.be,URLError,unreachable,2026-09-29
https://stadincijfers.antwerpen.be/viewer?var=a_veib_rim_re,stadincijfers.antwerpen.be,URLError,unreachable,2026-09-29
https://stadincijfers.antwerpen.be/viewer?var=a_wgr,stadincijfers.antwerpen.be,URLError,unreachable,2026-09-29
https://stadincijfers.antwerpen.be/viewer?var=a_wplein,stadincijfers.antwerpen.be,URLError,unreachable,2026-09-29
https://stadincijfers.antwerpen.be/viewer?var=aandeel_allegroen,stadincijfers.antwerpen.be,URLError,unreachable,2026-09-29
https://stadincijfers.antwerpen.be/viewer?var=aandeel_bomen_ch,stadincijfers.antwerpen.be,URLError,unreachable,2026-09-29
https://stadincijfers.antwerpen.be/viewer?var=aandeel_boomgras,stadincijfers.antwerpen.be,URLError,unreachable,2026-09-29
https://stadincijfers.antwerpen.be/viewer?var=aandeel_gras_ch,stadincijfers.antwerpen.be,URLError,unreachable,2026-09-29
https://stadincijfers.antwerpen.be/viewer?var=aandeel_landbouw_ch,stadincijfers.antwerpen.be,URLError,unreachable,2026-09-29
https://stadincijfers.antwerpen.be/viewer?var=aandeel_opp_bomen,stadincijfers.antwerpen.be,URLError,unreachable,2026-09-29
https://stadincijfers.antwerpen.be/viewer?var=aandeel_opp_tuin,stadincijfers.antwerpen.be,URLError,unreachable,2026-09-29
https://stadincijfers.antwerpen.be/viewer?var=aandeel_rest_ch,stadincijfers.antwerpen.be,URLError,unreachable,2026-09-29
https://stadincijfers.antwerpen.be/viewer?var=aant_deelautos,stadincijfers.antwerpen.be,URLError,unreachable,2026-09-29
https://stadincijfers.antwerpen.be/viewer?var=aant_deelfietsen,stadincijfers.antwerpen.be,URLError,unreachable,2026-09-29
https://stadincijfers.antwerpen.be/viewer?var=aant_deelfietsen_inw,stadincijfers.antwerpen.be,URLError,unreachable,2026-09-29
https://stadincijfers.antwerpen.be/viewer?var=aant_deelscooters,stadincijfers.antwerpen.be,URLError,unreachable,2026-09-29
https://stadincijfers.antwerpen.be/viewer?var=aant_deelsteps,stadincijfers.antwerpen.be,URLError,unreachable,2026-09-29
https://stadincijfers.antwerpen.be/viewer?var=aant_deelvoertuigen_tot,stadincijfers.antwerpen.be,URLError,unreachable,2026-09-29
https://stadincijfers.antwerpen.be/viewer?var=aant_gebruikers_deelauto,stadincijfers.antwerpen.be,URLError,unreachable,2026-09-29
https://stadincijfers.antwerpen.be/viewer?var=aant_gebruikers_deelauto_oud,stadincijfers.antwerpen.be,URLError,unreachable,2026-09-29
https://stadincijfers.antwerpen.be/viewer?var=aant_ritten_deelautos,stadincijfers.antwerpen.be,URLError,unreachable,2026-09-29
https://stadincijfers.antwerpen.be/viewer?var=aant_ritten_deelmob,stadincijfers.antwerpen.be,URLError,unreachable,2026-09-29
https://stadincijfers.antwerpen.be/viewer?var=aant_ritten_deelscooters,stadincijfers.antwerpen.be,URLError,unreachable,2026-09-29
https://stadincijfers.antwerpen.be/viewer?var=aant_ritten_deelsteps,stadincijfers.antwerpen.be,URLError,unreachable,2026-09-29
https://stadincijfers.antwerpen.be/viewer?var=aant_ritten_velo,stadincijfers.antwerpen.be,URLError,unreachable,2026-09-29
https://stadincijfers.antwerpen.be/viewer?var=aant_ritten_velo_inw,stadincijfers.antwerpen.be,URLError,unreachable,2026-09-29
https://stadincijfers.antwerpen.be/viewer?var=amon_vervclust_vt_autofiets_p,stadincijfers.antwerpen.be,URLError,unreachable,2026-09-29
https://stadincijfers.antwerpen.be/viewer?var=amon_vervclust_vt_autofietsov_p,stadincijfers.antwerpen.be,URLError,unreachable,2026-09-29
https://stadincijfers.antwerpen.be/viewer?var=amon_vervclust_vt_autoov_p,stadincijfers.antwerpen.be,URLError,unreachable,2026-09-29
https://stadincijfers.antwerpen.be/viewer?var=amon_vervclust_vt_exauto_p,stadincijfers.antwerpen.be,URLError,unreachable,2026-09-29
https://stadincijfers.antwerpen.be/viewer?var=amon_vervclust_vt_exfiets_p,stadincijfers.antwerpen.be,URLError,unreachable,2026-09-29
https://stadincijfers.antwerpen.be/viewer?var=amon_vervclust_vt_exov_p,stadincijfers.antwerpen.be,URLError,unreachable,2026-09-29
https://stadincijfers.antwerpen.be/viewer?var=amon_vervclust_vt_exvoet_p,stadincijfers.antwerpen.be,URLError,unreachable,2026-09-29
https://stadincijfers.antwerpen.be/viewer?var=amon_vervclust_vt_fietsov_p,stadincijfers.antwerpen.be,URLError,unreachable,2026-09-29
https://stadincijfers.antwerpen.be/viewer?var=amon_vervclust_vt_noch_p,stadincijfers.antwerpen.be,URLError,unreachable,2026-09-29
https://stadincijfers.antwerpen.be/viewer?var=amon_vervclusts_autofiets_p,stadincijfers.antwerpen.be,URLError,unreachable,2026-09-29
https://stadincijfers.antwerpen.be/viewer?var=amon_vervclusts_autofietsov_p,stadincijfers.antwerpen.be,URLError,unreachable,2026-09-29
https://stadincijfers.antwerpen.be/viewer?var=amon_vervclusts_autoov_p,stadincijfers.antwerpen.be,URLError,unreachable,2026-09-29
https://stadincijfers.antwerpen.be/viewer?var=amon_vervclusts_exauto_p,stadincijfers.antwerpen.be,URLError,unreachable,2026-09-29
https://stadincijfers.antwerpen.be/viewer?var=amon_vervclusts_exfiets_p,stadincijfers.antwerpen.be,URLError,unreachable,2026-09-29
https://stadincijfers.antwerpen.be/viewer?var=amon_vervclusts_exov_p,stadincijfers.antwerpen.be,URLError,unreachable,2026-09-29
https://stadincijfers.antwerpen.be/viewer?var=amon_vervclusts_exvoet_p,stadincijfers.antwerpen.be,URLError,unreachable,2026-09-29
https://stadincijfers.antwerpen.be/viewer?var=amon_vervclusts_fietsov_p,stadincijfers.antwerpen.be,URLError,unreachable,2026-09-29
https://stadincijfers.antwerpen.be/viewer?var=amon_vervclusts_noch_p,stadincijfers.antwerpen.be,URLError,unreachable,2026-09-29
https://stadincijfers.antwerpen.be/viewer?var=amon_vervclustw_autofiets_p,stadincijfers.antwerpen.be,URLError,unreachable,2026-09-29
https://stadincijfers.antwerpen.be/viewer?var=amon_vervclustw_autofietsov_p,stadincijfers.antwerpen.be,URLError,unreachable,2026-09-29
https://stadincijfers.antwerpen.be/viewer?var=amon_vervclustw_autoov_p,stadincijfers.antwerpen.be,URLError,unreachable,2026-09-29
https://stadincijfers.antwerpen.be/viewer?var=amon_vervclustw_exauto_p,stadincijfers.antwerpen.be,URLError,unreachable,2026-09-29
https://stadincijfers.antwerpen.be/viewer?var=amon_vervclustw_exfiets_p,stadincijfers.antwerpen.be,URLError,unreachable,2026-09-29
https://stadincijfers.antwerpen.be/viewer?var=amon_vervclustw_exov_p,stadincijfers.antwerpen.be,URLError,unreachable,2026-09-29
https://stadincijfers.antwerpen.be/viewer?var=amon_vervclustw_exvoet_p,stadincijfers.antwerpen.be,URLError,unreachable,2026-09-29
https://stadincijfers.antwerpen.be/viewer?var=amon_vervclustw_fietsov_p,stadincijfers.antwerpen.be,URLError,unreachable,2026-09-29
https://stadincijfers.antwerpen.be/viewer?var=amon_vervclustw_noch_p,stadincijfers.antwerpen.be,URLError,unreachable,2026-09-29
https://stadincijfers.antwerpen.be/viewer?var=autodeel,stadincijfers.antwerpen.be,URLError,unreachable,2026-09-29
https://stadincijfers.antwerpen.be/viewer?var=autodeel_cambio,stadincijfers.antwerpen.be,URLError,unreachable,2026-09-29
https://stadincijfers.antwerpen.be/viewer?var=autodeel_particulieruitdovend,stadincijfers.antwerpen.be,URLError,unreachable,2026-09-29
https://stadincijfers.antwerpen.be/viewer?var=autodeelplaatsen,stadincijfers.antwerpen.be,URLError,unreachable,2026-09-29
https://stadincijfers.antwerpen.be/viewer?var=autodeelplaatsen_cambio,stadincijfers.antwerpen.be,URLError,unreachable,2026-09-29
https://stadincijfers.antwerpen.be/viewer?var=autodeelplaatsen_particulieruitdovend,stadincijfers.antwerpen.be,URLError,unreachable,2026-09-29
https://stadincijfers.antwerpen.be/viewer?var=bakfiets_pct,stadincijfers.antwerpen.be,URLError,unreachable,2026-09-29
https://stadincijfers.antwerpen.be/viewer?var=bereik_apotheker_inw,stadincijfers.antwerpen.be,URLError,unreachable,2026-09-29
https://stadincijfers.antwerpen.be/viewer?var=bereik_autodeel_400m_inw,stadincijfers.antwerpen.be,URLError,unreachable,2026-09-29
https://stadincijfers.antwerpen.be/viewer?var=bereik_bakker_inw,stadincijfers.antwerpen.be,URLError,unreachable,2026-09-29
https://stadincijfers.antwerpen.be/viewer?var=bereik_bakkers,stadincijfers.antwerpen.be,URLError,unreachable,2026-09-29
https://stadincijfers.antwerpen.be/viewer?var=bereik_bank_inw,stadincijfers.antwerpen.be,URLError,unreachable,2026-09-29
https://stadincijfers.antwerpen.be/viewer?var=bereik_banken,stadincijfers.antwerpen.be,URLError,unreachable,2026-09-29
https://stadincijfers.antwerpen.be/viewer?var=bereik_basisschool_lf3_11j,stadincijfers.antwerpen.be,URLError,unreachable,2026-09-29
https://stadincijfers.antwerpen.be/viewer?var=bereik_bib_basisschool,stadincijfers.antwerpen.be,URLError,unreachable,2026-09-29
https://stadincijfers.antwerpen.be/viewer?var=bereik_bib_inw,stadincijfers.antwerpen.be,URLError,unreachable,2026-09-29
https://stadincijfers.antwerpen.be/viewer?var=bereik_bib_secschool,stadincijfers.antwerpen.be,URLError,unreachable,2026-09-29
https://stadincijfers.antwerpen.be/viewer?var=bereik_bus_400m_inw,stadincijfers.antwerpen.be,URLError,unreachable,2026-09-29
https://stadincijfers.antwerpen.be/viewer?var=bereik_buurtfietsstalling_150m_inw,stadincijfers.antwerpen.be,URLError,unreachable,2026-09-29
https://stadincijfers.antwerpen.be/viewer?var=bereik_buurtgroen_inw,stadincijfers.antwerpen.be,URLError,unreachable,2026-09-29
https://stadincijfers.antwerpen.be/viewer?var=bereik_buurtgroenruim_inw,stadincijfers.antwerpen.be,URLError,unreachable,2026-09-29
https://stadincijfers.antwerpen.be/viewer?var=bereik_buurtgroenruimw_inw,stadincijfers.antwerpen.be,URLError,unreachable,2026-09-29
https://stadincijfers.antwerpen.be/viewer?var=bereik_buurtor_inw,stadincijfers.antwerpen.be,URLError,unreachable,2026-09-29
https://stadincijfers.antwerpen.be/viewer?var=bereik_buurtorruim_inw,stadincijfers.antwerpen.be,URLError,unreachable,2026-09-29
https://stadincijfers.antwerpen.be/viewer?var=bereik_buurtorruimw_inw,stadincijfers.antwerpen.be,URLError,unreachable,2026-09-29
https://stadincijfers.antwerpen.be/viewer?var=bereik_buurtparking_400m_inw,stadincijfers.antwerpen.be,URLError,unreachable,2026-09-29
https://stadincijfers.antwerpen.be/viewer?var=bereik_buurtsport_inw,stadincijfers.antwerpen.be,URLError,unreachable,2026-09-29
https://stadincijfers.antwerpen.be/viewer?var=bereik_cc_inw,stadincijfers.antwerpen.be,URLError,unreachable,2026-09-29
https://stadincijfers.antwerpen.be/viewer?var=bereik_dienstencentrum_lf65jeo,stadincijfers.antwerpen.be,URLError,unreachable,2026-09-29
https://stadincijfers.antwerpen.be/viewer?var=bereik_districtshuis_stadskantoor_inw,stadincijfers.antwerpen.be,URLError,unreachable,2026-09-29
https://stadincijfers.antwerpen.be/viewer?var=bereik_dkobeeld_inw,stadincijfers.antwerpen.be,URLError,unreachable,2026-09-29
https://stadincijfers.antwerpen.be/viewer?var=bereik_dkomuziek_inw,stadincijfers.antwerpen.be,URLError,unreachable,2026-09-29
https://stadincijfers.antwerpen.be/viewer?var=bereik_fietsstal_bewaakt_15min_fiets_inw,stadincijfers.antwerpen.be,URLError,unreachable,2026-09-29
https://stadincijfers.antwerpen.be/viewer?var=bereik_fietsstal_bewaakt_1km_inw,stadincijfers.antwerpen.be,URLError,unreachable,2026-09-29
https://stadincijfers.antwerpen.be/viewer?var=bereik_fietsstal_bewaakt_400m_inw,stadincijfers.antwerpen.be,URLError,unreachable,2026-09-29
https://stadincijfers.antwerpen.be/viewer?var=bereik_fietsstal_straat_150m_inw,stadincijfers.antwerpen.be,URLError,unreachable,2026-09-29
https://stadincijfers.antwerpen.be/viewer?var=bereik_fuifruimte_lf16_24j,stadincijfers.antwerpen.be,URLError,unreachable,2026-09-29
https://stadincijfers.antwerpen.be/viewer?var=bereik_groen_bb_inw,stadincijfers.antwerpen.be,URLError,unreachable,2026-09-29
https://stadincijfers.antwerpen.be/viewer?var=bereik_groen_r_bb_inw,stadincijfers.antwerpen.be,URLError,unreachable,2026-09-29
https://stadincijfers.antwerpen.be/viewer?var=bereik_hondenloopzone_inw,stadincijfers.antwerpen.be,URLError,unreachable,2026-09-29
https://stadincijfers.antwerpen.be/viewer?var=bereik_hooggroen_inw,stadincijfers.antwerpen.be,URLError,unreachable,2026-09-29
https://stadincijfers.antwerpen.be/viewer?var=bereik_hooggroen_priv_inw,stadincijfers.antwerpen.be,URLError,unreachable,2026-09-29
https://stadincijfers.antwerpen.be/viewer?var=bereik_hooggroen_pub_inw,stadincijfers.antwerpen.be,URLError,unreachable,2026-09-29
https://stadincijfers.antwerpen.be/viewer?var=bereik_horeca_inw,stadincijfers.antwerpen.be,URLError,unreachable,2026-09-29
https://stadincijfers.antwerpen.be/viewer?var=bereik_huisarts_inw,stadincijfers.antwerpen.be,URLError,unreachable,2026-09-29
https://stadincijfers.antwerpen.be/viewer?var=bereik_jeugdcentrum_jeugdhuis_lf16_24j,stadincijfers.antwerpen.be,URLError,unreachable,2026-09-29
https://stadincijfers.antwerpen.be/viewer?var=bereik_jeugdcentrum_lf16_24j,stadincijfers.antwerpen.be,URLError,unreachable,2026-09-29
https://stadincijfers.antwerpen.be/viewer?var=bereik_jeugdwerk_lf0_24j,stadincijfers.antwerpen.be,URLError,unreachable,2026-09-29
https://stadincijfers.antwerpen.be/viewer?var=bereik_kinderopvang_lf0_2j,stadincijfers.antwerpen.be,URLError,unreachable,2026-09-29
https://stadincijfers.antwerpen.be/viewer?var=bereik_koelteplek_inw,stadincijfers.antwerpen.be,URLError,unreachable,2026-09-29
https://stadincijfers.antwerpen.be/viewer?var=bereik_luwteplek_inw,stadincijfers.antwerpen.be,URLError,unreachable,2026-09-29
https://stadincijfers.antwerpen.be/viewer?var=bereik_markt_inw,stadincijfers.antwerpen.be,URLError,unreachable,2026-09-29
https://stadincijfers.antwerpen.be/viewer?var=bereik_middenschool_lf12_15j,stadincijfers.antwerpen.be,URLError,unreachable,2026-09-29
https://stadincijfers.antwerpen.be/viewer?var=bereik_openluchtsport_inw,stadincijfers.antwerpen.be,URLError,unreachable,2026-09-29
https://stadincijfers.antwerpen.be/viewer?var=bereik_or_bb_inw,stadincijfers.antwerpen.be,URLError,unreachable,2026-09-29
https://stadincijfers.antwerpen.be/viewer?var=bereik_or_r_bb_inw,stadincijfers.antwerpen.be,URLError,unreachable,2026-09-29
https://stadincijfers.antwerpen.be/viewer?var=bereik_or_rw_bb_inw,stadincijfers.antwerpen.be,URLError,unreachable,2026-09-29
https://stadincijfers.antwerpen.be/viewer?var=bereik_p_r_15min_fiets_inw,stadincijfers.antwerpen.be,URLError,unreachable,2026-09-29
https://stadincijfers.antwerpen.be/viewer?var=bereik_p_r_15min_tram_inw,stadincijfers.antwerpen.be,URLError,unreachable,2026-09-29
https://stadincijfers.antwerpen.be/viewer?var=bereik_p_r_15min_tramtevoet_inw,stadincijfers.antwerpen.be,URLError,unreachable,2026-09-29
https://stadincijfers.antwerpen.be/viewer?var=bereik_p_r_1km_inw,stadincijfers.antwerpen.be,URLError,unreachable,2026-09-29
https://stadincijfers.antwerpen.be/viewer?var=bereik_p_r_400m_inw,stadincijfers.antwerpen.be,URLError,unreachable,2026-09-29
https://stadincijfers.antwerpen.be/viewer?var=bereik_politiekantoor_inw,stadincijfers.antwerpen.be,URLError,unreachable,2026-09-29
https://stadincijfers.antwerpen.be/viewer?var=bereik_recyclagecentrum_inw,stadincijfers.antwerpen.be,URLError,unreachable,2026-09-29
https://stadincijfers.antwerpen.be/viewer?var=bereik_samen_volkstuin_inw,stadincijfers.antwerpen.be,URLError,unreachable,2026-09-29
https://stadincijfers.antwerpen.be/viewer?var=bereik_samentuin_inw,stadincijfers.antwerpen.be,URLError,unreachable,2026-09-29
https://stadincijfers.antwerpen.be/viewer?var=bereik_slager_inw,stadincijfers.antwerpen.be,URLError,unreachable,2026-09-29
https://stadincijfers.antwerpen.be/viewer?var=bereik_slagers,stadincijfers.antwerpen.be,URLError,unreachable,2026-09-29
https://stadincijfers.antwerpen.be/viewer?var=bereik_speelruimte_lf0_17j,stadincijfers.antwerpen.be,URLError,unreachable,2026-09-29
https://stadincijfers.antwerpen.be/viewer?var=bereik_speelterrein_lf0_11j,stadincijfers.antwerpen.be,URLError,unreachable,2026-09-29
https://stadincijfers.antwerpen.be/viewer?var=bereik_sporthalalle_inw,stadincijfers.antwerpen.be,URLError,unreachable,2026-09-29
https://stadincijfers.antwerpen.be/viewer?var=bereik_sporthalgroot_inw,stadincijfers.antwerpen.be,URLError,unreachable,2026-09-29
https://stadincijfers.antwerpen.be/viewer?var=bereik_stadsdeelor_inw,stadincijfers.antwerpen.be,URLError,unreachable,2026-09-29
https://stadincijfers.antwerpen.be/viewer?var=bereik_stadsdeelorruim_inw,stadincijfers.antwerpen.be,URLError,unreachable,2026-09-29
https://stadincijfers.antwerpen.be/viewer?var=bereik_stadsdeelorruimw_inw,stadincijfers.antwerpen.be,URLError,unreachable,2026-09-29
https://stadincijfers.antwerpen.be/viewer?var=bereik_superette,stadincijfers.antwerpen.be,URLError,unreachable,2026-09-29
https://stadincijfers.antwerpen.be/viewer?var=bereik_supermarkt_inw,stadincijfers.antwerpen.be,URLError,unreachable,2026-09-29
https://stadincijfers.antwerpen.be/viewer?var=bereik_supermarkt_superette_inw,stadincijfers.antwerpen.be,URLError,unreachable,2026-09-29
https://stadincijfers.antwerpen.be/viewer?var=bereik_tandarts_inw,stadincijfers.antwerpen.be,URLError,unreachable,2026-09-29
https://stadincijfers.antwerpen.be/viewer?var=bereik_tram_400m_inw,stadincijfers.antwerpen.be,URLError,unreachable,2026-09-29
https://stadincijfers.antwerpen.be/viewer?var=bereik_trambus_400m_inw,stadincijfers.antwerpen.be,URLError,unreachable,2026-09-29
https://stadincijfers.antwerpen.be/viewer?var=bereik_trambustrein_400m_inw,stadincijfers.antwerpen.be,URLError,unreachable,2026-09-29
https://stadincijfers.antwerpen.be/viewer?var=bereik_tramtrein_400m_inw,stadincijfers.antwerpen.be,URLError,unreachable,2026-09-29
https://stadincijfers.antwerpen.be/viewer?var=bereik_trein_1km_inw,stadincijfers.antwerpen.be,URLError,unreachable,2026-09-29
https://stadincijfers.antwerpen.be/viewer?var=bereik_trein_400m_inw,stadincijfers.antwerpen.be,URLError,unreachable,2026-09-29
https://stadincijfers.antwerpen.be/viewer?var=bereik_treincebezu_15min_fiets_inw,stadincijfers.antwerpen.be,URLError,unreachable,2026-09-29
https://stadincijfers.antwerpen.be/viewer?var=bereik_treincebezu_15min_tram_inw,stadincijfers.antwerpen.be,URLError,unreachable,2026-09-29
https://stadincijfers.antwerpen.be/viewer?var=bereik_treincebezu_15min_tramtevoet_inw,stadincijfers.antwerpen.be,URLError,unreachable,2026-09-29
https://stadincijfers.antwerpen.be/viewer?var=bereik_velo_400m_inw,stadincijfers.antwerpen.be,URLError,unreachable,2026-09-29
https://stadincijfers.antwerpen.be/viewer?var=bereik_volkstuin_inw,stadincijfers.antwerpen.be,URLError,unreachable,2026-09-29
https://stadincijfers.antwerpen.be/viewer?var=bereik_waterbus_1km_inw,stadincijfers.antwerpen.be,URLError,unreachable,2026-09-29
https://stadincijfers.antwerpen.be/viewer?var=bereik_wijkgroen_inw,stadincijfers.antwerpen.be,URLError,unreachable,2026-09-29
https://stadincijfers.antwerpen.be/viewer?var=bereik_wijkgroenruim_inw,stadincijfers.antwerpen.be,URLError,unreachable,2026-09-29
https://stadincijfers.antwerpen.be/viewer?var=bereik_wijkgroenruimw_inw,stadincijfers.antwerpen.be,URLError,unreachable,2026-09-29
https://stadincijfers.antwerpen.be/viewer?var=bereik_wijkor_inw,stadincijfers.antwerpen.be,URLError,unreachable,2026-09-29
https://stadincijfers.antwerpen.be/viewer?var=bereik_wijkorruim_inw,stadincijfers.antwerpen.be,URLError,unreachable,2026-09-29
https://stadincijfers.antwerpen.be/viewer?var=bereik_wijkorruimw_inw,stadincijfers.antwerpen.be,URLError,unreachable,2026-09-29
https://stadincijfers.antwerpen.be/viewer?var=bereik_winkelstraat_inw,stadincijfers.antwerpen.be,URLError,unreachable,2026-09-29
https://stadincijfers.antwerpen.be/viewer?var=bereik_woonbuurtgroen_inw,stadincijfers.antwerpen.be,URLError,unreachable,2026-09-29
https://stadincijfers.antwerpen.be/viewer?var=bereik_woonbuurtgroenruim_inw,stadincijfers.antwerpen.be,URLError,unreachable,2026-09-29
https://stadincijfers.antwerpen.be/viewer?var=bereik_woonbuurtgroenruimw_inw,stadincijfers.antwerpen.be,URLError,unreachable,2026-09-29
https://stadincijfers.antwerpen.be/viewer?var=bereik_woonbuurtor_inw,stadincijfers.antwerpen.be,URLError,unreachable,2026-09-29
https://stadincijfers.antwerpen.be/viewer?var=bereik_woonbuurtorruim_inw,stadincijfers.antwerpen.be,URLError,unreachable,2026-09-29
https://stadincijfers.antwerpen.be/viewer?var=bereik_woonbuurtorruimw_inw,stadincijfers.antwerpen.be,URLError,unreachable,2026-09-29
https://stadincijfers.antwerpen.be/viewer?var=bereik_zichtgroen_inw,stadincijfers.antwerpen.be,URLError,unreachable,2026-09-29
https://stadincijfers.antwerpen.be/viewer?var=bereik_zwembadopenlucht_inw,stadincijfers.antwerpen.be,URLError,unreachable,2026-09-29
https://stadincijfers.antwerpen.be/viewer?var=bereik_zwembadoverdekt_inw,stadincijfers.antwerpen.be,URLError,unreachable,2026-09-29
https://stadincijfers.antwerpen.be/viewer?var=bew_ww_auto_10tot15km,stadincijfers.antwerpen.be,URLError,unreachable,2026-09-29
https://stadincijfers.antwerpen.be/viewer?var=bew_ww_auto_15tot20km,stadincijfers.antwerpen.be,URLError,unreachable,2026-09-29
https://stadincijfers.antwerpen.be/viewer?var=bew_ww_auto_20tot30km,stadincijfers.antwerpen.be,URLError,unreachable,2026-09-29
https://stadincijfers.antwerpen.be/viewer?var=bew_ww_auto_2km,stadincijfers.antwerpen.be,URLError,unreachable,2026-09-29
https://stadincijfers.antwerpen.be/viewer?var=bew_ww_auto_2tot5km,stadincijfers.antwerpen.be,URLError,unreachable,2026-09-29
https://stadincijfers.antwerpen.be/viewer?var=bew_ww_auto_30tot40km,stadincijfers.antwerpen.be,URLError,unreachable,2026-09-29
https://stadincijfers.antwerpen.be/viewer?var=bew_ww_auto_40km,stadincijfers.antwerpen.be,URLError,unreachable,2026-09-29
https://stadincijfers.antwerpen.be/viewer?var=bew_ww_auto_5tot7km,stadincijfers.antwerpen.be,URLError,unreachable,2026-09-29
https://stadincijfers.antwerpen.be/viewer?var=bew_ww_auto_7tot10km,stadincijfers.antwerpen.be,URLError,unreachable,2026-09-29
https://stadincijfers.antwerpen.be/viewer?var=bew_ww_fiets_10tot15km,stadincijfers.antwerpen.be,URLError,unreachable,2026-09-29
https://stadincijfers.antwerpen.be/viewer?var=bew_ww_fiets_15tot20km,stadincijfers.antwerpen.be,URLError,unreachable,2026-09-29
https://stadincijfers.antwerpen.be/viewer?var=bew_ww_fiets_20tot30km,stadincijfers.antwerpen.be,URLError,unreachable,2026-09-29
https://stadincijfers.antwerpen.be/viewer?var=bew_ww_fiets_2km,stadincijfers.antwerpen.be,URLError,unreachable,2026-09-29
https://stadincijfers.antwerpen.be/viewer?var=bew_ww_fiets_2tot5km,stadincijfers.antwerpen.be,URLError,unreachable,2026-09-29
https://stadincijfers.antwerpen.be/viewer?var=bew_ww_fiets_30tot40km,stadincijfers.antwerpen.be,URLError,unreachable,2026-09-29
https://stadincijfers.antwerpen.be/viewer?var=bew_ww_fiets_40km,stadincijfers.antwerpen.be,URLError,unreachable,2026-09-29
https://stadincijfers.antwerpen.be/viewer?var=bew_ww_fiets_5tot7km,stadincijfers.antwerpen.be,URLError,unreachable,2026-09-29
https://stadincijfers.antwerpen.be/viewer?var=bew_ww_fiets_7tot10km,stadincijfers.antwerpen.be,URLError,unreachable,2026-09-29
https://stadincijfers.antwerpen.be/viewer?var=bew_ww_ov_15tot20km,stadincijfers.antwerpen.be,URLError,unreachable,2026-09-29
https://stadincijfers.antwerpen.be/viewer?var=bew_ww_ov_20tot30km,stadincijfers.antwerpen.be,URLError,unreachable,2026-09-29
https://stadincijfers.antwerpen.be/viewer?var=bew_ww_ov_2km,stadincijfers.antwerpen.be,URLError,unreachable,2026-09-29
https://stadincijfers.antwerpen.be/viewer?var=bew_ww_ov_2tot5km,stadincijfers.antwerpen.be,URLError,unreachable,2026-09-29
https://stadincijfers.antwerpen.be/viewer?var=bew_ww_ov_30tot40km,stadincijfers.antwerpen.be,URLError,unreachable,2026-09-29
https://stadincijfers.antwerpen.be/viewer?var=bew_ww_ov_40km,stadincijfers.antwerpen.be,URLError,unreachable,2026-09-29
https://stadincijfers.antwerpen.be/viewer?var=bew_ww_ov_5tot7km,stadincijfers.antwerpen.be,URLError,unreachable,2026-09-29
https://stadincijfers.antwerpen.be/viewer?var=bew_ww_ov_7tot10km,stadincijfers.antwerpen.be,URLError,unreachable,2026-09-29
https://stadincijfers.antwerpen.be/viewer?var=bew_ww_tevoet_10tot15km,stadincijfers.antwerpen.be,URLError,unreachable,2026-09-29
https://stadincijfers.antwerpen.be/viewer?var=bew_ww_tevoet_15tot20km,stadincijfers.antwerpen.be,URLError,unreachable,2026-09-29
https://stadincijfers.antwerpen.be/viewer?var=bew_ww_tevoet_20tot30km,stadincijfers.antwerpen.be,URLError,unreachable,2026-09-29
https://stadincijfers.antwerpen.be/viewer?var=bew_ww_tevoet_2km,stadincijfers.antwerpen.be,URLError,unreachable,2026-09-29
https://stadincijfers.antwerpen.be/viewer?var=bew_ww_tevoet_2tot5km,stadincijfers.antwerpen.be,URLError,unreachable,2026-09-29
https://stadincijfers.antwerpen.be/viewer?var=bew_ww_tevoet_30tot40km,stadincijfers.antwerpen.be,URLError,unreachable,2026-09-29
https://stadincijfers.antwerpen.be/viewer?var=bew_ww_tevoet_40km,stadincijfers.antwerpen.be,URLError,unreachable,2026-09-29
https://stadincijfers.antwerpen.be/viewer?var=bew_ww_tevoet_5tot7km,stadincijfers.antwerpen.be,URLError,unreachable,2026-09-29
https://stadincijfers.antwerpen.be/viewer?var=bew_ww_tevoet_7tot10km,stadincijfers.antwerpen.be,URLError,unreachable,2026-09-29
https://stadincijfers.antwerpen.be/viewer?var=bez19_modalsplit_anders,stadincijfers.antwerpen.be,URLError,unreachable,2026-09-29
https://stadincijfers.antwerpen.be/viewer?var=bez19_modalsplit_auto,stadincijfers.antwerpen.be,URLError,unreachable,2026-09-29
https://stadincijfers.antwerpen.be/viewer?var=bez19_modalsplit_duurz,stadincijfers.antwerpen.be,URLError,unreachable,2026-09-29
https://stadincijfers.antwerpen.be/viewer?var=bez19_modalsplit_fiets,stadincijfers.antwerpen.be,URLError,unreachable,2026-09-29
https://stadincijfers.antwerpen.be/viewer?var=bez19_modalsplit_ov,stadincijfers.antwerpen.be,URLError,unreachable,2026-09-29
https://stadincijfers.antwerpen.be/viewer?var=bez19_modalsplit_voet,stadincijfers.antwerpen.be,URLError,unreachable,2026-09-29
https://stadincijfers.antwerpen.be/viewer?var=bez20_modalsplit_anders,stadincijfers.antwerpen.be,URLError,unreachable,2026-09-29
https://stadincijfers.antwerpen.be/viewer?var=bez20_modalsplit_auto,stadincijfers.antwerpen.be,URLError,unreachable,2026-09-29
https://stadincijfers.antwerpen.be/viewer?var=bez20_modalsplit_duurz,stadincijfers.antwerpen.be,URLError,unreachable,2026-09-29
https://stadincijfers.antwerpen.be/viewer?var=bez20_modalsplit_fiets,stadincijfers.antwerpen.be,URLError,unreachable,2026-09-29
https://stadincijfers.antwerpen.be/viewer?var=bez20_modalsplit_ov,stadincijfers.antwerpen.be,URLError,unreachable,2026-09-29
https://stadincijfers.antwerpen.be/viewer?var=bez20_modalsplit_voet,stadincijfers.antwerpen.be,URLError,unreachable,2026-09-29
https://stadincijfers.antwerpen.be/viewer?var=bez_modalsplit_anders,stadincijfers.antwerpen.be,URLError,unreachable,2026-09-29
https://stadincijfers.antwerpen.be/viewer?var=bez_modalsplit_auto,stadincijfers.antwerpen.be,URLError,unreachable,2026-09-29
https://stadincijfers.antwerpen.be/viewer?var=bez_modalsplit_duurz,stadincijfers.antwerpen.be,URLError,unreachable,2026-09-29
https://stadincijfers.antwerpen.be/viewer?var=bez_modalsplit_fiets,stadincijfers.antwerpen.be,URLError,unreachable,2026-09-29
https://stadincijfers.antwerpen.be/viewer?var=bez_modalsplit_ov,stadincijfers.antwerpen.be,URLError,unreachable,2026-09-29
https://stadincijfers.antwerpen.be/viewer?var=bez_modalsplit_voet,stadincijfers.antwerpen.be,URLError,unreachable,2026-09-29
https://stadincijfers.antwerpen.be/viewer?var=bez_ovdrempel_gnstation,stadincijfers.antwerpen.be,URLError,unreachable,2026-09-29
https://stadincijfers.antwerpen.be/viewer?var=bez_ovdrempel_gnstation_pct,stadincijfers.antwerpen.be,URLError,unreachable,2026-09-29
https://stadincijfers.antwerpen.be/viewer?var=bez_ovdrempel_mindermob,stadincijfers.antwerpen.be,URLError,unreachable,2026-09-29
https://stadincijfers.antwerpen.be/viewer?var=bez_ovdrempel_mindermob_pct,stadincijfers.antwerpen.be,URLError,unreachable,2026-09-29
https://stadincijfers.antwerpen.be/viewer?var=bez_ovdrempel_niets,stadincijfers.antwerpen.be,URLError,unreachable,2026-09-29
https://stadincijfers.antwerpen.be/viewer?var=bez_ovdrempel_niets2,stadincijfers.antwerpen.be,URLError,unreachable,2026-09-29
https://stadincijfers.antwerpen.be/viewer?var=bez_ovdrempel_niets2_pct,stadincijfers.antwerpen.be,URLError,unreachable,2026-09-29
https://stadincijfers.antwerpen.be/viewer?var=bez_ovdrempel_niets_pct,stadincijfers.antwerpen.be,URLError,unreachable,2026-09-29
https://stadincijfers.antwerpen.be/viewer?var=bez_ovdrempel_ntthuis,stadincijfers.antwerpen.be,URLError,unreachable,2026-09-29
https://stadincijfers.antwerpen.be/viewer?var=bez_ovdrempel_ntthuis_pct,stadincijfers.antwerpen.be,URLError,unreachable,2026-09-29
https://stadincijfers.antwerpen.be/viewer?var=bez_ovdrempel_onveilig,stadincijfers.antwerpen.be,URLError,unreachable,2026-09-29
https://stadincijfers.antwerpen.be/viewer?var=bez_ovdrempel_onveilig_pct,stadincijfers.antwerpen.be,URLError,unreachable,2026-09-29
https://stadincijfers.antwerpen.be/viewer?var=bez_ovdrempel_overstap,stadincijfers.antwerpen.be,URLError,unreachable,2026-09-29
https://stadincijfers.antwerpen.be/viewer?var=bez_ovdrempel_overstap_pct,stadincijfers.antwerpen.be,URLError,unreachable,2026-09-29
https://stadincijfers.antwerpen.be/viewer?var=bez_ovdrempel_reistijd,stadincijfers.antwerpen.be,URLError,unreachable,2026-09-29
https://stadincijfers.antwerpen.be/viewer?var=bez_ovdrempel_reistijd_pct,stadincijfers.antwerpen.be,URLError,unreachable,2026-09-29
https://stadincijfers.antwerpen.be/viewer?var=bez_ovdrempel_slverbinding,stadincijfers.antwerpen.be,URLError,unreachable,2026-09-29
https://stadincijfers.antwerpen.be/viewer?var=bez_ovdrempel_slverbinding_pct,stadincijfers.antwerpen.be,URLError,unreachable,2026-09-29
https://stadincijfers.antwerpen.be/viewer?var=bez_ovdrempel_teduur,stadincijfers.antwerpen.be,URLError,unreachable,2026-09-29
https://stadincijfers.antwerpen.be/viewer?var=bez_ovdrempel_teduur_pct,stadincijfers.antwerpen.be,URLError,unreachable,2026-09-29
https://stadincijfers.antwerpen.be/viewer?var=bez_ovdrempel_vertraging,stadincijfers.antwerpen.be,URLError,unreachable,2026-09-29
https://stadincijfers.antwerpen.be/viewer?var=bez_ovdrempel_vertraging_pct,stadincijfers.antwerpen.be,URLError,unreachable,2026-09-29
https://stadincijfers.antwerpen.be/viewer?var=bez_ovdrempel_weinigcomfort,stadincijfers.antwerpen.be,URLError,unreachable,2026-09-29
https://stadincijfers.antwerpen.be/viewer?var=bez_ovdrempel_weinigcomfort_pct,stadincijfers.antwerpen.be,URLError,unreachable,2026-09-29
https://stadincijfers.antwerpen.be/viewer?var=bez_ovdrempel_weiniginfo,stadincijfers.antwerpen.be,URLError,unreachable,2026-09-29
https://stadincijfers.antwerpen.be/viewer?var=bez_ovdrempel_weiniginfo_pct,stadincijfers.antwerpen.be,URLError,unreachable,2026-09-29
https://stadincijfers.antwerpen.be/viewer?var=bez_ovmotief_file,stadincijfers.antwerpen.be,URLError,unreachable,2026-09-29
https://stadincijfers.antwerpen.be/viewer?var=bez_ovmotief_file_pct,stadincijfers.antwerpen.be,URLError,unreachable,2026-09-29
https://stadincijfers.antwerpen.be/viewer?var=bez_ovmotief_ietsanders,stadincijfers.antwerpen.be,URLError,unreachable,2026-09-29
https://stadincijfers.antwerpen.be/viewer?var=bez_ovmotief_ietsanders_pct,stadincijfers.antwerpen.be,URLError,unreachable,2026-09-29
https://stadincijfers.antwerpen.be/viewer?var=bez_ovmotief_milieu,stadincijfers.antwerpen.be,URLError,unreachable,2026-09-29
https://stadincijfers.antwerpen.be/viewer?var=bez_ovmotief_milieu_pct,stadincijfers.antwerpen.be,URLError,unreachable,2026-09-29
https://stadincijfers.antwerpen.be/viewer?var=bez_ovmotief_niet,stadincijfers.antwerpen.be,URLError,unreachable,2026-09-29
https://stadincijfers.antwerpen.be/viewer?var=bez_ovmotief_niet_pct,stadincijfers.antwerpen.be,URLError,unreachable,2026-09-29
https://stadincijfers.antwerpen.be/viewer?var=bez_ovmotief_ntanderskan,stadincijfers.antwerpen.be,URLError,unreachable,2026-09-29
https://stadincijfers.antwerpen.be/viewer?var=bez_ovmotief_ntanderskan_pct,stadincijfers.antwerpen.be,URLError,unreachable,2026-09-29
https://stadincijfers.antwerpen.be/viewer?var=bez_ovmotief_ntgraagauto,stadincijfers.antwerpen.be,URLError,unreachable,2026-09-29
https://stadincijfers.antwerpen.be/viewer?var=bez_ovmotief_ntgraagauto_pct,stadincijfers.antwerpen.be,URLError,unreachable,2026-09-29
https://stadincijfers.antwerpen.be/viewer?var=bez_ovmotief_ontspan,stadincijfers.antwerpen.be,URLError,unreachable,2026-09-29
https://stadincijfers.antwerpen.be/viewer?var=bez_ovmotief_ontspan_pct,stadincijfers.antwerpen.be,URLError,unreachable,2026-09-29
https://stadincijfers.antwerpen.be/viewer?var=bez_ovmotief_parkerenduur,stadincijfers.antwerpen.be,URLError,unreachable,2026-09-29
https://stadincijfers.antwerpen.be/viewer?var=bez_ovmotief_parkerenduur_pct,stadincijfers.antwerpen.be,URLError,unreachable,2026-09-29
https://stadincijfers.antwerpen.be/viewer?var=bez_ovmotief_parkingmoeil,stadincijfers.antwerpen.be,URLError,unreachable,2026-09-29
https://stadincijfers.antwerpen.be/viewer?var=bez_ovmotief_parkingmoeil_pct,stadincijfers.antwerpen.be,URLError,unreachable,2026-09-29
https://stadincijfers.antwerpen.be/viewer?var=bez_ovmotief_snel,stadincijfers.antwerpen.be,URLError,unreachable,2026-09-29
https://stadincijfers.antwerpen.be/viewer?var=bez_ovmotief_snel_pct,stadincijfers.antwerpen.be,URLError,unreachable,2026-09-29
https://stadincijfers.antwerpen.be/viewer?var=bez_parkingauto_andere,stadincijfers.antwerpen.be,URLError,unreachable,2026-09-29
https://stadincijfers.antwerpen.be/viewer?var=bez_parkingauto_andere_pct,stadincijfers.antwerpen.be,URLError,unreachable,2026-09-29
https://stadincijfers.antwerpen.be/viewer?var=bez_parkingauto_bedrijfhotel,stadincijfers.antwerpen.be,URLError,unreachable,2026-09-29
https://stadincijfers.antwerpen.be/viewer?var=bez_parkingauto_bedrijfhotel_pct,stadincijfers.antwerpen.be,URLError,unreachable,2026-09-29
https://stadincijfers.antwerpen.be/viewer?var=bez_parkingauto_kaaigratis,stadincijfers.antwerpen.be,URLError,unreachable,2026-09-29
https://stadincijfers.antwerpen.be/viewer?var=bez_parkingauto_kaaigratis_pct,stadincijfers.antwerpen.be,URLError,unreachable,2026-09-29
https://stadincijfers.antwerpen.be/viewer?var=bez_parkingauto_pr,stadincijfers.antwerpen.be,URLError,unreachable,2026-09-29
https://stadincijfers.antwerpen.be/viewer?var=bez_parkingauto_pr_pct,stadincijfers.antwerpen.be,URLError,unreachable,2026-09-29
https://stadincijfers.antwerpen.be/viewer?var=bez_parkingauto_publbetaal,stadincijfers.antwerpen.be,URLError,unreachable,2026-09-29
https://stadincijfers.antwerpen.be/viewer?var=bez_parkingauto_publbetaal_pct,stadincijfers.antwerpen.be,URLError,unreachable,2026-09-29
https://stadincijfers.antwerpen.be/viewer?var=bez_parkingauto_publgratis,stadincijfers.antwerpen.be,URLError,unreachable,2026-09-29
https://stadincijfers.antwerpen.be/viewer?var=bez_parkingauto_publgratis_pct,stadincijfers.antwerpen.be,URLError,unreachable,2026-09-29
https://stadincijfers.antwerpen.be/viewer?var=bez_parkingauto_station,stadincijfers.antwerpen.be,URLError,unreachable,2026-09-29
https://stadincijfers.antwerpen.be/viewer?var=bez_parkingauto_station_pct,stadincijfers.antwerpen.be,URLError,unreachable,2026-09-29
https://stadincijfers.antwerpen.be/viewer?var=bez_parkingauto_straatbetaal,stadincijfers.antwerpen.be,URLError,unreachable,2026-09-29
https://stadincijfers.antwerpen.be/viewer?var=bez_parkingauto_straatbetaal_pct,stadincijfers.antwerpen.be,URLError,unreachable,2026-09-29
https://stadincijfers.antwerpen.be/viewer?var=bez_parkingauto_straatgratis,stadincijfers.antwerpen.be,URLError,unreachable,2026-09-29
https://stadincijfers.antwerpen.be/viewer?var=bez_parkingauto_straatgratis_pct,stadincijfers.antwerpen.be,URLError,unreachable,2026-09-29
https://stadincijfers.antwerpen.be/viewer?var=bez_parkingauto_zuiddokgratis,stadincijfers.antwerpen.be,URLError,unreachable,2026-09-29
https://stadincijfers.antwerpen.be/viewer?var=bez_parkingauto_zuiddokgratis_pct,stadincijfers.antwerpen.be,URLError,unreachable,2026-09-29
https://stadincijfers.antwerpen.be/viewer?var=bez_prdrempel_extrakost,stadincijfers.antwerpen.be,URLError,unreachable,2026-09-29
https://stadincijfers.antwerpen.be/viewer?var=bez_prdrempel_extrakost_pct,stadincijfers.antwerpen.be,URLError,unreachable,2026-09-29
https://stadincijfers.antwerpen.be/viewer?var=bez_prdrempel_gnauto,stadincijfers.antwerpen.be,URLError,unreachable,2026-09-29
https://stadincijfers.antwerpen.be/viewer?var=bez_prdrempel_gnauto_pct,stadincijfers.antwerpen.be,URLError,unreachable,2026-09-29
https://stadincijfers.antwerpen.be/viewer?var=bez_prdrempel_kostov,stadincijfers.antwerpen.be,URLError,unreachable,2026-09-29
https://stadincijfers.antwerpen.be/viewer?var=bez_prdrempel_kostov_pct,stadincijfers.antwerpen.be,URLError,unreachable,2026-09-29
https://stadincijfers.antwerpen.be/viewer?var=bez_prdrempel_moeiteplan,stadincijfers.antwerpen.be,URLError,unreachable,2026-09-29
https://stadincijfers.antwerpen.be/viewer?var=bez_prdrempel_moeiteplan_pct,stadincijfers.antwerpen.be,URLError,unreachable,2026-09-29
https://stadincijfers.antwerpen.be/viewer?var=bez_prdrempel_niets,stadincijfers.antwerpen.be,URLError,unreachable,2026-09-29
https://stadincijfers.antwerpen.be/viewer?var=bez_prdrempel_niets_pct,stadincijfers.antwerpen.be,URLError,unreachable,2026-09-29
https://stadincijfers.antwerpen.be/viewer?var=bez_prdrempel_ntgekend,stadincijfers.antwerpen.be,URLError,unreachable,2026-09-29
https://stadincijfers.antwerpen.be/viewer?var=bez_prdrempel_ntgekend_pct,stadincijfers.antwerpen.be,URLError,unreachable,2026-09-29
https://stadincijfers.antwerpen.be/viewer?var=bez_prdrempel_onveilauto,stadincijfers.antwerpen.be,URLError,unreachable,2026-09-29
https://stadincijfers.antwerpen.be/viewer?var=bez_prdrempel_onveilauto_pct,stadincijfers.antwerpen.be,URLError,unreachable,2026-09-29
https://stadincijfers.antwerpen.be/viewer?var=bez_prdrempel_onveilig,stadincijfers.antwerpen.be,URLError,unreachable,2026-09-29
https://stadincijfers.antwerpen.be/viewer?var=bez_prdrempel_onveilig_pct,stadincijfers.antwerpen.be,URLError,unreachable,2026-09-29
https://stadincijfers.antwerpen.be/viewer?var=bez_prdrempel_ov,stadincijfers.antwerpen.be,URLError,unreachable,2026-09-29
https://stadincijfers.antwerpen.be/viewer?var=bez_prdrempel_ov_pct,stadincijfers.antwerpen.be,URLError,unreachable,2026-09-29
https://stadincijfers.antwerpen.be/viewer?var=bez_prdrempel_overstappen,stadincijfers.antwerpen.be,URLError,unreachable,2026-09-29
https://stadincijfers.antwerpen.be/viewer?var=bez_prdrempel_overstappen_pct,stadincijfers.antwerpen.be,URLError,unreachable,2026-09-29
https://stadincijfers.antwerpen.be/viewer?var=bez_prdrempel_routentduidelijk,stadincijfers.antwerpen.be,URLError,unreachable,2026-09-29
https://stadincijfers.antwerpen.be/viewer?var=bez_prdrempel_routentduidelijk_pct,stadincijfers.antwerpen.be,URLError,unreachable,2026-09-29
https://stadincijfers.antwerpen.be/viewer?var=bez_prdrempel_tever,stadincijfers.antwerpen.be,URLError,unreachable,2026-09-29
https://stadincijfers.antwerpen.be/viewer?var=bez_prdrempel_tever_pct,stadincijfers.antwerpen.be,URLError,unreachable,2026-09-29
https://stadincijfers.antwerpen.be/viewer?var=bez_prdrempel_tevol,stadincijfers.antwerpen.be,URLError,unreachable,2026-09-29
https://stadincijfers.antwerpen.be/viewer?var=bez_prdrempel_tevol_pct,stadincijfers.antwerpen.be,URLError,unreachable,2026-09-29
https://stadincijfers.antwerpen.be/viewer?var=bez_prdrempel_tijd,stadincijfers.antwerpen.be,URLError,unreachable,2026-09-29
https://stadincijfers.antwerpen.be/viewer?var=bez_prdrempel_tijd_pct,stadincijfers.antwerpen.be,URLError,unreachable,2026-09-29
https://stadincijfers.antwerpen.be/viewer?var=bez_prdrempel_weiniginfobest,stadincijfers.antwerpen.be,URLError,unreachable,2026-09-29
https://stadincijfers.antwerpen.be/viewer?var=bez_prdrempel_weiniginfobest_pct,stadincijfers.antwerpen.be,URLError,unreachable,2026-09-29
https://stadincijfers.antwerpen.be/viewer?var=bez_tevreden_verplaatsing_fiets,stadincijfers.antwerpen.be,URLError,unreachable,2026-09-29
https://stadincijfers.antwerpen.be/viewer?var=bez_tevreden_verplaatsing_fiets_pct,stadincijfers.antwerpen.be,URLError,unreachable,2026-09-29
https://stadincijfers.antwerpen.be/viewer?var=bez_tevreden_verplaatsing_mot,stadincijfers.antwerpen.be,URLError,unreachable,2026-09-29
https://stadincijfers.antwerpen.be/viewer?var=bez_tevreden_verplaatsing_mot_pct,stadincijfers.antwerpen.be,URLError,unreachable,2026-09-29
https://stadincijfers.antwerpen.be/viewer?var=bez_verbind_ov_doenbaar,stadincijfers.antwerpen.be,URLError,unreachable,2026-09-29
https://stadincijfers.antwerpen.be/viewer?var=bez_verbind_ov_doenbaar_pct,stadincijfers.antwerpen.be,URLError,unreachable,2026-09-29
https://stadincijfers.antwerpen.be/viewer?var=bez_verbind_ov_makkel,stadincijfers.antwerpen.be,URLError,unreachable,2026-09-29
https://stadincijfers.antwerpen.be/viewer?var=bez_verbind_ov_makkel_pct,stadincijfers.antwerpen.be,URLError,unreachable,2026-09-29
https://stadincijfers.antwerpen.be/viewer?var=bez_verbind_ov_moeil,stadincijfers.antwerpen.be,URLError,unreachable,2026-09-29
https://stadincijfers.antwerpen.be/viewer?var=bez_verbind_ov_moeil_pct,stadincijfers.antwerpen.be,URLError,unreachable,2026-09-29
https://stadincijfers.antwerpen.be/viewer?var=bez_verbind_ov_onmogel,stadincijfers.antwerpen.be,URLError,unreachable,2026-09-29
https://stadincijfers.antwerpen.be/viewer?var=bez_verbind_ov_onmogel_pct,stadincijfers.antwerpen.be,URLError,unreachable,2026-09-29
https://stadincijfers.antwerpen.be/viewer?var=bez_verbind_ov_zrmakkel,stadincijfers.antwerpen.be,URLError,unreachable,2026-09-29
https://stadincijfers.antwerpen.be/viewer?var=bez_verbind_ov_zrmakkel_pct,stadincijfers.antwerpen.be,URLError,unreachable,2026-09-29
https://stadincijfers.antwerpen.be/viewer?var=bezhavpold_modalsplit_anders,stadincijfers.antwerpen.be,URLError,unreachable,2026-09-29
https://stadincijfers.antwerpen.be/viewer?var=bezhavpold_modalsplit_auto,stadincijfers.antwerpen.be,URLError,unreachable,2026-09-29
https://stadincijfers.antwerpen.be/viewer?var=bezhavpold_modalsplit_duurz,stadincijfers.antwerpen.be,URLError,unreachable,2026-09-29
https://stadincijfers.antwerpen.be/viewer?var=bezhavpold_modalsplit_fiets,stadincijfers.antwerpen.be,URLError,unreachable,2026-09-29
https://stadincijfers.antwerpen.be/viewer?var=bezhavpold_modalsplit_ov,stadincijfers.antwerpen.be,URLError,unreachable,2026-09-29
https://stadincijfers.antwerpen.be/viewer?var=bezhavpold_modalsplit_voet,stadincijfers.antwerpen.be,URLError,unreachable,2026-09-29
https://stadincijfers.antwerpen.be/viewer?var=bezweek_modalsplit_anders,stadincijfers.antwerpen.be,URLError,unreachable,2026-09-29
https://stadincijfers.antwerpen.be/viewer?var=bezweek_modalsplit_auto,stadincijfers.antwerpen.be,URLError,unreachable,2026-09-29
https://stadincijfers.antwerpen.be/viewer?var=bezweek_modalsplit_duurz,stadincijfers.antwerpen.be,URLError,unreachable,2026-09-29
https://stadincijfers.antwerpen.be/viewer?var=bezweek_modalsplit_fiets,stadincijfers.antwerpen.be,URLError,unreachable,2026-09-29
https://stadincijfers.antwerpen.be/viewer?var=bezweek_modalsplit_ov,stadincijfers.antwerpen.be,URLError,unreachable,2026-09-29
https://stadincijfers.antwerpen.be/viewer?var=bezweek_modalsplit_voet,stadincijfers.antwerpen.be,URLError,unreachable,2026-09-29
https://stadincijfers.antwerpen.be/viewer?var=bezzat_modalsplit_anders,stadincijfers.antwerpen.be,URLError,unreachable,2026-09-29
https://stadincijfers.antwerpen.be/viewer?var=bezzat_modalsplit_auto,stadincijfers.antwerpen.be,URLError,unreachable,2026-09-29
https://stadincijfers.antwerpen.be/viewer?var=bezzat_modalsplit_duurz,stadincijfers.antwerpen.be,URLError,unreachable,2026-09-29
https://stadincijfers.antwerpen.be/viewer?var=bezzat_modalsplit_fiets,stadincijfers.antwerpen.be,URLError,unreachable,2026-09-29
https://stadincijfers.antwerpen.be/viewer?var=bezzat_modalsplit_ov,stadincijfers.antwerpen.be,URLError,unreachable,2026-09-29
https://stadincijfers.antwerpen.be/viewer?var=bezzat_modalsplit_voet,stadincijfers.antwerpen.be,URLError,unreachable,2026-09-29
https://stadincijfers.antwerpen.be/viewer?var=bezzon_modalsplit_anders,stadincijfers.antwerpen.be,URLError,unreachable,2026-09-29
https://stadincijfers.antwerpen.be/viewer?var=bezzon_modalsplit_auto,stadincijfers.antwerpen.be,URLError,unreachable,2026-09-29
https://stadincijfers.antwerpen.be/viewer?var=bezzon_modalsplit_duurz,stadincijfers.antwerpen.be,URLError,unreachable,2026-09-29
https://stadincijfers.antwerpen.be/viewer?var=bezzon_modalsplit_fiets,stadincijfers.antwerpen.be,URLError,unreachable,2026-09-29
https://stadincijfers.antwerpen.be/viewer?var=bezzon_modalsplit_ov,stadincijfers.antwerpen.be,URLError,unreachable,2026-09-29
https://stadincijfers.antwerpen.be/viewer?var=bezzon_modalsplit_voet,stadincijfers.antwerpen.be,URLError,unreachable,2026-09-29
https://stadincijfers.antwerpen.be/viewer?var=bgr_tekort_norm,stadincijfers.antwerpen.be,URLError,unreachable,2026-09-29
https://stadincijfers.antwerpen.be/viewer?var=bgr_tekort_norm_ha,stadincijfers.antwerpen.be,URLError,unreachable,2026-09-29
https://stadincijfers.antwerpen.be/viewer?var=bgr_tekort_norm_ha_streef_label,stadincijfers.antwerpen.be,URLError,unreachable,2026-09-29
https://stadincijfers.antwerpen.be/viewer?var=bgr_tekort_norm_tss,stadincijfers.antwerpen.be,URLError,unreachable,2026-09-29
https://stadincijfers.antwerpen.be/viewer?var=buurtfietsenstalling,stadincijfers.antwerpen.be,URLError,unreachable,2026-09-29
https://stadincijfers.antwerpen.be/viewer?var=buurtfietsstalplaats,stadincijfers.antwerpen.be,URLError,unreachable,2026-09-29
https://stadincijfers.antwerpen.be/viewer?var=buurtparking,stadincijfers.antwerpen.be,URLError,unreachable,2026-09-29
https://stadincijfers.antwerpen.be/viewer?var=buurtparkingmotor,stadincijfers.antwerpen.be,URLError,unreachable,2026-09-29
https://stadincijfers.antwerpen.be/viewer?var=buurtparkingmotorplaats,stadincijfers.antwerpen.be,URLError,unreachable,2026-09-29
https://stadincijfers.antwerpen.be/viewer?var=buurtparkingplaats,stadincijfers.antwerpen.be,URLError,unreachable,2026-09-29
https://stadincijfers.antwerpen.be/viewer?var=buurtparkingplaatstot,stadincijfers.antwerpen.be,URLError,unreachable,2026-09-29
https://stadincijfers.antwerpen.be/viewer?var=carpool_flex,stadincijfers.antwerpen.be,URLError,unreachable,2026-09-29
https://stadincijfers.antwerpen.be/viewer?var=carpool_flex_pct,stadincijfers.antwerpen.be,URLError,unreachable,2026-09-29
https://stadincijfers.antwerpen.be/viewer?var=carpool_ntspits,stadincijfers.antwerpen.be,URLError,unreachable,2026-09-29
https://stadincijfers.antwerpen.be/viewer?var=carpool_ntspits_pct,stadincijfers.antwerpen.be,URLError,unreachable,2026-09-29
https://stadincijfers.antwerpen.be/viewer?var=carpool_spits,stadincijfers.antwerpen.be,URLError,unreachable,2026-09-29
https://stadincijfers.antwerpen.be/viewer?var=carpool_spits_pct,stadincijfers.antwerpen.be,URLError,unreachable,2026-09-29
https://stadincijfers.antwerpen.be/viewer?var=carpool_variab,stadincijfers.antwerpen.be,URLError,unreachable,2026-09-29
https://stadincijfers.antwerpen.be/viewer?var=carpool_variab_pct,stadincijfers.antwerpen.be,URLError,unreachable,2026-09-29
https://stadincijfers.antwerpen.be/viewer?var=carpooling,stadincijfers.antwerpen.be,URLError,unreachable,2026-09-29
https://stadincijfers.antwerpen.be/viewer?var=carpooling_pct,stadincijfers.antwerpen.be,URLError,unreachable,2026-09-29
https://stadincijfers.antwerpen.be/viewer?var=cb_h_44,stadincijfers.antwerpen.be,URLError,unreachable,2026-09-29
https://stadincijfers.antwerpen.be/viewer?var=chlorofyl_totaal,stadincijfers.antwerpen.be,URLError,unreachable,2026-09-29
https://stadincijfers.antwerpen.be/viewer?var=chlorofylgroen_allegroen,stadincijfers.antwerpen.be,URLError,unreachable,2026-09-29
https://stadincijfers.antwerpen.be/viewer?var=chlorofylgroen_bomen,stadincijfers.antwerpen.be,URLError,unreachable,2026-09-29
https://stadincijfers.antwerpen.be/viewer?var=chlorofylgroen_boomgras,stadincijfers.antwerpen.be,URLError,unreachable,2026-09-29
https://stadincijfers.antwerpen.be/viewer?var=chlorofylgroen_gras,stadincijfers.antwerpen.be,URLError,unreachable,2026-09-29
https://stadincijfers.antwerpen.be/viewer?var=chlorofylgroen_rest,stadincijfers.antwerpen.be,URLError,unreachable,2026-09-29
https://stadincijfers.antwerpen.be/viewer?var=co2_mi_evo_theo,stadincijfers.antwerpen.be,URLError,unreachable,2026-09-29
https://stadincijfers.antwerpen.be/viewer?var=crimifeiten,stadincijfers.antwerpen.be,URLError,unreachable,2026-09-29
https://stadincijfers.antwerpen.be/viewer?var=criminaliteitsindex,stadincijfers.antwerpen.be,URLError,unreachable,2026-09-29
https://stadincijfers.antwerpen.be/viewer?var=dh_n_recr,stadincijfers.antwerpen.be,URLError,unreachable,2026-09-29
https://stadincijfers.antwerpen.be/viewer?var=dh_p_recr,stadincijfers.antwerpen.be,URLError,unreachable,2026-09-29
https://stadincijfers.antwerpen.be/viewer?var=dh_recr_pk,stadincijfers.antwerpen.be,URLError,unreachable,2026-09-29
https://stadincijfers.antwerpen.be/viewer?var=dna_kubus1202_pendel,stadincijfers.antwerpen.be,URLError,unreachable,2026-09-29
https://stadincijfers.antwerpen.be/viewer?var=dna_kubus2101_huishoudens,stadincijfers.antwerpen.be,URLError,unreachable,2026-09-29
https://stadincijfers.antwerpen.be/viewer?var=dna_kubus2101_wagens,stadincijfers.antwerpen.be,URLError,unreachable,2026-09-29
https://stadincijfers.antwerpen.be/viewer?var=dna_kubus2110,stadincijfers.antwerpen.be,URLError,unreachable,2026-09-29
https://stadincijfers.antwerpen.be/viewer?var=dna_kubus2802_ongeval,stadincijfers.antwerpen.be,URLError,unreachable,2026-09-29
https://stadincijfers.antwerpen.be/viewer?var=dna_kubus2802_verkeersslachtoffers,stadincijfers.antwerpen.be,URLError,unreachable,2026-09-29
https://stadincijfers.antwerpen.be/viewer?var=dna_kubus4002_hh,stadincijfers.antwerpen.be,URLError,unreachable,2026-09-29
https://stadincijfers.antwerpen.be/viewer?var=dna_kubus4002_inw,stadincijfers.antwerpen.be,URLError,unreachable,2026-09-29
https://stadincijfers.antwerpen.be/viewer?var=dna_v1101_t,stadincijfers.antwerpen.be,URLError,unreachable,2026-09-29
https://stadincijfers.antwerpen.be/viewer?var=dna_v1111a_tot_bevolking,stadincijfers.antwerpen.be,URLError,unreachable,2026-09-29
https://stadincijfers.antwerpen.be/viewer?var=dna_v1112_bevolking_gem,stadincijfers.antwerpen.be,URLError,unreachable,2026-09-29
https://stadincijfers.antwerpen.be/viewer?var=dna_v1112_lv_m,stadincijfers.antwerpen.be,URLError,unreachable,2026-09-29
https://stadincijfers.antwerpen.be/viewer?var=dna_v1112_lv_t,stadincijfers.antwerpen.be,URLError,unreachable,2026-09-29
https://stadincijfers.antwerpen.be/viewer?var=dna_v1202_geen_pendel,stadincijfers.antwerpen.be,URLError,unreachable,2026-09-29
https://stadincijfers.antwerpen.be/viewer?var=dna_v1202_pendel_in_n,stadincijfers.antwerpen.be,URLError,unreachable,2026-09-29
https://stadincijfers.antwerpen.be/viewer?var=dna_v1202_pendel_uit_n,stadincijfers.antwerpen.be,URLError,unreachable,2026-09-29
https://stadincijfers.antwerpen.be/viewer?var=dna_v1221_geen_pendel,stadincijfers.antwerpen.be,URLError,unreachable,2026-09-29
https://stadincijfers.antwerpen.be/viewer?var=dna_v1221_pendel_in_n,stadincijfers.antwerpen.be,URLError,unreachable,2026-09-29
https://stadincijfers.antwerpen.be/viewer?var=dna_v1221_pendel_uit_n,stadincijfers.antwerpen.be,URLError,unreachable,2026-09-29
https://stadincijfers.antwerpen.be/viewer?var=dna_v1501_lgb_1bc_ha,stadincijfers.antwerpen.be,URLError,unreachable,2026-09-29
https://stadincijfers.antwerpen.be/viewer?var=dna_v1501_lgb_1di_ha,stadincijfers.antwerpen.be,URLError,unreachable,2026-09-29
https://stadincijfers.antwerpen.be/viewer?var=dna_v1501_lgb_1g_ha,stadincijfers.antwerpen.be,URLError,unreachable,2026-09-29
https://stadincijfers.antwerpen.be/viewer?var=dna_v1501_lgb_1j_ha,stadincijfers.antwerpen.be,URLError,unreachable,2026-09-29
https://stadincijfers.antwerpen.be/viewer?var=dna_v1501_lgb_2q_ha,stadincijfers.antwerpen.be,URLError,unreachable,2026-09-29
https://stadincijfers.antwerpen.be/viewer?var=dna_v1591_open_ruimte_evolutie,stadincijfers.antwerpen.be,URLError,unreachable,2026-09-29
https://stadincijfers.antwerpen.be/viewer?var=dna_v1591_opp_groen,stadincijfers.antwerpen.be,URLError,unreachable,2026-09-29
https://stadincijfers.antwerpen.be/viewer?var=dna_v1591_opp_groen_in_rb,stadincijfers.antwerpen.be,URLError,unreachable,2026-09-29
https://stadincijfers.antwerpen.be/viewer?var=dna_v1591_opp_infrastructuur,stadincijfers.antwerpen.be,URLError,unreachable,2026-09-29
https://stadincijfers.antwerpen.be/viewer?var=dna_v1591_opp_or_bos,stadincijfers.antwerpen.be,URLError,unreachable,2026-09-29
https://stadincijfers.antwerpen.be/viewer?var=dna_v1591_opp_or_bos_ha,stadincijfers.antwerpen.be,URLError,unreachable,2026-09-29
https://stadincijfers.antwerpen.be/viewer?var=dna_v1591_opp_or_grasland,stadincijfers.antwerpen.be,URLError,unreachable,2026-09-29
https://stadincijfers.antwerpen.be/viewer?var=dna_v1591_opp_or_grasland_landbouw,stadincijfers.antwerpen.be,URLError,unreachable,2026-09-29
https://stadincijfers.antwerpen.be/viewer?var=dna_v1591_opp_or_moeras,stadincijfers.antwerpen.be,URLError,unreachable,2026-09-29
https://stadincijfers.antwerpen.be/viewer?var=dna_v1591_opp_or_struikgewas,stadincijfers.antwerpen.be,URLError,unreachable,2026-09-29
https://stadincijfers.antwerpen.be/viewer?var=dna_v1591_opp_or_totaal,stadincijfers.antwerpen.be,URLError,unreachable,2026-09-29
https://stadincijfers.antwerpen.be/viewer?var=dna_v1591_opp_or_water,stadincijfers.antwerpen.be,URLError,unreachable,2026-09-29
https://stadincijfers.antwerpen.be/viewer?var=dna_v1591_opp_rb_recreatie,stadincijfers.antwerpen.be,URLError,unreachable,2026-09-29
https://stadincijfers.antwerpen.be/viewer?var=dna_v1591_opp_rb_transport,stadincijfers.antwerpen.be,URLError,unreachable,2026-09-29
https://stadincijfers.antwerpen.be/viewer?var=dna_v1591_opp_rb_transport_perplus1,stadincijfers.antwerpen.be,URLError,unreachable,2026-09-29
https://stadincijfers.antwerpen.be/viewer?var=dna_v1591_opp_ruimtebeslag,stadincijfers.antwerpen.be,URLError,unreachable,2026-09-29
https://stadincijfers.antwerpen.be/viewer?var=dna_v1592_opp_verharding_in_rb_transport,stadincijfers.antwerpen.be,URLError,unreachable,2026-09-29
https://stadincijfers.antwerpen.be/viewer?var=dna_v1592_verharding_bestemming_bos,stadincijfers.antwerpen.be,URLError,unreachable,2026-09-29
https://stadincijfers.antwerpen.be/viewer?var=dna_v1592_verharding_bestemming_openruimte,stadincijfers.antwerpen.be,URLError,unreachable,2026-09-29
https://stadincijfers.antwerpen.be/viewer?var=dna_v2101_hh,stadincijfers.antwerpen.be,URLError,unreachable,2026-09-29
https://stadincijfers.antwerpen.be/viewer?var=dna_v2101_hh_alleen,stadincijfers.antwerpen.be,URLError,unreachable,2026-09-29
https://stadincijfers.antwerpen.be/viewer?var=dna_v2101_hh_andertype,stadincijfers.antwerpen.be,URLError,unreachable,2026-09-29
https://stadincijfers.antwerpen.be/viewer?var=dna_v2101_hh_eenouder,stadincijfers.antwerpen.be,URLError,unreachable,2026-09-29
https://stadincijfers.antwerpen.be/viewer?var=dna_v2101_hh_geenkind,stadincijfers.antwerpen.be,URLError,unreachable,2026-09-29
https://stadincijfers.antwerpen.be/viewer?var=dna_v2101_hh_thuiskind,stadincijfers.antwerpen.be,URLError,unreachable,2026-09-29
https://stadincijfers.antwerpen.be/viewer?var=dna_v2101_pedelecs,stadincijfers.antwerpen.be,URLError,unreachable,2026-09-29
https://stadincijfers.antwerpen.be/viewer?var=dna_v2101_personenwagens_alle_brandstoffen_hh,stadincijfers.antwerpen.be,URLError,unreachable,2026-09-29
https://stadincijfers.antwerpen.be/viewer?var=dna_v2101_wagens,stadincijfers.antwerpen.be,URLError,unreachable,2026-09-29
https://stadincijfers.antwerpen.be/viewer?var=dna_v2102_publieke_laadpalen,stadincijfers.antwerpen.be,URLError,unreachable,2026-09-29
https://stadincijfers.antwerpen.be/viewer?var=dna_v2102_snel_publieke_laadpalen,stadincijfers.antwerpen.be,URLError,unreachable,2026-09-29
https://stadincijfers.antwerpen.be/viewer?var=dna_v2103_lengte_gemeenteweg_2005,stadincijfers.antwerpen.be,URLError,unreachable,2026-09-29
https://stadincijfers.antwerpen.be/viewer?var=dna_v2107_bs_10,stadincijfers.antwerpen.be,URLError,unreachable,2026-09-29
https://stadincijfers.antwerpen.be/viewer?var=dna_v2107_bs_10_buiten,stadincijfers.antwerpen.be,URLError,unreachable,2026-09-29
https://stadincijfers.antwerpen.be/viewer?var=dna_v2107_bs_5,stadincijfers.antwerpen.be,URLError,unreachable,2026-09-29
https://stadincijfers.antwerpen.be/viewer?var=dna_v2107_bs_5_buiten,stadincijfers.antwerpen.be,URLError,unreachable,2026-09-29
https://stadincijfers.antwerpen.be/viewer?var=dna_v2107_rh_10,stadincijfers.antwerpen.be,URLError,unreachable,2026-09-29
https://stadincijfers.antwerpen.be/viewer?var=dna_v2107_rh_10_buiten,stadincijfers.antwerpen.be,URLError,unreachable,2026-09-29
https://stadincijfers.antwerpen.be/viewer?var=dna_v2107_rh_5,stadincijfers.antwerpen.be,URLError,unreachable,2026-09-29
https://stadincijfers.antwerpen.be/viewer?var=dna_v2107_rh_5_buiten,stadincijfers.antwerpen.be,URLError,unreachable,2026-09-29
https://stadincijfers.antwerpen.be/viewer?var=dna_v2107_shpt_1000,stadincijfers.antwerpen.be,URLError,unreachable,2026-09-29
https://stadincijfers.antwerpen.be/viewer?var=dna_v2107_shpt_1000_buiten,stadincijfers.antwerpen.be,URLError,unreachable,2026-09-29
https://stadincijfers.antwerpen.be/viewer?var=dna_v2107_shpt_200,stadincijfers.antwerpen.be,URLError,unreachable,2026-09-29
https://stadincijfers.antwerpen.be/viewer?var=dna_v2107_shpt_200_buiten,stadincijfers.antwerpen.be,URLError,unreachable,2026-09-29
https://stadincijfers.antwerpen.be/viewer?var=dna_v2107_shpt_500,stadincijfers.antwerpen.be,URLError,unreachable,2026-09-29
https://stadincijfers.antwerpen.be/viewer?var=dna_v2107_shpt_500_buiten,stadincijfers.antwerpen.be,URLError,unreachable,2026-09-29
https://stadincijfers.antwerpen.be/viewer?var=dna_v2107_so_10,stadincijfers.antwerpen.be,URLError,unreachable,2026-09-29
https://stadincijfers.antwerpen.be/viewer?var=dna_v2107_so_10_buiten,stadincijfers.antwerpen.be,URLError,unreachable,2026-09-29
https://stadincijfers.antwerpen.be/viewer?var=dna_v2107_so_5,stadincijfers.antwerpen.be,URLError,unreachable,2026-09-29
https://stadincijfers.antwerpen.be/viewer?var=dna_v2107_so_5_buiten,stadincijfers.antwerpen.be,URLError,unreachable,2026-09-29
https://stadincijfers.antwerpen.be/viewer?var=dna_v2107_ss_10,stadincijfers.antwerpen.be,URLError,unreachable,2026-09-29
https://stadincijfers.antwerpen.be/viewer?var=dna_v2107_ss_10_buiten,stadincijfers.antwerpen.be,URLError,unreachable,2026-09-29
https://stadincijfers.antwerpen.be/viewer?var=dna_v2107_ss_5,stadincijfers.antwerpen.be,URLError,unreachable,2026-09-29
https://stadincijfers.antwerpen.be/viewer?var=dna_v2107_ss_5_buiten,stadincijfers.antwerpen.be,URLError,unreachable,2026-09-29
https://stadincijfers.antwerpen.be/viewer?var=dna_v2107_st_10,stadincijfers.antwerpen.be,URLError,unreachable,2026-09-29
https://stadincijfers.antwerpen.be/viewer?var=dna_v2107_st_10_buiten,stadincijfers.antwerpen.be,URLError,unreachable,2026-09-29
https://stadincijfers.antwerpen.be/viewer?var=dna_v2107_st_5,stadincijfers.antwerpen.be,URLError,unreachable,2026-09-29
https://stadincijfers.antwerpen.be/viewer?var=dna_v2107_st_5_buiten,stadincijfers.antwerpen.be,URLError,unreachable,2026-09-29
https://stadincijfers.antwerpen.be/viewer?var=dna_v2107_sw_1000,stadincijfers.antwerpen.be,URLError,unreachable,2026-09-29
https://stadincijfers.antwerpen.be/viewer?var=dna_v2107_sw_1000_buiten,stadincijfers.antwerpen.be,URLError,unreachable,2026-09-29
https://stadincijfers.antwerpen.be/viewer?var=dna_v2107_sw_200,stadincijfers.antwerpen.be,URLError,unreachable,2026-09-29
https://stadincijfers.antwerpen.be/viewer?var=dna_v2107_sw_200_buiten,stadincijfers.antwerpen.be,URLError,unreachable,2026-09-29
https://stadincijfers.antwerpen.be/viewer?var=dna_v2107_sw_500,stadincijfers.antwerpen.be,URLError,unreachable,2026-09-29
https://stadincijfers.antwerpen.be/viewer?var=dna_v2107_sw_500_buiten,stadincijfers.antwerpen.be,URLError,unreachable,2026-09-29
https://stadincijfers.antwerpen.be/viewer?var=dna_v2107_totaalinwoners,stadincijfers.antwerpen.be,URLError,unreachable,2026-09-29
https://stadincijfers.antwerpen.be/viewer?var=dna_v2107_zh_10,stadincijfers.antwerpen.be,URLError,unreachable,2026-09-29
https://stadincijfers.antwerpen.be/viewer?var=dna_v2107_zh_10_buiten,stadincijfers.antwerpen.be,URLError,unreachable,2026-09-29
https://stadincijfers.antwerpen.be/viewer?var=dna_v2107_zh_5,stadincijfers.antwerpen.be,URLError,unreachable,2026-09-29
https://stadincijfers.antwerpen.be/viewer?var=dna_v2107_zh_5_buiten,stadincijfers.antwerpen.be,URLError,unreachable,2026-09-29
https://stadincijfers.antwerpen.be/viewer?var=dna_v2109_aantal_haltes_trafiek,stadincijfers.antwerpen.be,URLError,unreachable,2026-09-29
https://stadincijfers.antwerpen.be/viewer?var=dna_v2109_aantal_haltessingle,stadincijfers.antwerpen.be,URLError,unreachable,2026-09-29
https://stadincijfers.antwerpen.be/viewer?var=dna_v2109_lengte_route,stadincijfers.antwerpen.be,URLError,unreachable,2026-09-29
https://stadincijfers.antwerpen.be/viewer?var=dna_v2110_lengte_route,stadincijfers.antwerpen.be,URLError,unreachable,2026-09-29
https://stadincijfers.antwerpen.be/viewer?var=dna_v2110_type_bel,stadincijfers.antwerpen.be,URLError,unreachable,2026-09-29
https://stadincijfers.antwerpen.be/viewer?var=dna_v2110_type_belennietbel,stadincijfers.antwerpen.be,URLError,unreachable,2026-09-29
https://stadincijfers.antwerpen.be/viewer?var=dna_v2110_type_nietbel,stadincijfers.antwerpen.be,URLError,unreachable,2026-09-29
https://stadincijfers.antwerpen.be/viewer?var=dna_v2111_mot,stadincijfers.antwerpen.be,URLError,unreachable,2026-09-29
https://stadincijfers.antwerpen.be/viewer?var=dna_v2111_motass,stadincijfers.antwerpen.be,URLError,unreachable,2026-09-29
https://stadincijfers.antwerpen.be/viewer?var=dna_v2111_motassnot,stadincijfers.antwerpen.be,URLError,unreachable,2026-09-29
https://stadincijfers.antwerpen.be/viewer?var=dna_v2111_motnot,stadincijfers.antwerpen.be,URLError,unreachable,2026-09-29
https://stadincijfers.antwerpen.be/viewer?var=dna_v2111_vis,stadincijfers.antwerpen.be,URLError,unreachable,2026-09-29
https://stadincijfers.antwerpen.be/viewer?var=dna_v2111_visnot,stadincijfers.antwerpen.be,URLError,unreachable,2026-09-29
https://stadincijfers.antwerpen.be/viewer?var=dna_v2111_vomvast,stadincijfers.antwerpen.be,URLError,unreachable,2026-09-29
https://stadincijfers.antwerpen.be/viewer?var=dna_v2112,stadincijfers.antwerpen.be,URLError,unreachable,2026-09-29
https://stadincijfers.antwerpen.be/viewer?var=dna_v2120_aantal_meters_gem,stadincijfers.antwerpen.be,URLError,unreachable,2026-09-29
https://stadincijfers.antwerpen.be/viewer?var=dna_v2120_autoluw_ja,stadincijfers.antwerpen.be,URLError,unreachable,2026-09-29
https://stadincijfers.antwerpen.be/viewer?var=dna_v2120_autoluw_nee,stadincijfers.antwerpen.be,URLError,unreachable,2026-09-29
https://stadincijfers.antwerpen.be/viewer?var=dna_v2120_autoluw_onbekend,stadincijfers.antwerpen.be,URLError,unreachable,2026-09-29
https://stadincijfers.antwerpen.be/viewer?var=dna_v2120_bewegwijzerd_ja,stadincijfers.antwerpen.be,URLError,unreachable,2026-09-29
https://stadincijfers.antwerpen.be/viewer?var=dna_v2120_bewegwijzerd_nee,stadincijfers.antwerpen.be,URLError,unreachable,2026-09-29
https://stadincijfers.antwerpen.be/viewer?var=dna_v2120_bewegwijzerd_onbekend,stadincijfers.antwerpen.be,URLError,unreachable,2026-09-29
https://stadincijfers.antwerpen.be/viewer?var=dna_v2120_groepbefba_1,stadincijfers.antwerpen.be,URLError,unreachable,2026-09-29
https://stadincijfers.antwerpen.be/viewer?var=dna_v2120_groepbefba_2,stadincijfers.antwerpen.be,URLError,unreachable,2026-09-29
https://stadincijfers.antwerpen.be/viewer?var=dna_v2120_groepbefba_3,stadincijfers.antwerpen.be,URLError,unreachable,2026-09-29
https://stadincijfers.antwerpen.be/viewer?var=dna_v2120_groepbefba_4,stadincijfers.antwerpen.be,URLError,unreachable,2026-09-29
https://stadincijfers.antwerpen.be/viewer?var=dna_v2120_t,stadincijfers.antwerpen.be,URLError,unreachable,2026-09-29
https://stadincijfers.antwerpen.be/viewer?var=dna_v2120_verlicht_ja,stadincijfers.antwerpen.be,URLError,unreachable,2026-09-29
https://stadincijfers.antwerpen.be/viewer?var=dna_v2120_verlicht_nee,stadincijfers.antwerpen.be,URLError,unreachable,2026-09-29
https://stadincijfers.antwerpen.be/viewer?var=dna_v2120_verlicht_onbekend,stadincijfers.antwerpen.be,URLError,unreachable,2026-09-29
https://stadincijfers.antwerpen.be/viewer?var=dna_v2210_lgb_1bc,stadincijfers.antwerpen.be,URLError,unreachable,2026-09-29
https://stadincijfers.antwerpen.be/viewer?var=dna_v2210_lgb_1di,stadincijfers.antwerpen.be,URLError,unreachable,2026-09-29
https://stadincijfers.antwerpen.be/viewer?var=dna_v2210_lgb_1g,stadincijfers.antwerpen.be,URLError,unreachable,2026-09-29
https://stadincijfers.antwerpen.be/viewer?var=dna_v2210_lgb_1j,stadincijfers.antwerpen.be,URLError,unreachable,2026-09-29
https://stadincijfers.antwerpen.be/viewer?var=dna_v2210_lgb_2q,stadincijfers.antwerpen.be,URLError,unreachable,2026-09-29
https://stadincijfers.antwerpen.be/viewer?var=dna_v2220_eigenaar_priv_hh,stadincijfers.antwerpen.be,URLError,unreachable,2026-09-29
https://stadincijfers.antwerpen.be/viewer?var=dna_v2303_bbo_saldo,stadincijfers.antwerpen.be,URLError,unreachable,2026-09-29
https://stadincijfers.antwerpen.be/viewer?var=dna_v2303_bko_saldo,stadincijfers.antwerpen.be,URLError,unreachable,2026-09-29
https://stadincijfers.antwerpen.be/viewer?var=dna_v2303_blo_saldo,stadincijfers.antwerpen.be,URLError,unreachable,2026-09-29
https://stadincijfers.antwerpen.be/viewer?var=dna_v2303_bo_saldo,stadincijfers.antwerpen.be,URLError,unreachable,2026-09-29
https://stadincijfers.antwerpen.be/viewer?var=dna_v2303_buso_saldo,stadincijfers.antwerpen.be,URLError,unreachable,2026-09-29
https://stadincijfers.antwerpen.be/viewer?var=dna_v2303_dbso_saldo,stadincijfers.antwerpen.be,URLError,unreachable,2026-09-29
https://stadincijfers.antwerpen.be/viewer?var=dna_v2303_gbo_saldo,stadincijfers.antwerpen.be,URLError,unreachable,2026-09-29
https://stadincijfers.antwerpen.be/viewer?var=dna_v2303_gko_saldo,stadincijfers.antwerpen.be,URLError,unreachable,2026-09-29
https://stadincijfers.antwerpen.be/viewer?var=dna_v2303_glo_saldo,stadincijfers.antwerpen.be,URLError,unreachable,2026-09-29
https://stadincijfers.antwerpen.be/viewer?var=dna_v2303_gso_saldo,stadincijfers.antwerpen.be,URLError,unreachable,2026-09-29
https://stadincijfers.antwerpen.be/viewer?var=dna_v2303_gvso_saldo,stadincijfers.antwerpen.be,URLError,unreachable,2026-09-29
https://stadincijfers.antwerpen.be/viewer?var=dna_v2303_ko_saldo,stadincijfers.antwerpen.be,URLError,unreachable,2026-09-29
https://stadincijfers.antwerpen.be/viewer?var=dna_v2303_lo_saldo,stadincijfers.antwerpen.be,URLError,unreachable,2026-09-29
https://stadincijfers.antwerpen.be/viewer?var=dna_v2303_so_saldo,stadincijfers.antwerpen.be,URLError,unreachable,2026-09-29
https://stadincijfers.antwerpen.be/viewer?var=dna_v2520_ebw_16,stadincijfers.antwerpen.be,URLError,unreachable,2026-09-29
https://stadincijfers.antwerpen.be/viewer?var=dna_v2520_ebw_9,stadincijfers.antwerpen.be,URLError,unreachable,2026-09-29
https://stadincijfers.antwerpen.be/viewer?var=dna_v2530_opp_eval_m,stadincijfers.antwerpen.be,URLError,unreachable,2026-09-29
https://stadincijfers.antwerpen.be/viewer?var=dna_v2530_opp_eval_w,stadincijfers.antwerpen.be,URLError,unreachable,2026-09-29
https://stadincijfers.antwerpen.be/viewer?var=dna_v2530_opp_eval_wvnat,stadincijfers.antwerpen.be,URLError,unreachable,2026-09-29
https://stadincijfers.antwerpen.be/viewer?var=dna_v2530_opp_eval_zw,stadincijfers.antwerpen.be,URLError,unreachable,2026-09-29
https://stadincijfers.antwerpen.be/viewer?var=dna_v2530_opp_ivon_nvwg,stadincijfers.antwerpen.be,URLError,unreachable,2026-09-29
https://stadincijfers.antwerpen.be/viewer?var=dna_v2531_opp_bomen_tot_ha,stadincijfers.antwerpen.be,URLError,unreachable,2026-09-29
https://stadincijfers.antwerpen.be/viewer?var=dna_v2532_opp_babr,stadincijfers.antwerpen.be,URLError,unreachable,2026-09-29
https://stadincijfers.antwerpen.be/viewer?var=dna_v2532_opp_banr,stadincijfers.antwerpen.be,URLError,unreachable,2026-09-29
https://stadincijfers.antwerpen.be/viewer?var=dna_v2532_opp_bbbp,stadincijfers.antwerpen.be,URLError,unreachable,2026-09-29
https://stadincijfers.antwerpen.be/viewer?var=dna_v2532_opp_bebr,stadincijfers.antwerpen.be,URLError,unreachable,2026-09-29
https://stadincijfers.antwerpen.be/viewer?var=dna_v2532_opp_hpgb,stadincijfers.antwerpen.be,URLError,unreachable,2026-09-29
https://stadincijfers.antwerpen.be/viewer?var=dna_v2532_opp_natuurbeheer,stadincijfers.antwerpen.be,URLError,unreachable,2026-09-29
https://stadincijfers.antwerpen.be/viewer?var=dna_v2532_opp_nbp_totaal,stadincijfers.antwerpen.be,URLError,unreachable,2026-09-29
https://stadincijfers.antwerpen.be/viewer?var=dna_v2532_opp_nbp_type1,stadincijfers.antwerpen.be,URLError,unreachable,2026-09-29
https://stadincijfers.antwerpen.be/viewer?var=dna_v2532_opp_nbp_type2,stadincijfers.antwerpen.be,URLError,unreachable,2026-09-29
https://stadincijfers.antwerpen.be/viewer?var=dna_v2532_opp_nbp_type3,stadincijfers.antwerpen.be,URLError,unreachable,2026-09-29
https://stadincijfers.antwerpen.be/viewer?var=dna_v2532_opp_nbp_type4,stadincijfers.antwerpen.be,URLError,unreachable,2026-09-29
https://stadincijfers.antwerpen.be/viewer?var=dna_v2532_opp_ubbp,stadincijfers.antwerpen.be,URLError,unreachable,2026-09-29
https://stadincijfers.antwerpen.be/viewer?var=dna_v2533_hab3260_ja,stadincijfers.antwerpen.be,URLError,unreachable,2026-09-29
https://stadincijfers.antwerpen.be/viewer?var=dna_v2534_speelzone,stadincijfers.antwerpen.be,URLError,unreachable,2026-09-29
https://stadincijfers.antwerpen.be/viewer?var=dna_v2534_speelzone_permanent,stadincijfers.antwerpen.be,URLError,unreachable,2026-09-29
https://stadincijfers.antwerpen.be/viewer?var=dna_v2534_speelzone_zomer,stadincijfers.antwerpen.be,URLError,unreachable,2026-09-29
https://stadincijfers.antwerpen.be/viewer?var=dna_v2535_bos_compensatie,stadincijfers.antwerpen.be,URLError,unreachable,2026-09-29
https://stadincijfers.antwerpen.be/viewer?var=dna_v2540_buurtgroen_inw,stadincijfers.antwerpen.be,URLError,unreachable,2026-09-29
https://stadincijfers.antwerpen.be/viewer?var=dna_v2540_buurtgroen_opp,stadincijfers.antwerpen.be,URLError,unreachable,2026-09-29
https://stadincijfers.antwerpen.be/viewer?var=dna_v2540_buurtgroen_opp_statsec,stadincijfers.antwerpen.be,URLError,unreachable,2026-09-29
https://stadincijfers.antwerpen.be/viewer?var=dna_v2540_inwoners,stadincijfers.antwerpen.be,URLError,unreachable,2026-09-29
https://stadincijfers.antwerpen.be/viewer?var=dna_v2540_oppervlakte,stadincijfers.antwerpen.be,URLError,unreachable,2026-09-29
https://stadincijfers.antwerpen.be/viewer?var=dna_v2540_stadsbos_inw,stadincijfers.antwerpen.be,URLError,unreachable,2026-09-29
https://stadincijfers.antwerpen.be/viewer?var=dna_v2540_stadsbos_opp,stadincijfers.antwerpen.be,URLError,unreachable,2026-09-29
https://stadincijfers.antwerpen.be/viewer?var=dna_v2540_stadsbos_opp_statsec,stadincijfers.antwerpen.be,URLError,unreachable,2026-09-29
https://stadincijfers.antwerpen.be/viewer?var=dna_v2540_stadsdeelgroen_inw,stadincijfers.antwerpen.be,URLError,unreachable,2026-09-29
https://stadincijfers.antwerpen.be/viewer?var=dna_v2540_stadsdeelgroen_opp,stadincijfers.antwerpen.be,URLError,unreachable,2026-09-29
https://stadincijfers.antwerpen.be/viewer?var=dna_v2540_stadsdeelgroen_opp_statsec,stadincijfers.antwerpen.be,URLError,unreachable,2026-09-29
https://stadincijfers.antwerpen.be/viewer?var=dna_v2540_stadsgroen_inw,stadincijfers.antwerpen.be,URLError,unreachable,2026-09-29
https://stadincijfers.antwerpen.be/viewer?var=dna_v2540_stadsgroen_opp,stadincijfers.antwerpen.be,URLError,unreachable,2026-09-29
https://stadincijfers.antwerpen.be/viewer?var=dna_v2540_stadsgroen_opp_statsec,stadincijfers.antwerpen.be,URLError,unreachable,2026-09-29
https://stadincijfers.antwerpen.be/viewer?var=dna_v2540_wijkgroen_inw,stadincijfers.antwerpen.be,URLError,unreachable,2026-09-29
https://stadincijfers.antwerpen.be/viewer?var=dna_v2540_wijkgroen_opp,stadincijfers.antwerpen.be,URLError,unreachable,2026-09-29
https://stadincijfers.antwerpen.be/viewer?var=dna_v2540_wijkgroen_opp_statsec,stadincijfers.antwerpen.be,URLError,unreachable,2026-09-29
https://stadincijfers.antwerpen.be/viewer?var=dna_v2606_fnw_afst,stadincijfers.antwerpen.be,URLError,unreachable,2026-09-29
https://stadincijfers.antwerpen.be/viewer?var=dna_v2606_fnw_knppnt,stadincijfers.antwerpen.be,URLError,unreachable,2026-09-29
https://stadincijfers.antwerpen.be/viewer?var=dna_v2712_groenbedekkers,stadincijfers.antwerpen.be,URLError,unreachable,2026-09-29
https://stadincijfers.antwerpen.be/viewer?var=dna_v2712_houtachtig,stadincijfers.antwerpen.be,URLError,unreachable,2026-09-29
https://stadincijfers.antwerpen.be/viewer?var=dna_v2801_vh_totcrim,stadincijfers.antwerpen.be,URLError,unreachable,2026-09-29
https://stadincijfers.antwerpen.be/viewer?var=dna_v2802_autosnelweg,stadincijfers.antwerpen.be,URLError,unreachable,2026-09-29
https://stadincijfers.antwerpen.be/viewer?var=dna_v2802_bebouwdekom_ja,stadincijfers.antwerpen.be,URLError,unreachable,2026-09-29
https://stadincijfers.antwerpen.be/viewer?var=dna_v2802_bebouwdekom_nee,stadincijfers.antwerpen.be,URLError,unreachable,2026-09-29
https://stadincijfers.antwerpen.be/viewer?var=dna_v2802_bebouwdekom_onbekend,stadincijfers.antwerpen.be,URLError,unreachable,2026-09-29
https://stadincijfers.antwerpen.be/viewer?var=dna_v2802_dag,stadincijfers.antwerpen.be,URLError,unreachable,2026-09-29
https://stadincijfers.antwerpen.be/viewer?var=dna_v2802_dageraadschemering,stadincijfers.antwerpen.be,URLError,unreachable,2026-09-29
https://stadincijfers.antwerpen.be/viewer?var=dna_v2802_dodelijkgewond,stadincijfers.antwerpen.be,URLError,unreachable,2026-09-29
https://stadincijfers.antwerpen.be/viewer?var=dna_v2802_dood,stadincijfers.antwerpen.be,URLError,unreachable,2026-09-29
https://stadincijfers.antwerpen.be/viewer?var=dna_v2802_gemeenteweg,stadincijfers.antwerpen.be,URLError,unreachable,2026-09-29
https://stadincijfers.antwerpen.be/viewer?var=dna_v2802_gewestweg,stadincijfers.antwerpen.be,URLError,unreachable,2026-09-29
https://stadincijfers.antwerpen.be/viewer?var=dna_v2802_kruispunt_ja,stadincijfers.antwerpen.be,URLError,unreachable,2026-09-29
https://stadincijfers.antwerpen.be/viewer?var=dna_v2802_kruispunt_nee,stadincijfers.antwerpen.be,URLError,unreachable,2026-09-29
https://stadincijfers.antwerpen.be/viewer?var=dna_v2802_kruispunt_onbekend,stadincijfers.antwerpen.be,URLError,unreachable,2026-09-29
https://stadincijfers.antwerpen.be/viewer?var=dna_v2802_licht_onbekend,stadincijfers.antwerpen.be,URLError,unreachable,2026-09-29
https://stadincijfers.antwerpen.be/viewer?var=dna_v2802_lichtgewond,stadincijfers.antwerpen.be,URLError,unreachable,2026-09-29
https://stadincijfers.antwerpen.be/viewer?var=dna_v2802_nachtgeenlicht,stadincijfers.antwerpen.be,URLError,unreachable,2026-09-29
https://stadincijfers.antwerpen.be/viewer?var=dna_v2802_nachtlicht,stadincijfers.antwerpen.be,URLError,unreachable,2026-09-29
https://stadincijfers.antwerpen.be/viewer?var=dna_v2802_so_onbekend,stadincijfers.antwerpen.be,URLError,unreachable,2026-09-29
https://stadincijfers.antwerpen.be/viewer?var=dna_v2802_t,stadincijfers.antwerpen.be,URLError,unreachable,2026-09-29
https://stadincijfers.antwerpen.be/viewer?var=dna_v2802_vh_ver_auto,stadincijfers.antwerpen.be,URLError,unreachable,2026-09-29
https://stadincijfers.antwerpen.be/viewer?var=dna_v2802_vh_ver_bus,stadincijfers.antwerpen.be,URLError,unreachable,2026-09-29
https://stadincijfers.antwerpen.be/viewer?var=dna_v2802_vh_ver_do,stadincijfers.antwerpen.be,URLError,unreachable,2026-09-29
https://stadincijfers.antwerpen.be/viewer?var=dna_v2802_vh_ver_do_aant,stadincijfers.antwerpen.be,URLError,unreachable,2026-09-29
https://stadincijfers.antwerpen.be/viewer?var=dna_v2802_vh_ver_fiets,stadincijfers.antwerpen.be,URLError,unreachable,2026-09-29
https://stadincijfers.antwerpen.be/viewer?var=dna_v2802_vh_ver_lgw,stadincijfers.antwerpen.be,URLError,unreachable,2026-09-29
https://stadincijfers.antwerpen.be/viewer?var=dna_v2802_vh_ver_lgw_aant,stadincijfers.antwerpen.be,URLError,unreachable,2026-09-29
https://stadincijfers.antwerpen.be/viewer?var=dna_v2802_vh_ver_ongeval,stadincijfers.antwerpen.be,URLError,unreachable,2026-09-29
https://stadincijfers.antwerpen.be/viewer?var=dna_v2802_vh_ver_tot_so,stadincijfers.antwerpen.be,URLError,unreachable,2026-09-29
https://stadincijfers.antwerpen.be/viewer?var=dna_v2802_vh_ver_zgw,stadincijfers.antwerpen.be,URLError,unreachable,2026-09-29
https://stadincijfers.antwerpen.be/viewer?var=dna_v2802_vh_ver_zgw_aant,stadincijfers.antwerpen.be,URLError,unreachable,2026-09-29
https://stadincijfers.antwerpen.be/viewer?var=dna_v2802_weg_onbekend,stadincijfers.antwerpen.be,URLError,unreachable,2026-09-29
https://stadincijfers.antwerpen.be/viewer?var=dna_v2802_wg1_andere,stadincijfers.antwerpen.be,URLError,unreachable,2026-09-29
https://stadincijfers.antwerpen.be/viewer?var=dna_v2802_wg1_auto,stadincijfers.antwerpen.be,URLError,unreachable,2026-09-29
https://stadincijfers.antwerpen.be/viewer?var=dna_v2802_wg1_bromfiets,stadincijfers.antwerpen.be,URLError,unreachable,2026-09-29
https://stadincijfers.antwerpen.be/viewer?var=dna_v2802_wg1_bus,stadincijfers.antwerpen.be,URLError,unreachable,2026-09-29
https://stadincijfers.antwerpen.be/viewer?var=dna_v2802_wg1_fiets,stadincijfers.antwerpen.be,URLError,unreachable,2026-09-29
https://stadincijfers.antwerpen.be/viewer?var=dna_v2802_wg1_motor,stadincijfers.antwerpen.be,URLError,unreachable,2026-09-29
https://stadincijfers.antwerpen.be/viewer?var=dna_v2802_wg1_onbekend,stadincijfers.antwerpen.be,URLError,unreachable,2026-09-29
https://stadincijfers.antwerpen.be/viewer?var=dna_v2802_wg1_voet,stadincijfers.antwerpen.be,URLError,unreachable,2026-09-29
https://stadincijfers.antwerpen.be/viewer?var=dna_v2802_wg1_vracht,stadincijfers.antwerpen.be,URLError,unreachable,2026-09-29
https://stadincijfers.antwerpen.be/viewer?var=dna_v2802_wg1_vrachtlicht,stadincijfers.antwerpen.be,URLError,unreachable,2026-09-29
https://stadincijfers.antwerpen.be/viewer?var=dna_v2802_wg2_andere,stadincijfers.antwerpen.be,URLError,unreachable,2026-09-29
https://stadincijfers.antwerpen.be/viewer?var=dna_v2802_wg2_auto,stadincijfers.antwerpen.be,URLError,unreachable,2026-09-29
https://stadincijfers.antwerpen.be/viewer?var=dna_v2802_wg2_bromfiets,stadincijfers.antwerpen.be,URLError,unreachable,2026-09-29
https://stadincijfers.antwerpen.be/viewer?var=dna_v2802_wg2_bus,stadincijfers.antwerpen.be,URLError,unreachable,2026-09-29
https://stadincijfers.antwerpen.be/viewer?var=dna_v2802_wg2_fiets,stadincijfers.antwerpen.be,URLError,unreachable,2026-09-29
https://stadincijfers.antwerpen.be/viewer?var=dna_v2802_wg2_motor,stadincijfers.antwerpen.be,URLError,unreachable,2026-09-29
https://stadincijfers.antwerpen.be/viewer?var=dna_v2802_wg2_onbekend,stadincijfers.antwerpen.be,URLError,unreachable,2026-09-29
https://stadincijfers.antwerpen.be/viewer?var=dna_v2802_wg2_voet,stadincijfers.antwerpen.be,URLError,unreachable,2026-09-29
https://stadincijfers.antwerpen.be/viewer?var=dna_v2802_wg2_vracht,stadincijfers.antwerpen.be,URLError,unreachable,2026-09-29
https://stadincijfers.antwerpen.be/viewer?var=dna_v2802_wg2_vrachtlicht,stadincijfers.antwerpen.be,URLError,unreachable,2026-09-29
https://stadincijfers.antwerpen.be/viewer?var=dna_v2802_wgtot_andere_onb,stadincijfers.antwerpen.be,URLError,unreachable,2026-09-29
https://stadincijfers.antwerpen.be/viewer?var=dna_v2802_wgtot_auto,stadincijfers.antwerpen.be,URLError,unreachable,2026-09-29
https://stadincijfers.antwerpen.be/viewer?var=dna_v2802_wgtot_bromfiets,stadincijfers.antwerpen.be,URLError,unreachable,2026-09-29
https://stadincijfers.antwerpen.be/viewer?var=dna_v2802_wgtot_bus,stadincijfers.antwerpen.be,URLError,unreachable,2026-09-29
https://stadincijfers.antwerpen.be/viewer?var=dna_v2802_wgtot_fiets,stadincijfers.antwerpen.be,URLError,unreachable,2026-09-29
https://stadincijfers.antwerpen.be/viewer?var=dna_v2802_wgtot_motor,stadincijfers.antwerpen.be,URLError,unreachable,2026-09-29
https://stadincijfers.antwerpen.be/viewer?var=dna_v2802_wgtot_voet,stadincijfers.antwerpen.be,URLError,unreachable,2026-09-29
https://stadincijfers.antwerpen.be/viewer?var=dna_v2802_wgtot_vracht,stadincijfers.antwerpen.be,URLError,unreachable,2026-09-29
https://stadincijfers.antwerpen.be/viewer?var=dna_v2802_wgtot_vrachtlicht,stadincijfers.antwerpen.be,URLError,unreachable,2026-09-29
https://stadincijfers.antwerpen.be/viewer?var=dna_v2802_zwaargewond,stadincijfers.antwerpen.be,URLError,unreachable,2026-09-29
https://stadincijfers.antwerpen.be/viewer?var=dna_v2803,stadincijfers.antwerpen.be,URLError,unreachable,2026-09-29
https://stadincijfers.antwerpen.be/viewer?var=dna_v2803_andere,stadincijfers.antwerpen.be,URLError,unreachable,2026-09-29
https://stadincijfers.antwerpen.be/viewer?var=dna_v2803_insch,stadincijfers.antwerpen.be,URLError,unreachable,2026-09-29
https://stadincijfers.antwerpen.be/viewer?var=dna_v2803_onbekend,stadincijfers.antwerpen.be,URLError,unreachable,2026-09-29
https://stadincijfers.antwerpen.be/viewer?var=dna_v2803_snel,stadincijfers.antwerpen.be,URLError,unreachable,2026-09-29
https://stadincijfers.antwerpen.be/viewer?var=dna_v2803_wegcode_rest,stadincijfers.antwerpen.be,URLError,unreachable,2026-09-29
https://stadincijfers.antwerpen.be/viewer?var=dna_v2902_opp_bchl,stadincijfers.antwerpen.be,URLError,unreachable,2026-09-29
https://stadincijfers.antwerpen.be/viewer?var=dna_v4001_rbh_bos,stadincijfers.antwerpen.be,URLError,unreachable,2026-09-29
https://stadincijfers.antwerpen.be/viewer?var=dna_v4001_rbh_bos_ha,stadincijfers.antwerpen.be,URLError,unreachable,2026-09-29
https://stadincijfers.antwerpen.be/viewer?var=dna_v4001_rbh_groen_ha,stadincijfers.antwerpen.be,URLError,unreachable,2026-09-29
https://stadincijfers.antwerpen.be/viewer?var=dna_v4001_rbh_groen_t,stadincijfers.antwerpen.be,URLError,unreachable,2026-09-29
https://stadincijfers.antwerpen.be/viewer?var=dna_v4001_rbh_hard_met_rb,stadincijfers.antwerpen.be,URLError,unreachable,2026-09-29
https://stadincijfers.antwerpen.be/viewer?var=dna_v4001_rbh_natuur,stadincijfers.antwerpen.be,URLError,unreachable,2026-09-29
https://stadincijfers.antwerpen.be/viewer?var=dna_v4001_rbh_natuur_ha,stadincijfers.antwerpen.be,URLError,unreachable,2026-09-29
https://stadincijfers.antwerpen.be/viewer?var=dna_v4001_rbh_overig_groen,stadincijfers.antwerpen.be,URLError,unreachable,2026-09-29
https://stadincijfers.antwerpen.be/viewer?var=dna_v4001_rbh_overig_groen_ha,stadincijfers.antwerpen.be,URLError,unreachable,2026-09-29
https://stadincijfers.antwerpen.be/viewer?var=dna_v4001_rbh_recreatie,stadincijfers.antwerpen.be,URLError,unreachable,2026-09-29
https://stadincijfers.antwerpen.be/viewer?var=dna_v4001_rbh_recreatie_ha,stadincijfers.antwerpen.be,URLError,unreachable,2026-09-29
https://stadincijfers.antwerpen.be/viewer?var=dna_v4002_hh_10_b3,stadincijfers.antwerpen.be,URLError,unreachable,2026-09-29
https://stadincijfers.antwerpen.be/viewer?var=dna_v4002_hh_11_a4,stadincijfers.antwerpen.be,URLError,unreachable,2026-09-29
https://stadincijfers.antwerpen.be/viewer?var=dna_v4002_hh_12_a3,stadincijfers.antwerpen.be,URLError,unreachable,2026-09-29
https://stadincijfers.antwerpen.be/viewer?var=dna_v4002_hh_13_b2,stadincijfers.antwerpen.be,URLError,unreachable,2026-09-29
https://stadincijfers.antwerpen.be/viewer?var=dna_v4002_hh_14_b1,stadincijfers.antwerpen.be,URLError,unreachable,2026-09-29
https://stadincijfers.antwerpen.be/viewer?var=dna_v4002_hh_15_a2,stadincijfers.antwerpen.be,URLError,unreachable,2026-09-29
https://stadincijfers.antwerpen.be/viewer?var=dna_v4002_hh_16_a1,stadincijfers.antwerpen.be,URLError,unreachable,2026-09-29
https://stadincijfers.antwerpen.be/viewer?var=dna_v4002_hh_1_d4,stadincijfers.antwerpen.be,URLError,unreachable,2026-09-29
https://stadincijfers.antwerpen.be/viewer?var=dna_v4002_hh_2_d3,stadincijfers.antwerpen.be,URLError,unreachable,2026-09-29
https://stadincijfers.antwerpen.be/viewer?var=dna_v4002_hh_3_c4,stadincijfers.antwerpen.be,URLError,unreachable,2026-09-29
https://stadincijfers.antwerpen.be/viewer?var=dna_v4002_hh_4_c3,stadincijfers.antwerpen.be,URLError,unreachable,2026-09-29
https://stadincijfers.antwerpen.be/viewer?var=dna_v4002_hh_5_d2,stadincijfers.antwerpen.be,URLError,unreachable,2026-09-29
https://stadincijfers.antwerpen.be/viewer?var=dna_v4002_hh_6_d1,stadincijfers.antwerpen.be,URLError,unreachable,2026-09-29
https://stadincijfers.antwerpen.be/viewer?var=dna_v4002_hh_7_c2,stadincijfers.antwerpen.be,URLError,unreachable,2026-09-29
https://stadincijfers.antwerpen.be/viewer?var=dna_v4002_hh_8_c1,stadincijfers.antwerpen.be,URLError,unreachable,2026-09-29
https://stadincijfers.antwerpen.be/viewer?var=dna_v4002_hh_9_b4,stadincijfers.antwerpen.be,URLError,unreachable,2026-09-29
https://stadincijfers.antwerpen.be/viewer?var=dna_v4002_hh_ctotaal,stadincijfers.antwerpen.be,URLError,unreachable,2026-09-29
https://stadincijfers.antwerpen.be/viewer?var=dna_v4002_hh_knp_bep,stadincijfers.antwerpen.be,URLError,unreachable,2026-09-29
https://stadincijfers.antwerpen.be/viewer?var=dna_v4002_hh_knp_goed,stadincijfers.antwerpen.be,URLError,unreachable,2026-09-29
https://stadincijfers.antwerpen.be/viewer?var=dna_v4002_hh_knp_mat,stadincijfers.antwerpen.be,URLError,unreachable,2026-09-29
https://stadincijfers.antwerpen.be/viewer?var=dna_v4002_hh_knp_zgoed,stadincijfers.antwerpen.be,URLError,unreachable,2026-09-29
https://stadincijfers.antwerpen.be/viewer?var=dna_v4002_hh_vz_bep,stadincijfers.antwerpen.be,URLError,unreachable,2026-09-29
https://stadincijfers.antwerpen.be/viewer?var=dna_v4002_hh_vz_goed,stadincijfers.antwerpen.be,URLError,unreachable,2026-09-29
https://stadincijfers.antwerpen.be/viewer?var=dna_v4002_hh_vz_mat,stadincijfers.antwerpen.be,URLError,unreachable,2026-09-29
https://stadincijfers.antwerpen.be/viewer?var=dna_v4002_hh_vz_zgoed,stadincijfers.antwerpen.be,URLError,unreachable,2026-09-29
https://stadincijfers.antwerpen.be/viewer?var=dna_v4002_inw_10_b3,stadincijfers.antwerpen.be,URLError,unreachable,2026-09-29
https://stadincijfers.antwerpen.be/viewer?var=dna_v4002_inw_11_a4,stadincijfers.antwerpen.be,URLError,unreachable,2026-09-29
https://stadincijfers.antwerpen.be/viewer?var=dna_v4002_inw_12_a3,stadincijfers.antwerpen.be,URLError,unreachable,2026-09-29
https://stadincijfers.antwerpen.be/viewer?var=dna_v4002_inw_13_b2,stadincijfers.antwerpen.be,URLError,unreachable,2026-09-29
https://stadincijfers.antwerpen.be/viewer?var=dna_v4002_inw_14_b1,stadincijfers.antwerpen.be,URLError,unreachable,2026-09-29
https://stadincijfers.antwerpen.be/viewer?var=dna_v4002_inw_15_a2,stadincijfers.antwerpen.be,URLError,unreachable,2026-09-29
https://stadincijfers.antwerpen.be/viewer?var=dna_v4002_inw_16_a1,stadincijfers.antwerpen.be,URLError,unreachable,2026-09-29
https://stadincijfers.antwerpen.be/viewer?var=dna_v4002_inw_1_d4,stadincijfers.antwerpen.be,URLError,unreachable,2026-09-29
https://stadincijfers.antwerpen.be/viewer?var=dna_v4002_inw_2_d3,stadincijfers.antwerpen.be,URLError,unreachable,2026-09-29
https://stadincijfers.antwerpen.be/viewer?var=dna_v4002_inw_3_c4,stadincijfers.antwerpen.be,URLError,unreachable,2026-09-29
https://stadincijfers.antwerpen.be/viewer?var=dna_v4002_inw_4_c3,stadincijfers.antwerpen.be,URLError,unreachable,2026-09-29
https://stadincijfers.antwerpen.be/viewer?var=dna_v4002_inw_5_d2,stadincijfers.antwerpen.be,URLError,unreachable,2026-09-29
https://stadincijfers.antwerpen.be/viewer?var=dna_v4002_inw_6_d1,stadincijfers.antwerpen.be,URLError,unreachable,2026-09-29
https://stadincijfers.antwerpen.be/viewer?var=dna_v4002_inw_7_c2,stadincijfers.antwerpen.be,URLError,unreachable,2026-09-29
https://stadincijfers.antwerpen.be/viewer?var=dna_v4002_inw_8_c1,stadincijfers.antwerpen.be,URLError,unreachable,2026-09-29
https://stadincijfers.antwerpen.be/viewer?var=dna_v4002_inw_9_b4,stadincijfers.antwerpen.be,URLError,unreachable,2026-09-29
https://stadincijfers.antwerpen.be/viewer?var=dna_v4002_inw_ctotaal,stadincijfers.antwerpen.be,URLError,unreachable,2026-09-29
https://stadincijfers.antwerpen.be/viewer?var=dna_v4002_inw_knp_bep,stadincijfers.antwerpen.be,URLError,unreachable,2026-09-29
https://stadincijfers.antwerpen.be/viewer?var=dna_v4002_inw_knp_goed,stadincijfers.antwerpen.be,URLError,unreachable,2026-09-29
https://stadincijfers.antwerpen.be/viewer?var=dna_v4002_inw_knp_mat,stadincijfers.antwerpen.be,URLError,unreachable,2026-09-29
https://stadincijfers.antwerpen.be/viewer?var=dna_v4002_inw_knp_zgoed,stadincijfers.antwerpen.be,URLError,unreachable,2026-09-29
https://stadincijfers.antwerpen.be/viewer?var=dna_v4002_inw_vz_bep,stadincijfers.antwerpen.be,URLError,unreachable,2026-09-29
https://stadincijfers.antwerpen.be/viewer?var=dna_v4002_inw_vz_goed,stadincijfers.antwerpen.be,URLError,unreachable,2026-09-29
https://stadincijfers.antwerpen.be/viewer?var=dna_v4002_inw_vz_mat,stadincijfers.antwerpen.be,URLError,unreachable,2026-09-29
https://stadincijfers.antwerpen.be/viewer?var=dna_v4002_inw_vz_zgoed,stadincijfers.antwerpen.be,URLError,unreachable,2026-09-29
https://stadincijfers.antwerpen.be/viewer?var=dna_v5001_zorgprofiel_0_24_pd,stadincijfers.antwerpen.be,URLError,unreachable,2026-09-29
https://stadincijfers.antwerpen.be/viewer?var=dna_v5001_zorgprofiel_25_44_pd,stadincijfers.antwerpen.be,URLError,unreachable,2026-09-29
https://stadincijfers.antwerpen.be/viewer?var=dna_v5001_zorgprofiel_45_64_pd,stadincijfers.antwerpen.be,URLError,unreachable,2026-09-29
https://stadincijfers.antwerpen.be/viewer?var=dna_v5001_zorgprofiel_65_74_pd,stadincijfers.antwerpen.be,URLError,unreachable,2026-09-29
https://stadincijfers.antwerpen.be/viewer?var=dna_v5001_zorgprofiel_75p_pd,stadincijfers.antwerpen.be,URLError,unreachable,2026-09-29
https://stadincijfers.antwerpen.be/viewer?var=dna_v5001_zorgprofiel_m_pd,stadincijfers.antwerpen.be,URLError,unreachable,2026-09-29
https://stadincijfers.antwerpen.be/viewer?var=dna_v5001_zorgprofiel_pd,stadincijfers.antwerpen.be,URLError,unreachable,2026-09-29
https://stadincijfers.antwerpen.be/viewer?var=dna_v5001_zorgprofiel_v_pd,stadincijfers.antwerpen.be,URLError,unreachable,2026-09-29
https://stadincijfers.antwerpen.be/viewer?var=dna_vkubus2101_wagens_hh,stadincijfers.antwerpen.be,URLError,unreachable,2026-09-29
https://stadincijfers.antwerpen.be/viewer?var=dna_vp1102_sterfte,stadincijfers.antwerpen.be,URLError,unreachable,2026-09-29
https://stadincijfers.antwerpen.be/viewer?var=dna_vp1112_sterfte,stadincijfers.antwerpen.be,URLError,unreachable,2026-09-29
https://stadincijfers.antwerpen.be/viewer?var=dna_vp1112_sterfte_5jg,stadincijfers.antwerpen.be,URLError,unreachable,2026-09-29
https://stadincijfers.antwerpen.be/viewer?var=dna_vp1202_pendelintensiteit_in,stadincijfers.antwerpen.be,URLError,unreachable,2026-09-29
https://stadincijfers.antwerpen.be/viewer?var=dna_vp1202_pendelintensiteit_uit,stadincijfers.antwerpen.be,URLError,unreachable,2026-09-29
https://stadincijfers.antwerpen.be/viewer?var=dna_vp1591_bos,stadincijfers.antwerpen.be,URLError,unreachable,2026-09-29
https://stadincijfers.antwerpen.be/viewer?var=dna_vp1591_grasland,stadincijfers.antwerpen.be,URLError,unreachable,2026-09-29
https://stadincijfers.antwerpen.be/viewer?var=dna_vp1591_grasland_landbouw,stadincijfers.antwerpen.be,URLError,unreachable,2026-09-29
https://stadincijfers.antwerpen.be/viewer?var=dna_vp1591_huisvesting,stadincijfers.antwerpen.be,URLError,unreachable,2026-09-29
https://stadincijfers.antwerpen.be/viewer?var=dna_vp1591_moeras,stadincijfers.antwerpen.be,URLError,unreachable,2026-09-29
https://stadincijfers.antwerpen.be/viewer?var=dna_vp1591_opp_open_ruimte,stadincijfers.antwerpen.be,URLError,unreachable,2026-09-29
https://stadincijfers.antwerpen.be/viewer?var=dna_vp1591_opp_or_bos,stadincijfers.antwerpen.be,URLError,unreachable,2026-09-29
https://stadincijfers.antwerpen.be/viewer?var=dna_vp1591_opp_or_grasland,stadincijfers.antwerpen.be,URLError,unreachable,2026-09-29
https://stadincijfers.antwerpen.be/viewer?var=dna_vp1591_opp_or_grasland_landbouw,stadincijfers.antwerpen.be,URLError,unreachable,2026-09-29
https://stadincijfers.antwerpen.be/viewer?var=dna_vp1591_opp_or_moeras,stadincijfers.antwerpen.be,URLError,unreachable,2026-09-29
https://stadincijfers.antwerpen.be/viewer?var=dna_vp1591_opp_or_struikgewas,stadincijfers.antwerpen.be,URLError,unreachable,2026-09-29
https://stadincijfers.antwerpen.be/viewer?var=dna_vp1591_opp_or_water,stadincijfers.antwerpen.be,URLError,unreachable,2026-09-29
https://stadincijfers.antwerpen.be/viewer?var=dna_vp1591_opp_rb_recreatie,stadincijfers.antwerpen.be,URLError,unreachable,2026-09-29
https://stadincijfers.antwerpen.be/viewer?var=dna_vp1591_recreatie,stadincijfers.antwerpen.be,URLError,unreachable,2026-09-29
https://stadincijfers.antwerpen.be/viewer?var=dna_vp1591_struikgewas,stadincijfers.antwerpen.be,URLError,unreachable,2026-09-29
https://stadincijfers.antwerpen.be/viewer?var=dna_vp1591_water,stadincijfers.antwerpen.be,URLError,unreachable,2026-09-29
https://stadincijfers.antwerpen.be/viewer?var=dna_vp1592_verharding_in_rb_transport,stadincijfers.antwerpen.be,URLError,unreachable,2026-09-29
https://stadincijfers.antwerpen.be/viewer?var=dna_vp2101_hh_alleen,stadincijfers.antwerpen.be,URLError,unreachable,2026-09-29
https://stadincijfers.antwerpen.be/viewer?var=dna_vp2101_hh_andertype,stadincijfers.antwerpen.be,URLError,unreachable,2026-09-29
https://stadincijfers.antwerpen.be/viewer?var=dna_vp2101_hh_eenouder,stadincijfers.antwerpen.be,URLError,unreachable,2026-09-29
https://stadincijfers.antwerpen.be/viewer?var=dna_vp2101_hh_geenkind,stadincijfers.antwerpen.be,URLError,unreachable,2026-09-29
https://stadincijfers.antwerpen.be/viewer?var=dna_vp2101_hh_thuiskind,stadincijfers.antwerpen.be,URLError,unreachable,2026-09-29
https://stadincijfers.antwerpen.be/viewer?var=dna_vp2101_wagens,stadincijfers.antwerpen.be,URLError,unreachable,2026-09-29
https://stadincijfers.antwerpen.be/viewer?var=dna_vp2107_bs_10,stadincijfers.antwerpen.be,URLError,unreachable,2026-09-29
https://stadincijfers.antwerpen.be/viewer?var=dna_vp2107_bs_10_buiten,stadincijfers.antwerpen.be,URLError,unreachable,2026-09-29
https://stadincijfers.antwerpen.be/viewer?var=dna_vp2107_bs_5,stadincijfers.antwerpen.be,URLError,unreachable,2026-09-29
https://stadincijfers.antwerpen.be/viewer?var=dna_vp2107_bs_5_buiten,stadincijfers.antwerpen.be,URLError,unreachable,2026-09-29
https://stadincijfers.antwerpen.be/viewer?var=dna_vp2107_rh_10,stadincijfers.antwerpen.be,URLError,unreachable,2026-09-29
https://stadincijfers.antwerpen.be/viewer?var=dna_vp2107_rh_10_buiten,stadincijfers.antwerpen.be,URLError,unreachable,2026-09-29
https://stadincijfers.antwerpen.be/viewer?var=dna_vp2107_rh_5,stadincijfers.antwerpen.be,URLError,unreachable,2026-09-29
https://stadincijfers.antwerpen.be/viewer?var=dna_vp2107_rh_5_buiten,stadincijfers.antwerpen.be,URLError,unreachable,2026-09-29
https://stadincijfers.antwerpen.be/viewer?var=dna_vp2107_shpt_1000,stadincijfers.antwerpen.be,URLError,unreachable,2026-09-29
https://stadincijfers.antwerpen.be/viewer?var=dna_vp2107_shpt_1000_buiten,stadincijfers.antwerpen.be,URLError,unreachable,2026-09-29
https://stadincijfers.antwerpen.be/viewer?var=dna_vp2107_shpt_200,stadincijfers.antwerpen.be,URLError,unreachable,2026-09-29
https://stadincijfers.antwerpen.be/viewer?var=dna_vp2107_shpt_200_buiten,stadincijfers.antwerpen.be,URLError,unreachable,2026-09-29
https://stadincijfers.antwerpen.be/viewer?var=dna_vp2107_shpt_500,stadincijfers.antwerpen.be,URLError,unreachable,2026-09-29
https://stadincijfers.antwerpen.be/viewer?var=dna_vp2107_shpt_500_buiten,stadincijfers.antwerpen.be,URLError,unreachable,2026-09-29
https://stadincijfers.antwerpen.be/viewer?var=dna_vp2107_so_10,stadincijfers.antwerpen.be,URLError,unreachable,2026-09-29
https://stadincijfers.antwerpen.be/viewer?var=dna_vp2107_so_10_buiten,stadincijfers.antwerpen.be,URLError,unreachable,2026-09-29
https://stadincijfers.antwerpen.be/viewer?var=dna_vp2107_so_5_buiten,stadincijfers.antwerpen.be,URLError,unreachable,2026-09-29
https://stadincijfers.antwerpen.be/viewer?var=dna_vp2107_ss_10,stadincijfers.antwerpen.be,URLError,unreachable,2026-09-29
https://stadincijfers.antwerpen.be/viewer?var=dna_vp2107_ss_10_buiten,stadincijfers.antwerpen.be,URLError,unreachable,2026-09-29
https://stadincijfers.antwerpen.be/viewer?var=dna_vp2107_ss_5,stadincijfers.antwerpen.be,URLError,unreachable,2026-09-29
https://stadincijfers.antwerpen.be/viewer?var=dna_vp2107_ss_5_buiten,stadincijfers.antwerpen.be,URLError,unreachable,2026-09-29
https://stadincijfers.antwerpen.be/viewer?var=dna_vp2107_st_10,stadincijfers.antwerpen.be,URLError,unreachable,2026-09-29
https://stadincijfers.antwerpen.be/viewer?var=dna_vp2107_st_10_buiten,stadincijfers.antwerpen.be,URLError,unreachable,2026-09-29
https://stadincijfers.antwerpen.be/viewer?var=dna_vp2107_st_5,stadincijfers.antwerpen.be,URLError,unreachable,2026-09-29
https://stadincijfers.antwerpen.be/viewer?var=dna_vp2107_st_5_buiten,stadincijfers.antwerpen.be,URLError,unreachable,2026-09-29
https://stadincijfers.antwerpen.be/viewer?var=dna_vp2107_sw_1000,stadincijfers.antwerpen.be,URLError,unreachable,2026-09-29
https://stadincijfers.antwerpen.be/viewer?var=dna_vp2107_sw_1000_buiten,stadincijfers.antwerpen.be,URLError,unreachable,2026-09-29
https://stadincijfers.antwerpen.be/viewer?var=dna_vp2107_sw_200,stadincijfers.antwerpen.be,URLError,unreachable,2026-09-29
https://stadincijfers.antwerpen.be/viewer?var=dna_vp2107_sw_200_buiten,stadincijfers.antwerpen.be,URLError,unreachable,2026-09-29
https://stadincijfers.antwerpen.be/viewer?var=dna_vp2107_sw_500,stadincijfers.antwerpen.be,URLError,unreachable,2026-09-29
https://stadincijfers.antwerpen.be/viewer?var=dna_vp2107_sw_500_buiten,stadincijfers.antwerpen.be,URLError,unreachable,2026-09-29
https://stadincijfers.antwerpen.be/viewer?var=dna_vp2107_zh_10,stadincijfers.antwerpen.be,URLError,unreachable,2026-09-29
https://stadincijfers.antwerpen.be/viewer?var=dna_vp2107_zh_10_buiten,stadincijfers.antwerpen.be,URLError,unreachable,2026-09-29
https://stadincijfers.antwerpen.be/viewer?var=dna_vp2107_zh_5,stadincijfers.antwerpen.be,URLError,unreachable,2026-09-29
https://stadincijfers.antwerpen.be/viewer?var=dna_vp2107_zh_5_buiten,stadincijfers.antwerpen.be,URLError,unreachable,2026-09-29
https://stadincijfers.antwerpen.be/viewer?var=dna_vp2111_mot,stadincijfers.antwerpen.be,URLError,unreachable,2026-09-29
https://stadincijfers.antwerpen.be/viewer?var=dna_vp2111_motass,stadincijfers.antwerpen.be,URLError,unreachable,2026-09-29
https://stadincijfers.antwerpen.be/viewer?var=dna_vp2111_motassnot,stadincijfers.antwerpen.be,URLError,unreachable,2026-09-29
https://stadincijfers.antwerpen.be/viewer?var=dna_vp2111_motnot,stadincijfers.antwerpen.be,URLError,unreachable,2026-09-29
https://stadincijfers.antwerpen.be/viewer?var=dna_vp2111_vis,stadincijfers.antwerpen.be,URLError,unreachable,2026-09-29
https://stadincijfers.antwerpen.be/viewer?var=dna_vp2111_visnot,stadincijfers.antwerpen.be,URLError,unreachable,2026-09-29
https://stadincijfers.antwerpen.be/viewer?var=dna_vp2120_autoluw_ja,stadincijfers.antwerpen.be,URLError,unreachable,2026-09-29
https://stadincijfers.antwerpen.be/viewer?var=dna_vp2120_autoluw_nee,stadincijfers.antwerpen.be,URLError,unreachable,2026-09-29
https://stadincijfers.antwerpen.be/viewer?var=dna_vp2120_autoluw_onbekend,stadincijfers.antwerpen.be,URLError,unreachable,2026-09-29
https://stadincijfers.antwerpen.be/viewer?var=dna_vp2120_bewegwijzerd_ja,stadincijfers.antwerpen.be,URLError,unreachable,2026-09-29
https://stadincijfers.antwerpen.be/viewer?var=dna_vp2120_bewegwijzerd_nee,stadincijfers.antwerpen.be,URLError,unreachable,2026-09-29
https://stadincijfers.antwerpen.be/viewer?var=dna_vp2120_bewegwijzerd_onbekend,stadincijfers.antwerpen.be,URLError,unreachable,2026-09-29
https://stadincijfers.antwerpen.be/viewer?var=dna_vp2120_groepbefba_1,stadincijfers.antwerpen.be,URLError,unreachable,2026-09-29
https://stadincijfers.antwerpen.be/viewer?var=dna_vp2120_groepbefba_2,stadincijfers.antwerpen.be,URLError,unreachable,2026-09-29
https://stadincijfers.antwerpen.be/viewer?var=dna_vp2120_groepbefba_3,stadincijfers.antwerpen.be,URLError,unreachable,2026-09-29
https://stadincijfers.antwerpen.be/viewer?var=dna_vp2120_groepbefba_4,stadincijfers.antwerpen.be,URLError,unreachable,2026-09-29
https://stadincijfers.antwerpen.be/viewer?var=dna_vp2120_verlicht_ja,stadincijfers.antwerpen.be,URLError,unreachable,2026-09-29
https://stadincijfers.antwerpen.be/viewer?var=dna_vp2120_verlicht_nee,stadincijfers.antwerpen.be,URLError,unreachable,2026-09-29
https://stadincijfers.antwerpen.be/viewer?var=dna_vp2120_verlicht_onbekend,stadincijfers.antwerpen.be,URLError,unreachable,2026-09-29
https://stadincijfers.antwerpen.be/viewer?var=dna_vp2303_bbo_saldo,stadincijfers.antwerpen.be,URLError,unreachable,2026-09-29
https://stadincijfers.antwerpen.be/viewer?var=dna_vp2303_bko_saldo,stadincijfers.antwerpen.be,URLError,unreachable,2026-09-29
https://stadincijfers.antwerpen.be/viewer?var=dna_vp2303_blo_saldo,stadincijfers.antwerpen.be,URLError,unreachable,2026-09-29
https://stadincijfers.antwerpen.be/viewer?var=dna_vp2303_gko_saldo,stadincijfers.antwerpen.be,URLError,unreachable,2026-09-29
https://stadincijfers.antwerpen.be/viewer?var=dna_vp2303_glo_saldo,stadincijfers.antwerpen.be,URLError,unreachable,2026-09-29
https://stadincijfers.antwerpen.be/viewer?var=dna_vp2303_ko_saldo,stadincijfers.antwerpen.be,URLError,unreachable,2026-09-29
https://stadincijfers.antwerpen.be/viewer?var=dna_vp2303_lo_saldo,stadincijfers.antwerpen.be,URLError,unreachable,2026-09-29
https://stadincijfers.antwerpen.be/viewer?var=dna_vp2303_so_saldo,stadincijfers.antwerpen.be,URLError,unreachable,2026-09-29
https://stadincijfers.antwerpen.be/viewer?var=dna_vp2530_opp_eval_wvnat,stadincijfers.antwerpen.be,URLError,unreachable,2026-09-29
https://stadincijfers.antwerpen.be/viewer?var=dna_vp2530_opp_ivon_nvwg_tovot,stadincijfers.antwerpen.be,URLError,unreachable,2026-09-29
https://stadincijfers.antwerpen.be/viewer?var=dna_vp2531_opp_bomen_tot,stadincijfers.antwerpen.be,URLError,unreachable,2026-09-29
https://stadincijfers.antwerpen.be/viewer?var=dna_vp2531_opp_groen_groennorm,stadincijfers.antwerpen.be,URLError,unreachable,2026-09-29
https://stadincijfers.antwerpen.be/viewer?var=dna_vp2531_opp_groenlb,stadincijfers.antwerpen.be,URLError,unreachable,2026-09-29
https://stadincijfers.antwerpen.be/viewer?var=dna_vp2531_opp_struiken_tot,stadincijfers.antwerpen.be,URLError,unreachable,2026-09-29
https://stadincijfers.antwerpen.be/viewer?var=dna_vp2532_opp_babr_tovot,stadincijfers.antwerpen.be,URLError,unreachable,2026-09-29
https://stadincijfers.antwerpen.be/viewer?var=dna_vp2532_opp_banr_tovot,stadincijfers.antwerpen.be,URLError,unreachable,2026-09-29
https://stadincijfers.antwerpen.be/viewer?var=dna_vp2532_opp_bbbp_tovot,stadincijfers.antwerpen.be,URLError,unreachable,2026-09-29
https://stadincijfers.antwerpen.be/viewer?var=dna_vp2532_opp_bebr_tovot,stadincijfers.antwerpen.be,URLError,unreachable,2026-09-29
https://stadincijfers.antwerpen.be/viewer?var=dna_vp2532_opp_benr_tovot,stadincijfers.antwerpen.be,URLError,unreachable,2026-09-29
https://stadincijfers.antwerpen.be/viewer?var=dna_vp2532_opp_hpgb_tovot,stadincijfers.antwerpen.be,URLError,unreachable,2026-09-29
https://stadincijfers.antwerpen.be/viewer?var=dna_vp2532_opp_natuurbeheer_tovot,stadincijfers.antwerpen.be,URLError,unreachable,2026-09-29
https://stadincijfers.antwerpen.be/viewer?var=dna_vp2532_opp_nbp_totaal_tovot,stadincijfers.antwerpen.be,URLError,unreachable,2026-09-29
https://stadincijfers.antwerpen.be/viewer?var=dna_vp2532_opp_nbp_type1_tovot,stadincijfers.antwerpen.be,URLError,unreachable,2026-09-29
https://stadincijfers.antwerpen.be/viewer?var=dna_vp2532_opp_nbp_type2_tovot,stadincijfers.antwerpen.be,URLError,unreachable,2026-09-29
https://stadincijfers.antwerpen.be/viewer?var=dna_vp2532_opp_nbp_type3_tovot,stadincijfers.antwerpen.be,URLError,unreachable,2026-09-29
https://stadincijfers.antwerpen.be/viewer?var=dna_vp2532_opp_nbp_type4_tovot,stadincijfers.antwerpen.be,URLError,unreachable,2026-09-29
https://stadincijfers.antwerpen.be/viewer?var=dna_vp2532_opp_ubbp_tovot,stadincijfers.antwerpen.be,URLError,unreachable,2026-09-29
https://stadincijfers.antwerpen.be/viewer?var=dna_vp2534_speelzone,stadincijfers.antwerpen.be,URLError,unreachable,2026-09-29
https://stadincijfers.antwerpen.be/viewer?var=dna_vp2534_speelzone_permanent,stadincijfers.antwerpen.be,URLError,unreachable,2026-09-29
https://stadincijfers.antwerpen.be/viewer?var=dna_vp2534_speelzone_zomer,stadincijfers.antwerpen.be,URLError,unreachable,2026-09-29
https://stadincijfers.antwerpen.be/viewer?var=dna_vp2536_beheer_akkerwei,stadincijfers.antwerpen.be,URLError,unreachable,2026-09-29
https://stadincijfers.antwerpen.be/viewer?var=dna_vp2540_buurtgroen_inw,stadincijfers.antwerpen.be,URLError,unreachable,2026-09-29
https://stadincijfers.antwerpen.be/viewer?var=dna_vp2540_buurtgroen_opp,stadincijfers.antwerpen.be,URLError,unreachable,2026-09-29
https://stadincijfers.antwerpen.be/viewer?var=dna_vp2540_stadsbos_inw,stadincijfers.antwerpen.be,URLError,unreachable,2026-09-29
https://stadincijfers.antwerpen.be/viewer?var=dna_vp2540_stadsbos_opp,stadincijfers.antwerpen.be,URLError,unreachable,2026-09-29
https://stadincijfers.antwerpen.be/viewer?var=dna_vp2540_stadsdeelgroen_inw,stadincijfers.antwerpen.be,URLError,unreachable,2026-09-29
https://stadincijfers.antwerpen.be/viewer?var=dna_vp2540_stadsdeelgroen_opp,stadincijfers.antwerpen.be,URLError,unreachable,2026-09-29
https://stadincijfers.antwerpen.be/viewer?var=dna_vp2540_stadsdeelgroen_opp_statsec,stadincijfers.antwerpen.be,URLError,unreachable,2026-09-29
https://stadincijfers.antwerpen.be/viewer?var=dna_vp2540_stadsgroen_inw,stadincijfers.antwerpen.be,URLError,unreachable,2026-09-29
https://stadincijfers.antwerpen.be/viewer?var=dna_vp2540_stadsgroen_opp,stadincijfers.antwerpen.be,URLError,unreachable,2026-09-29
https://stadincijfers.antwerpen.be/viewer?var=dna_vp2540_wijkgroen_inw,stadincijfers.antwerpen.be,URLError,unreachable,2026-09-29
https://stadincijfers.antwerpen.be/viewer?var=dna_vp2540_wijkgroen_opp,stadincijfers.antwerpen.be,URLError,unreachable,2026-09-29
https://stadincijfers.antwerpen.be/viewer?var=dna_vp2561_ruimte_natuurbeleving_weg_2,stadincijfers.antwerpen.be,URLError,unreachable,2026-09-29
https://stadincijfers.antwerpen.be/viewer?var=dna_vp2561_ruimte_natuurbeleving_weg_3,stadincijfers.antwerpen.be,URLError,unreachable,2026-09-29
https://stadincijfers.antwerpen.be/viewer?var=dna_vp2561_ruimte_natuurbeleving_weg_4,stadincijfers.antwerpen.be,URLError,unreachable,2026-09-29
https://stadincijfers.antwerpen.be/viewer?var=dna_vp2561_ruimte_natuurbeleving_weg_5,stadincijfers.antwerpen.be,URLError,unreachable,2026-09-29
https://stadincijfers.antwerpen.be/viewer?var=dna_vp2561_ruimte_natuurbeleving_weg_6,stadincijfers.antwerpen.be,URLError,unreachable,2026-09-29
https://stadincijfers.antwerpen.be/viewer?var=dna_vp2606_fnw_afst,stadincijfers.antwerpen.be,URLError,unreachable,2026-09-29
https://stadincijfers.antwerpen.be/viewer?var=dna_vp2606_fnw_afst_inw,stadincijfers.antwerpen.be,URLError,unreachable,2026-09-29
https://stadincijfers.antwerpen.be/viewer?var=dna_vp2606_fnw_knppnt,stadincijfers.antwerpen.be,URLError,unreachable,2026-09-29
https://stadincijfers.antwerpen.be/viewer?var=dna_vp2712_grasland_1,stadincijfers.antwerpen.be,URLError,unreachable,2026-09-29
https://stadincijfers.antwerpen.be/viewer?var=dna_vp2712_grasland_1_landb,stadincijfers.antwerpen.be,URLError,unreachable,2026-09-29
https://stadincijfers.antwerpen.be/viewer?var=dna_vp2801_vh_ds_gewnowap,stadincijfers.antwerpen.be,URLError,unreachable,2026-09-29
https://stadincijfers.antwerpen.be/viewer?var=dna_vp2801_vh_ds_wap,stadincijfers.antwerpen.be,URLError,unreachable,2026-09-29
https://stadincijfers.antwerpen.be/viewer?var=dna_vp2802_autosnelweg,stadincijfers.antwerpen.be,URLError,unreachable,2026-09-29
https://stadincijfers.antwerpen.be/viewer?var=dna_vp2802_bebouwdekom_ja,stadincijfers.antwerpen.be,URLError,unreachable,2026-09-29
https://stadincijfers.antwerpen.be/viewer?var=dna_vp2802_bebouwdekom_nee,stadincijfers.antwerpen.be,URLError,unreachable,2026-09-29
https://stadincijfers.antwerpen.be/viewer?var=dna_vp2802_bebouwdekom_onbekend,stadincijfers.antwerpen.be,URLError,unreachable,2026-09-29
https://stadincijfers.antwerpen.be/viewer?var=dna_vp2802_dag,stadincijfers.antwerpen.be,URLError,unreachable,2026-09-29
https://stadincijfers.antwerpen.be/viewer?var=dna_vp2802_dageraadschemering,stadincijfers.antwerpen.be,URLError,unreachable,2026-09-29
https://stadincijfers.antwerpen.be/viewer?var=dna_vp2802_dodelijkgewond,stadincijfers.antwerpen.be,URLError,unreachable,2026-09-29
https://stadincijfers.antwerpen.be/viewer?var=dna_vp2802_dood,stadincijfers.antwerpen.be,URLError,unreachable,2026-09-29
https://stadincijfers.antwerpen.be/viewer?var=dna_vp2802_gemeenteweg,stadincijfers.antwerpen.be,URLError,unreachable,2026-09-29
https://stadincijfers.antwerpen.be/viewer?var=dna_vp2802_gewestweg,stadincijfers.antwerpen.be,URLError,unreachable,2026-09-29
https://stadincijfers.antwerpen.be/viewer?var=dna_vp2802_kruispunt_ja,stadincijfers.antwerpen.be,URLError,unreachable,2026-09-29
https://stadincijfers.antwerpen.be/viewer?var=dna_vp2802_kruispunt_nee,stadincijfers.antwerpen.be,URLError,unreachable,2026-09-29
https://stadincijfers.antwerpen.be/viewer?var=dna_vp2802_kruispunt_onbekend,stadincijfers.antwerpen.be,URLError,unreachable,2026-09-29
https://stadincijfers.antwerpen.be/viewer?var=dna_vp2802_licht_onbekend,stadincijfers.antwerpen.be,URLError,unreachable,2026-09-29
https://stadincijfers.antwerpen.be/viewer?var=dna_vp2802_lichtgewond,stadincijfers.antwerpen.be,URLError,unreachable,2026-09-29
https://stadincijfers.antwerpen.be/viewer?var=dna_vp2802_nachtgeenlicht,stadincijfers.antwerpen.be,URLError,unreachable,2026-09-29
https://stadincijfers.antwerpen.be/viewer?var=dna_vp2802_nachtlicht,stadincijfers.antwerpen.be,URLError,unreachable,2026-09-29
https://stadincijfers.antwerpen.be/viewer?var=dna_vp2802_so_onbekend,stadincijfers.antwerpen.be,URLError,unreachable,2026-09-29
https://stadincijfers.antwerpen.be/viewer?var=dna_vp2802_t,stadincijfers.antwerpen.be,URLError,unreachable,2026-09-29
https://stadincijfers.antwerpen.be/viewer?var=dna_vp2802_vh_ver_auto,stadincijfers.antwerpen.be,URLError,unreachable,2026-09-29
https://stadincijfers.antwerpen.be/viewer?var=dna_vp2802_vh_ver_bus,stadincijfers.antwerpen.be,URLError,unreachable,2026-09-29
https://stadincijfers.antwerpen.be/viewer?var=dna_vp2802_vh_ver_do,stadincijfers.antwerpen.be,URLError,unreachable,2026-09-29
https://stadincijfers.antwerpen.be/viewer?var=dna_vp2802_vh_ver_do_aant,stadincijfers.antwerpen.be,URLError,unreachable,2026-09-29
https://stadincijfers.antwerpen.be/viewer?var=dna_vp2802_vh_ver_do_zgw,stadincijfers.antwerpen.be,URLError,unreachable,2026-09-29
https://stadincijfers.antwerpen.be/viewer?var=dna_vp2802_vh_ver_fiets,stadincijfers.antwerpen.be,URLError,unreachable,2026-09-29
https://stadincijfers.antwerpen.be/viewer?var=dna_vp2802_vh_ver_lgw,stadincijfers.antwerpen.be,URLError,unreachable,2026-09-29
https://stadincijfers.antwerpen.be/viewer?var=dna_vp2802_vh_ver_lgw_aant,stadincijfers.antwerpen.be,URLError,unreachable,2026-09-29
https://stadincijfers.antwerpen.be/viewer?var=dna_vp2802_vh_ver_ongeval,stadincijfers.antwerpen.be,URLError,unreachable,2026-09-29
https://stadincijfers.antwerpen.be/viewer?var=dna_vp2802_vh_ver_tot_so,stadincijfers.antwerpen.be,URLError,unreachable,2026-09-29
https://stadincijfers.antwerpen.be/viewer?var=dna_vp2802_vh_ver_zgw,stadincijfers.antwerpen.be,URLError,unreachable,2026-09-29
https://stadincijfers.antwerpen.be/viewer?var=dna_vp2802_vh_ver_zgw_aant,stadincijfers.antwerpen.be,URLError,unreachable,2026-09-29
https://stadincijfers.antwerpen.be/viewer?var=dna_vp2802_weg_onbekend,stadincijfers.antwerpen.be,URLError,unreachable,2026-09-29
https://stadincijfers.antwerpen.be/viewer?var=dna_vp2802_wg1_andere,stadincijfers.antwerpen.be,URLError,unreachable,2026-09-29
https://stadincijfers.antwerpen.be/viewer?var=dna_vp2802_wg1_auto,stadincijfers.antwerpen.be,URLError,unreachable,2026-09-29
https://stadincijfers.antwerpen.be/viewer?var=dna_vp2802_wg1_bromfiets,stadincijfers.antwerpen.be,URLError,unreachable,2026-09-29
https://stadincijfers.antwerpen.be/viewer?var=dna_vp2802_wg1_bus,stadincijfers.antwerpen.be,URLError,unreachable,2026-09-29
https://stadincijfers.antwerpen.be/viewer?var=dna_vp2802_wg1_fiets,stadincijfers.antwerpen.be,URLError,unreachable,2026-09-29
https://stadincijfers.antwerpen.be/viewer?var=dna_vp2802_wg1_motor,stadincijfers.antwerpen.be,URLError,unreachable,2026-09-29
https://stadincijfers.antwerpen.be/viewer?var=dna_vp2802_wg1_onbekend,stadincijfers.antwerpen.be,URLError,unreachable,2026-09-29
https://stadincijfers.antwerpen.be/viewer?var=dna_vp2802_wg1_voet,stadincijfers.antwerpen.be,URLError,unreachable,2026-09-29
https://stadincijfers.antwerpen.be/viewer?var=dna_vp2802_wg1_vracht,stadincijfers.antwerpen.be,URLError,unreachable,2026-09-29
https://stadincijfers.antwerpen.be/viewer?var=dna_vp2802_wg1_vrachtlicht,stadincijfers.antwerpen.be,URLError,unreachable,2026-09-29
https://stadincijfers.antwerpen.be/viewer?var=dna_vp2802_wg2_andere,stadincijfers.antwerpen.be,URLError,unreachable,2026-09-29
https://stadincijfers.antwerpen.be/viewer?var=dna_vp2802_wg2_auto,stadincijfers.antwerpen.be,URLError,unreachable,2026-09-29
https://stadincijfers.antwerpen.be/viewer?var=dna_vp2802_wg2_bromfiets,stadincijfers.antwerpen.be,URLError,unreachable,2026-09-29
https://stadincijfers.antwerpen.be/viewer?var=dna_vp2802_wg2_bus,stadincijfers.antwerpen.be,URLError,unreachable,2026-09-29
https://stadincijfers.antwerpen.be/viewer?var=dna_vp2802_wg2_fiets,stadincijfers.antwerpen.be,URLError,unreachable,2026-09-29
https://stadincijfers.antwerpen.be/viewer?var=dna_vp2802_wg2_motor,stadincijfers.antwerpen.be,URLError,unreachable,2026-09-29
https://stadincijfers.antwerpen.be/viewer?var=dna_vp2802_wg2_onbekend,stadincijfers.antwerpen.be,URLError,unreachable,2026-09-29
https://stadincijfers.antwerpen.be/viewer?var=dna_vp2802_wg2_voet,stadincijfers.antwerpen.be,URLError,unreachable,2026-09-29
https://stadincijfers.antwerpen.be/viewer?var=dna_vp2802_wg2_vracht,stadincijfers.antwerpen.be,URLError,unreachable,2026-09-29
https://stadincijfers.antwerpen.be/viewer?var=dna_vp2802_wg2_vrachtlicht,stadincijfers.antwerpen.be,URLError,unreachable,2026-09-29
https://stadincijfers.antwerpen.be/viewer?var=dna_vp2802_wgtot_andere_onbekend,stadincijfers.antwerpen.be,URLError,unreachable,2026-09-29
https://stadincijfers.antwerpen.be/viewer?var=dna_vp2802_wgtot_auto,stadincijfers.antwerpen.be,URLError,unreachable,2026-09-29
https://stadincijfers.antwerpen.be/viewer?var=dna_vp2802_wgtot_bromfiets,stadincijfers.antwerpen.be,URLError,unreachable,2026-09-29
https://stadincijfers.antwerpen.be/viewer?var=dna_vp2802_wgtot_bus,stadincijfers.antwerpen.be,URLError,unreachable,2026-09-29
https://stadincijfers.antwerpen.be/viewer?var=dna_vp2802_wgtot_fiets,stadincijfers.antwerpen.be,URLError,unreachable,2026-09-29
https://stadincijfers.antwerpen.be/viewer?var=dna_vp2802_wgtot_motor,stadincijfers.antwerpen.be,URLError,unreachable,2026-09-29
https://stadincijfers.antwerpen.be/viewer?var=dna_vp2802_wgtot_voet,stadincijfers.antwerpen.be,URLError,unreachable,2026-09-29
https://stadincijfers.antwerpen.be/viewer?var=dna_vp2802_wgtot_vracht,stadincijfers.antwerpen.be,URLError,unreachable,2026-09-29
https://stadincijfers.antwerpen.be/viewer?var=dna_vp2802_wgtot_vrachtlicht,stadincijfers.antwerpen.be,URLError,unreachable,2026-09-29
https://stadincijfers.antwerpen.be/viewer?var=dna_vp2802_zwaargewond,stadincijfers.antwerpen.be,URLError,unreachable,2026-09-29
https://stadincijfers.antwerpen.be/viewer?var=dna_vp2803_andere,stadincijfers.antwerpen.be,URLError,unreachable,2026-09-29
https://stadincijfers.antwerpen.be/viewer?var=dna_vp2803_insch,stadincijfers.antwerpen.be,URLError,unreachable,2026-09-29
https://stadincijfers.antwerpen.be/viewer?var=dna_vp2803_onbekend,stadincijfers.antwerpen.be,URLError,unreachable,2026-09-29
https://stadincijfers.antwerpen.be/viewer?var=dna_vp2803_snel,stadincijfers.antwerpen.be,URLError,unreachable,2026-09-29
https://stadincijfers.antwerpen.be/viewer?var=dna_vp2803_wegcode_rest,stadincijfers.antwerpen.be,URLError,unreachable,2026-09-29
https://stadincijfers.antwerpen.be/viewer?var=dna_vp2803_zwaar,stadincijfers.antwerpen.be,URLError,unreachable,2026-09-29
https://stadincijfers.antwerpen.be/viewer?var=dna_vp2902_opp_bchl,stadincijfers.antwerpen.be,URLError,unreachable,2026-09-29
https://stadincijfers.antwerpen.be/viewer?var=dna_vp4001_rbh_bos,stadincijfers.antwerpen.be,URLError,unreachable,2026-09-29
https://stadincijfers.antwerpen.be/viewer?var=dna_vp4001_rbh_groen_t,stadincijfers.antwerpen.be,URLError,unreachable,2026-09-29
https://stadincijfers.antwerpen.be/viewer?var=dna_vp4001_rbh_natuur,stadincijfers.antwerpen.be,URLError,unreachable,2026-09-29
https://stadincijfers.antwerpen.be/viewer?var=dna_vp4001_rbh_overig_groen,stadincijfers.antwerpen.be,URLError,unreachable,2026-09-29
https://stadincijfers.antwerpen.be/viewer?var=dna_vp4001_rbh_overig_groen_met_rb,stadincijfers.antwerpen.be,URLError,unreachable,2026-09-29
https://stadincijfers.antwerpen.be/viewer?var=dna_vp4001_rbh_recreatie,stadincijfers.antwerpen.be,URLError,unreachable,2026-09-29
https://stadincijfers.antwerpen.be/viewer?var=dna_vp4001_rbh_recreatie_met_rb,stadincijfers.antwerpen.be,URLError,unreachable,2026-09-29
https://stadincijfers.antwerpen.be/viewer?var=dna_vp4002_hh_knp_bep,stadincijfers.antwerpen.be,URLError,unreachable,2026-09-29
https://stadincijfers.antwerpen.be/viewer?var=dna_vp4002_hh_knp_goed,stadincijfers.antwerpen.be,URLError,unreachable,2026-09-29
https://stadincijfers.antwerpen.be/viewer?var=dna_vp4002_hh_knp_mat,stadincijfers.antwerpen.be,URLError,unreachable,2026-09-29
https://stadincijfers.antwerpen.be/viewer?var=dna_vp4002_hh_knp_zgoed,stadincijfers.antwerpen.be,URLError,unreachable,2026-09-29
https://stadincijfers.antwerpen.be/viewer?var=dna_vp4002_hh_vz_bep,stadincijfers.antwerpen.be,URLError,unreachable,2026-09-29
https://stadincijfers.antwerpen.be/viewer?var=dna_vp4002_hh_vz_goed,stadincijfers.antwerpen.be,URLError,unreachable,2026-09-29
https://stadincijfers.antwerpen.be/viewer?var=dna_vp4002_hh_vz_mat,stadincijfers.antwerpen.be,URLError,unreachable,2026-09-29
https://stadincijfers.antwerpen.be/viewer?var=dna_vp4002_hh_vz_zgoed,stadincijfers.antwerpen.be,URLError,unreachable,2026-09-29
https://stadincijfers.antwerpen.be/viewer?var=dna_vp4002_inw_knp_bep,stadincijfers.antwerpen.be,URLError,unreachable,2026-09-29
https://stadincijfers.antwerpen.be/viewer?var=dna_vp4002_inw_knp_goed,stadincijfers.antwerpen.be,URLError,unreachable,2026-09-29
https://stadincijfers.antwerpen.be/viewer?var=dna_vp4002_inw_knp_mat,stadincijfers.antwerpen.be,URLError,unreachable,2026-09-29
https://stadincijfers.antwerpen.be/viewer?var=dna_vp4002_inw_knp_zgoed,stadincijfers.antwerpen.be,URLError,unreachable,2026-09-29
https://stadincijfers.antwerpen.be/viewer?var=dna_vp4002_inw_vz_bep,stadincijfers.antwerpen.be,URLError,unreachable,2026-09-29
https://stadincijfers.antwerpen.be/viewer?var=dna_vp4002_inw_vz_goed,stadincijfers.antwerpen.be,URLError,unreachable,2026-09-29
https://stadincijfers.antwerpen.be/viewer?var=dna_vp4002_inw_vz_mat,stadincijfers.antwerpen.be,URLError,unreachable,2026-09-29
https://stadincijfers.antwerpen.be/viewer?var=dna_vp4002_inw_vz_zgoed,stadincijfers.antwerpen.be,URLError,unreachable,2026-09-29
https://stadincijfers.antwerpen.be/viewer?var=draagkracht_speelterreinen,stadincijfers.antwerpen.be,URLError,unreachable,2026-09-29
https://stadincijfers.antwerpen.be/viewer?var=e_veib_rf_re,stadincijfers.antwerpen.be,URLError,unreachable,2026-09-29
https://stadincijfers.antwerpen.be/viewer?var=education_impact,stadincijfers.antwerpen.be,URLError,unreachable,2026-09-29
https://stadincijfers.antwerpen.be/viewer?var=education_pheno,stadincijfers.antwerpen.be,URLError,unreachable,2026-09-29
https://stadincijfers.antwerpen.be/viewer?var=elekfiets_pct,stadincijfers.antwerpen.be,URLError,unreachable,2026-09-29
https://stadincijfers.antwerpen.be/viewer?var=estep_pct,stadincijfers.antwerpen.be,URLError,unreachable,2026-09-29
https://stadincijfers.antwerpen.be/viewer?var=f_h_12,stadincijfers.antwerpen.be,URLError,unreachable,2026-09-29
https://stadincijfers.antwerpen.be/viewer?var=f_z_3,stadincijfers.antwerpen.be,URLError,unreachable,2026-09-29
https://stadincijfers.antwerpen.be/viewer?var=fd_gas_netheid_stadshaven_standaard,stadincijfers.antwerpen.be,URLError,unreachable,2026-09-29
https://stadincijfers.antwerpen.be/viewer?var=fd_gas_or_lachgas,stadincijfers.antwerpen.be,URLError,unreachable,2026-09-29
https://stadincijfers.antwerpen.be/viewer?var=fd_gas_or_obstakels_ntverplicht_gevel,stadincijfers.antwerpen.be,URLError,unreachable,2026-09-29
https://stadincijfers.antwerpen.be/viewer?var=fd_gas_or_sluitingsuur_openbare,stadincijfers.antwerpen.be,URLError,unreachable,2026-09-29
https://stadincijfers.antwerpen.be/viewer?var=fd_gas_rust,stadincijfers.antwerpen.be,URLError,unreachable,2026-09-29
https://stadincijfers.antwerpen.be/viewer?var=fd_gas_veiligheid,stadincijfers.antwerpen.be,URLError,unreachable,2026-09-29
https://stadincijfers.antwerpen.be/viewer?var=fd_gas_veiligheid_geweld,stadincijfers.antwerpen.be,URLError,unreachable,2026-09-29
https://stadincijfers.antwerpen.be/viewer?var=fd_gas_veiligheid_geweld_standaard,stadincijfers.antwerpen.be,URLError,unreachable,2026-09-29
https://stadincijfers.antwerpen.be/viewer?var=fd_gas_veiligheid_stallen_fietsen,stadincijfers.antwerpen.be,URLError,unreachable,2026-09-29
https://stadincijfers.antwerpen.be/viewer?var=fd_gas_veiligheid_voorzorg_recrea_ontspanningsgeb,stadincijfers.antwerpen.be,URLError,unreachable,2026-09-29
https://stadincijfers.antwerpen.be/viewer?var=fd_gas_veiligheid_voorzorg_recrea_paardrijden,stadincijfers.antwerpen.be,URLError,unreachable,2026-09-29
https://stadincijfers.antwerpen.be/viewer?var=fd_gas_veiligheid_voorzorg_recrea_sportacco,stadincijfers.antwerpen.be,URLError,unreachable,2026-09-29
https://stadincijfers.antwerpen.be/viewer?var=feitbev_2,stadincijfers.antwerpen.be,URLError,unreachable,2026-09-29
https://stadincijfers.antwerpen.be/viewer?var=feitbev_2a,stadincijfers.antwerpen.be,URLError,unreachable,2026-09-29
https://stadincijfers.antwerpen.be/viewer?var=feitbev_5d0,stadincijfers.antwerpen.be,URLError,unreachable,2026-09-29
https://stadincijfers.antwerpen.be/viewer?var=feitdens_2,stadincijfers.antwerpen.be,URLError,unreachable,2026-09-29
https://stadincijfers.antwerpen.be/viewer?var=feitdens_2a,stadincijfers.antwerpen.be,URLError,unreachable,2026-09-29
https://stadincijfers.antwerpen.be/viewer?var=feitdens_2c,stadincijfers.antwerpen.be,URLError,unreachable,2026-09-29
https://stadincijfers.antwerpen.be/viewer?var=feitdens_5a2,stadincijfers.antwerpen.be,URLError,unreachable,2026-09-29
https://stadincijfers.antwerpen.be/viewer?var=feitdens_5b2,stadincijfers.antwerpen.be,URLError,unreachable,2026-09-29
https://stadincijfers.antwerpen.be/viewer?var=feitdens_5d0,stadincijfers.antwerpen.be,URLError,unreachable,2026-09-29
https://stadincijfers.antwerpen.be/viewer?var=fiets_tot_pct,stadincijfers.antwerpen.be,URLError,unreachable,2026-09-29
https://stadincijfers.antwerpen.be/viewer?var=filelast,stadincijfers.antwerpen.be,URLError,unreachable,2026-09-29
https://stadincijfers.antwerpen.be/viewer?var=filelast_flex,stadincijfers.antwerpen.be,URLError,unreachable,2026-09-29
https://stadincijfers.antwerpen.be/viewer?var=filelast_flex_pct,stadincijfers.antwerpen.be,URLError,unreachable,2026-09-29
https://stadincijfers.antwerpen.be/viewer?var=filelast_ntspits,stadincijfers.antwerpen.be,URLError,unreachable,2026-09-29
https://stadincijfers.antwerpen.be/viewer?var=filelast_ntspits_pct,stadincijfers.antwerpen.be,URLError,unreachable,2026-09-29
https://stadincijfers.antwerpen.be/viewer?var=filelast_pct,stadincijfers.antwerpen.be,URLError,unreachable,2026-09-29
https://stadincijfers.antwerpen.be/viewer?var=filelast_spits,stadincijfers.antwerpen.be,URLError,unreachable,2026-09-29
https://stadincijfers.antwerpen.be/viewer?var=filelast_spits_pct,stadincijfers.antwerpen.be,URLError,unreachable,2026-09-29
https://stadincijfers.antwerpen.be/viewer?var=filelast_variab,stadincijfers.antwerpen.be,URLError,unreachable,2026-09-29
https://stadincijfers.antwerpen.be/viewer?var=filelast_variab_pct,stadincijfers.antwerpen.be,URLError,unreachable,2026-09-29
https://stadincijfers.antwerpen.be/viewer?var=gas_netheid_stadshaven_standaard,stadincijfers.antwerpen.be,URLError,unreachable,2026-09-29
https://stadincijfers.antwerpen.be/viewer?var=gas_or_lachgas,stadincijfers.antwerpen.be,URLError,unreachable,2026-09-29
https://stadincijfers.antwerpen.be/viewer?var=gas_or_obstakels_ntverplicht_gevel,stadincijfers.antwerpen.be,URLError,unreachable,2026-09-29
https://stadincijfers.antwerpen.be/viewer?var=gas_or_sluitingsuur_openbare,stadincijfers.antwerpen.be,URLError,unreachable,2026-09-29
https://stadincijfers.antwerpen.be/viewer?var=gas_rust,stadincijfers.antwerpen.be,URLError,unreachable,2026-09-29
https://stadincijfers.antwerpen.be/viewer?var=gas_veiligheid,stadincijfers.antwerpen.be,URLError,unreachable,2026-09-29
https://stadincijfers.antwerpen.be/viewer?var=gas_veiligheid_geweld,stadincijfers.antwerpen.be,URLError,unreachable,2026-09-29
https://stadincijfers.antwerpen.be/viewer?var=gas_veiligheid_geweld_standaard,stadincijfers.antwerpen.be,URLError,unreachable,2026-09-29
https://stadincijfers.antwerpen.be/viewer?var=gas_veiligheid_openbare_ruimte_standaard,stadincijfers.antwerpen.be,URLError,unreachable,2026-09-29
https://stadincijfers.antwerpen.be/viewer?var=gas_veiligheid_stallen_fietsen,stadincijfers.antwerpen.be,URLError,unreachable,2026-09-29
https://stadincijfers.antwerpen.be/viewer?var=gas_veiligheid_voorzorg_recrea_ontspanningsgeb,stadincijfers.antwerpen.be,URLError,unreachable,2026-09-29
https://stadincijfers.antwerpen.be/viewer?var=gas_veiligheid_voorzorg_recrea_paardrijden,stadincijfers.antwerpen.be,URLError,unreachable,2026-09-29
https://stadincijfers.antwerpen.be/viewer?var=gas_veiligheid_voorzorg_recrea_sportacco,stadincijfers.antwerpen.be,URLError,unreachable,2026-09-29
https://stadincijfers.antwerpen.be/viewer?var=gas_veiligheid_voorzorg_recrea_wateractiviteit,stadincijfers.antwerpen.be,URLError,unreachable,2026-09-29
https://stadincijfers.antwerpen.be/viewer?var=gaw_boven20_no2,stadincijfers.antwerpen.be,URLError,unreachable,2026-09-29
https://stadincijfers.antwerpen.be/viewer?var=gaw_bovennorm_no2,stadincijfers.antwerpen.be,URLError,unreachable,2026-09-29
https://stadincijfers.antwerpen.be/viewer?var=gem_jaarconcentratie_no2,stadincijfers.antwerpen.be,URLError,unreachable,2026-09-29
https://stadincijfers.antwerpen.be/viewer?var=gem_jaarconcentratie_pm2_5,stadincijfers.antwerpen.be,URLError,unreachable,2026-09-29
https://stadincijfers.antwerpen.be/viewer?var=gem_opp_bouwblok,stadincijfers.antwerpen.be,URLError,unreachable,2026-09-29
https://stadincijfers.antwerpen.be/viewer?var=gem_opp_hondenloopzone,stadincijfers.antwerpen.be,URLError,unreachable,2026-09-29
https://stadincijfers.antwerpen.be/viewer?var=gem_opp_speelterrein,stadincijfers.antwerpen.be,URLError,unreachable,2026-09-29
https://stadincijfers.antwerpen.be/viewer?var=gem_opp_volkstuin,stadincijfers.antwerpen.be,URLError,unreachable,2026-09-29
https://stadincijfers.antwerpen.be/viewer?var=gem_prc_bereik_beb_buurtvoorz,stadincijfers.antwerpen.be,URLError,unreachable,2026-09-29
https://stadincijfers.antwerpen.be/viewer?var=gem_prc_bereik_beb_sdvoorz,stadincijfers.antwerpen.be,URLError,unreachable,2026-09-29
https://stadincijfers.antwerpen.be/viewer?var=gem_prc_bereik_beb_voorz,stadincijfers.antwerpen.be,URLError,unreachable,2026-09-29
https://stadincijfers.antwerpen.be/viewer?var=gem_prc_bereik_beb_wijkvoorz,stadincijfers.antwerpen.be,URLError,unreachable,2026-09-29
https://stadincijfers.antwerpen.be/viewer?var=gem_prc_bereik_buurthandel,stadincijfers.antwerpen.be,URLError,unreachable,2026-09-29
https://stadincijfers.antwerpen.be/viewer?var=gem_prc_bereik_buurtvoorz,stadincijfers.antwerpen.be,URLError,unreachable,2026-09-29
https://stadincijfers.antwerpen.be/viewer?var=gem_prc_bereik_buurtvoorz_streef_label,stadincijfers.antwerpen.be,URLError,unreachable,2026-09-29
https://stadincijfers.antwerpen.be/viewer?var=gem_prc_bereik_cultuurvoorz,stadincijfers.antwerpen.be,URLError,unreachable,2026-09-29
https://stadincijfers.antwerpen.be/viewer?var=gem_prc_bereik_handel,stadincijfers.antwerpen.be,URLError,unreachable,2026-09-29
https://stadincijfers.antwerpen.be/viewer?var=gem_prc_bereik_jeugdvoorz,stadincijfers.antwerpen.be,URLError,unreachable,2026-09-29
https://stadincijfers.antwerpen.be/viewer?var=gem_prc_bereik_onbeb_buurtvoorz,stadincijfers.antwerpen.be,URLError,unreachable,2026-09-29
https://stadincijfers.antwerpen.be/viewer?var=gem_prc_bereik_onbeb_sdvoorz,stadincijfers.antwerpen.be,URLError,unreachable,2026-09-29
https://stadincijfers.antwerpen.be/viewer?var=gem_prc_bereik_onbeb_voorz,stadincijfers.antwerpen.be,URLError,unreachable,2026-09-29
https://stadincijfers.antwerpen.be/viewer?var=gem_prc_bereik_onbeb_wijkvoorz,stadincijfers.antwerpen.be,URLError,unreachable,2026-09-29
https://stadincijfers.antwerpen.be/viewer?var=gem_prc_bereik_sportvoorz,stadincijfers.antwerpen.be,URLError,unreachable,2026-09-29
https://stadincijfers.antwerpen.be/viewer?var=gem_prc_bereik_stadsdeelvoorz,stadincijfers.antwerpen.be,URLError,unreachable,2026-09-29
https://stadincijfers.antwerpen.be/viewer?var=gem_prc_bereik_stadsdeelvoorz_streef_label,stadincijfers.antwerpen.be,URLError,unreachable,2026-09-29
https://stadincijfers.antwerpen.be/viewer?var=gem_prc_bereik_voorz,stadincijfers.antwerpen.be,URLError,unreachable,2026-09-29
https://stadincijfers.antwerpen.be/viewer?var=gem_prc_bereik_wijkhandel,stadincijfers.antwerpen.be,URLError,unreachable,2026-09-29
https://stadincijfers.antwerpen.be/viewer?var=gem_prc_bereik_wijkvoorz,stadincijfers.antwerpen.be,URLError,unreachable,2026-09-29
https://stadincijfers.antwerpen.be/viewer?var=gem_prc_bereik_wijkvoorz_streef_label,stadincijfers.antwerpen.be,URLError,unreachable,2026-09-29
https://stadincijfers.antwerpen.be/viewer?var=gem_wegbreedte,stadincijfers.antwerpen.be,URLError,unreachable,2026-09-29
https://stadincijfers.antwerpen.be/viewer?var=gem_weglengte,stadincijfers.antwerpen.be,URLError,unreachable,2026-09-29
https://stadincijfers.antwerpen.be/viewer?var=gemidd_gebruikers_deelauto,stadincijfers.antwerpen.be,URLError,unreachable,2026-09-29
https://stadincijfers.antwerpen.be/viewer?var=gemidd_gebruikers_deelauto_oud,stadincijfers.antwerpen.be,URLError,unreachable,2026-09-29
https://stadincijfers.antwerpen.be/viewer?var=gewone_fiets_pct,stadincijfers.antwerpen.be,URLError,unreachable,2026-09-29
https://stadincijfers.antwerpen.be/viewer?var=gn_fiets_1gezinwon_pct,stadincijfers.antwerpen.be,URLError,unreachable,2026-09-29
https://stadincijfers.antwerpen.be/viewer?var=gn_fiets_app_pct,stadincijfers.antwerpen.be,URLError,unreachable,2026-09-29
https://stadincijfers.antwerpen.be/viewer?var=gn_fiets_autoch_pct,stadincijfers.antwerpen.be,URLError,unreachable,2026-09-29
https://stadincijfers.antwerpen.be/viewer?var=gn_fiets_eenouder_pct,stadincijfers.antwerpen.be,URLError,unreachable,2026-09-29
https://stadincijfers.antwerpen.be/viewer?var=gn_fiets_eu_pct,stadincijfers.antwerpen.be,URLError,unreachable,2026-09-29
https://stadincijfers.antwerpen.be/viewer?var=gn_fiets_gezin,stadincijfers.antwerpen.be,URLError,unreachable,2026-09-29
https://stadincijfers.antwerpen.be/viewer?var=gn_fiets_gezin_pct,stadincijfers.antwerpen.be,URLError,unreachable,2026-09-29
https://stadincijfers.antwerpen.be/viewer?var=gn_fiets_hoogink_pct,stadincijfers.antwerpen.be,URLError,unreachable,2026-09-29
https://stadincijfers.antwerpen.be/viewer?var=gn_fiets_laagink_pct,stadincijfers.antwerpen.be,URLError,unreachable,2026-09-29
https://stadincijfers.antwerpen.be/viewer?var=gn_fiets_middink_pct,stadincijfers.antwerpen.be,URLError,unreachable,2026-09-29
https://stadincijfers.antwerpen.be/viewer?var=gn_fiets_nteu_pct,stadincijfers.antwerpen.be,URLError,unreachable,2026-09-29
https://stadincijfers.antwerpen.be/viewer?var=gn_fiets_partn_kdn_pct,stadincijfers.antwerpen.be,URLError,unreachable,2026-09-29
https://stadincijfers.antwerpen.be/viewer?var=gn_fiets_partn_pct,stadincijfers.antwerpen.be,URLError,unreachable,2026-09-29
https://stadincijfers.antwerpen.be/viewer?var=gn_fiets_single_pct,stadincijfers.antwerpen.be,URLError,unreachable,2026-09-29
https://stadincijfers.antwerpen.be/viewer?var=gro_geb,stadincijfers.antwerpen.be,URLError,unreachable,2026-09-29
https://stadincijfers.antwerpen.be/viewer?var=gro_geb_31dec,stadincijfers.antwerpen.be,URLError,unreachable,2026-09-29
https://stadincijfers.antwerpen.be/viewer?var=gro_geb_ha,stadincijfers.antwerpen.be,URLError,unreachable,2026-09-29
https://stadincijfers.antwerpen.be/viewer?var=groen_gezin,stadincijfers.antwerpen.be,URLError,unreachable,2026-09-29
https://stadincijfers.antwerpen.be/viewer?var=groen_inwoner,stadincijfers.antwerpen.be,URLError,unreachable,2026-09-29
https://stadincijfers.antwerpen.be/viewer?var=groen_iw,stadincijfers.antwerpen.be,URLError,unreachable,2026-09-29
https://stadincijfers.antwerpen.be/viewer?var=groen_prive_iw,stadincijfers.antwerpen.be,URLError,unreachable,2026-09-29
https://stadincijfers.antwerpen.be/viewer?var=h_h_37,stadincijfers.antwerpen.be,URLError,unreachable,2026-09-29
https://stadincijfers.antwerpen.be/viewer?var=hh_hittestress_geen,stadincijfers.antwerpen.be,URLError,unreachable,2026-09-29
https://stadincijfers.antwerpen.be/viewer?var=hh_hittestress_matig,stadincijfers.antwerpen.be,URLError,unreachable,2026-09-29
https://stadincijfers.antwerpen.be/viewer?var=hh_hittestress_matig_sterk,stadincijfers.antwerpen.be,URLError,unreachable,2026-09-29
https://stadincijfers.antwerpen.be/viewer?var=hh_hittestress_sterk,stadincijfers.antwerpen.be,URLError,unreachable,2026-09-29
https://stadincijfers.antwerpen.be/viewer?var=impact,stadincijfers.antwerpen.be,URLError,unreachable,2026-09-29
https://stadincijfers.antwerpen.be/viewer?var=index_infrastructuur,stadincijfers.antwerpen.be,URLError,unreachable,2026-09-29
https://stadincijfers.antwerpen.be/viewer?var=index_openbare_orde,stadincijfers.antwerpen.be,URLError,unreachable,2026-09-29
https://stadincijfers.antwerpen.be/viewer?var=index_overlast_onveilig,stadincijfers.antwerpen.be,URLError,unreachable,2026-09-29
https://stadincijfers.antwerpen.be/viewer?var=index_voorzieningen,stadincijfers.antwerpen.be,URLError,unreachable,2026-09-29
https://stadincijfers.antwerpen.be/viewer?var=inw_boven20_no2,stadincijfers.antwerpen.be,URLError,unreachable,2026-09-29
https://stadincijfers.antwerpen.be/viewer?var=inw_bovennorm_no2,stadincijfers.antwerpen.be,URLError,unreachable,2026-09-29
https://stadincijfers.antwerpen.be/viewer?var=inw_hittestress_geen,stadincijfers.antwerpen.be,URLError,unreachable,2026-09-29
https://stadincijfers.antwerpen.be/viewer?var=inw_hittestress_matig,stadincijfers.antwerpen.be,URLError,unreachable,2026-09-29
https://stadincijfers.antwerpen.be/viewer?var=inw_hittestress_matig_sterk,stadincijfers.antwerpen.be,URLError,unreachable,2026-09-29
https://stadincijfers.antwerpen.be/viewer?var=inw_hittestress_sterk,stadincijfers.antwerpen.be,URLError,unreachable,2026-09-29
https://stadincijfers.antwerpen.be/viewer?var=jm_mob_anders_p,stadincijfers.antwerpen.be,URLError,unreachable,2026-09-29
https://stadincijfers.antwerpen.be/viewer?var=jm_mob_autobestuurder_p,stadincijfers.antwerpen.be,URLError,unreachable,2026-09-29
https://stadincijfers.antwerpen.be/viewer?var=jm_mob_autopassagier_p,stadincijfers.antwerpen.be,URLError,unreachable,2026-09-29
https://stadincijfers.antwerpen.be/viewer?var=jm_mob_fiets_p,stadincijfers.antwerpen.be,URLError,unreachable,2026-09-29
https://stadincijfers.antwerpen.be/viewer?var=jm_mob_motorbromfiets_p,stadincijfers.antwerpen.be,URLError,unreachable,2026-09-29
https://stadincijfers.antwerpen.be/viewer?var=jm_mob_tevoet_p,stadincijfers.antwerpen.be,URLError,unreachable,2026-09-29
https://stadincijfers.antwerpen.be/viewer?var=jm_mob_trambus_p,stadincijfers.antwerpen.be,URLError,unreachable,2026-09-29
https://stadincijfers.antwerpen.be/viewer?var=jm_mob_trein_p,stadincijfers.antwerpen.be,URLError,unreachable,2026-09-29
https://stadincijfers.antwerpen.be/viewer?var=jm_mob_vrt_anders_p,stadincijfers.antwerpen.be,URLError,unreachable,2026-09-29
https://stadincijfers.antwerpen.be/viewer?var=jm_mob_vrt_autobestuurder_p,stadincijfers.antwerpen.be,URLError,unreachable,2026-09-29
https://stadincijfers.antwerpen.be/viewer?var=jm_mob_vrt_autopassagier_p,stadincijfers.antwerpen.be,URLError,unreachable,2026-09-29
https://stadincijfers.antwerpen.be/viewer?var=jm_mob_vrt_fiets_p,stadincijfers.antwerpen.be,URLError,unreachable,2026-09-29
https://stadincijfers.antwerpen.be/viewer?var=jm_mob_vrt_motorbromfiets_p,stadincijfers.antwerpen.be,URLError,unreachable,2026-09-29
https://stadincijfers.antwerpen.be/viewer?var=jm_mob_vrt_tevoet_p,stadincijfers.antwerpen.be,URLError,unreachable,2026-09-29
https://stadincijfers.antwerpen.be/viewer?var=jm_mob_vrt_trambus_p,stadincijfers.antwerpen.be,URLError,unreachable,2026-09-29
https://stadincijfers.antwerpen.be/viewer?var=jm_mob_vrt_trein_p,stadincijfers.antwerpen.be,URLError,unreachable,2026-09-29
https://stadincijfers.antwerpen.be/viewer?var=jm_prv_hoeproperstraat_l30d_p,stadincijfers.antwerpen.be,URLError,unreachable,2026-09-29
https://stadincijfers.antwerpen.be/viewer?var=jm_prv_inspanningenbewoners_p,stadincijfers.antwerpen.be,URLError,unreachable,2026-09-29
https://stadincijfers.antwerpen.be/viewer?var=jm_prv_inspanningenstadsbestuur_p,stadincijfers.antwerpen.be,URLError,unreachable,2026-09-29
https://stadincijfers.antwerpen.be/viewer?var=jm_prv_onveiliggevoelbuurt_p,stadincijfers.antwerpen.be,URLError,unreachable,2026-09-29
https://stadincijfers.antwerpen.be/viewer?var=jm_prv_onveiliggevoelstad_p,stadincijfers.antwerpen.be,URLError,unreachable,2026-09-29
https://stadincijfers.antwerpen.be/viewer?var=jm_prv_overlastl30d_agressiefverkeersgedrag_p,stadincijfers.antwerpen.be,URLError,unreachable,2026-09-29
https://stadincijfers.antwerpen.be/viewer?var=jm_prv_overlastl30d_dooralcoholdruggebruikers_p,stadincijfers.antwerpen.be,URLError,unreachable,2026-09-29
https://stadincijfers.antwerpen.be/viewer?var=jm_prv_overlastl30d_lastiggevallenopstraat_p,stadincijfers.antwerpen.be,URLError,unreachable,2026-09-29
https://stadincijfers.antwerpen.be/viewer?var=jm_prv_overlastl30d_onaangepastesnelheidverkeer_p,stadincijfers.antwerpen.be,URLError,unreachable,2026-09-29
https://stadincijfers.antwerpen.be/viewer?var=jm_prv_overlastl30d_rijgedragfietseronaangepast_p,stadincijfers.antwerpen.be,URLError,unreachable,2026-09-29
https://stadincijfers.antwerpen.be/viewer?var=jm_prv_overlastl30d_rommelopstraat_p,stadincijfers.antwerpen.be,URLError,unreachable,2026-09-29
https://stadincijfers.antwerpen.be/viewer?var=jm_prv_perceptierisico_diefstalstraat_p,stadincijfers.antwerpen.be,URLError,unreachable,2026-09-29
https://stadincijfers.antwerpen.be/viewer?var=jm_prv_perceptierisico_lastiggevallen_p,stadincijfers.antwerpen.be,URLError,unreachable,2026-09-29
https://stadincijfers.antwerpen.be/viewer?var=jm_prv_perceptierisico_verkeersongeval_p,stadincijfers.antwerpen.be,URLError,unreachable,2026-09-29
https://stadincijfers.antwerpen.be/viewer?var=jm_vt_frq_l30d_park_p,stadincijfers.antwerpen.be,URLError,unreachable,2026-09-29
https://stadincijfers.antwerpen.be/viewer?var=jm_vt_frq_l30d_speelruimtekinderen_p,stadincijfers.antwerpen.be,URLError,unreachable,2026-09-29
https://stadincijfers.antwerpen.be/viewer?var=jm_vt_frq_l7d_gaanfietsen_p,stadincijfers.antwerpen.be,URLError,unreachable,2026-09-29
https://stadincijfers.antwerpen.be/viewer?var=jm_vt_frq_l7d_gaanhardlopen_p,stadincijfers.antwerpen.be,URLError,unreachable,2026-09-29
https://stadincijfers.antwerpen.be/viewer?var=jm_vt_frq_l7d_gaanzwemmen_p,stadincijfers.antwerpen.be,URLError,unreachable,2026-09-29
https://stadincijfers.antwerpen.be/viewer?var=jm_vt_frq_l7d_sportbeoefend_p,stadincijfers.antwerpen.be,URLError,unreachable,2026-09-29
https://stadincijfers.antwerpen.be/viewer?var=jm_vt_frq_l7d_sporthalofsportterrein_p,stadincijfers.antwerpen.be,URLError,unreachable,2026-09-29
https://stadincijfers.antwerpen.be/viewer?var=jm_won_buurt_fietspadenveilig_p,stadincijfers.antwerpen.be,URLError,unreachable,2026-09-29
https://stadincijfers.antwerpen.be/viewer?var=jm_won_buurt_schoolomgevingverkeersveilig_p,stadincijfers.antwerpen.be,URLError,unreachable,2026-09-29
https://stadincijfers.antwerpen.be/viewer?var=jm_won_buurt_voldoendefietspaden_p,stadincijfers.antwerpen.be,URLError,unreachable,2026-09-29
https://stadincijfers.antwerpen.be/viewer?var=jm_won_buurt_voldoendegroen_p,stadincijfers.antwerpen.be,URLError,unreachable,2026-09-29
https://stadincijfers.antwerpen.be/viewer?var=jm_won_buurt_voldparkeerplaatsenbewoners_p,stadincijfers.antwerpen.be,URLError,unreachable,2026-09-29
https://stadincijfers.antwerpen.be/viewer?var=jm_won_buurt_voldparkeervoorzieningenbezoekers_p,stadincijfers.antwerpen.be,URLError,unreachable,2026-09-29
https://stadincijfers.antwerpen.be/viewer?var=jm_won_voorz_openbaarvervoer_p,stadincijfers.antwerpen.be,URLError,unreachable,2026-09-29
https://stadincijfers.antwerpen.be/viewer?var=jm_won_voorz_sportinfrastructuur_p,stadincijfers.antwerpen.be,URLError,unreachable,2026-09-29
https://stadincijfers.antwerpen.be/viewer?var=k_49_aantal_pers,stadincijfers.antwerpen.be,URLError,unreachable,2026-09-29
https://stadincijfers.antwerpen.be/viewer?var=k_49_aantal_pv,stadincijfers.antwerpen.be,URLError,unreachable,2026-09-29
https://stadincijfers.antwerpen.be/viewer?var=kinderopvang_boven20_no2,stadincijfers.antwerpen.be,URLError,unreachable,2026-09-29
https://stadincijfers.antwerpen.be/viewer?var=kinderopvang_bovennorm_no2,stadincijfers.antwerpen.be,URLError,unreachable,2026-09-29
https://stadincijfers.antwerpen.be/viewer?var=km_mi_mob_voer_km_v1,stadincijfers.antwerpen.be,URLError,unreachable,2026-09-29
https://stadincijfers.antwerpen.be/viewer?var=km_mi_mob_voer_km_v12,stadincijfers.antwerpen.be,URLError,unreachable,2026-09-29
https://stadincijfers.antwerpen.be/viewer?var=l_buslijn,stadincijfers.antwerpen.be,URLError,unreachable,2026-09-29
https://stadincijfers.antwerpen.be/viewer?var=l_fietsinfra,stadincijfers.antwerpen.be,URLError,unreachable,2026-09-29
https://stadincijfers.antwerpen.be/viewer?var=l_fietsinfra_zonderhaven,stadincijfers.antwerpen.be,URLError,unreachable,2026-09-29
https://stadincijfers.antwerpen.be/viewer?var=l_fietsoversteek,stadincijfers.antwerpen.be,URLError,unreachable,2026-09-29
https://stadincijfers.antwerpen.be/viewer?var=l_fietsoversteek_zonderhaven,stadincijfers.antwerpen.be,URLError,unreachable,2026-09-29
https://stadincijfers.antwerpen.be/viewer?var=l_fietspad,stadincijfers.antwerpen.be,URLError,unreachable,2026-09-29
https://stadincijfers.antwerpen.be/viewer?var=l_fietspad_aanlig_gelijkg,stadincijfers.antwerpen.be,URLError,unreachable,2026-09-29
https://stadincijfers.antwerpen.be/viewer?var=l_fietspad_aanlig_gelijkg_zonderhaven,stadincijfers.antwerpen.be,URLError,unreachable,2026-09-29
https://stadincijfers.antwerpen.be/viewer?var=l_fietspad_aanlig_verhoogd,stadincijfers.antwerpen.be,URLError,unreachable,2026-09-29
https://stadincijfers.antwerpen.be/viewer?var=l_fietspad_aanlig_verhoogd_zonderhaven,stadincijfers.antwerpen.be,URLError,unreachable,2026-09-29
https://stadincijfers.antwerpen.be/viewer?var=l_fietspad_brug,stadincijfers.antwerpen.be,URLError,unreachable,2026-09-29
https://stadincijfers.antwerpen.be/viewer?var=l_fietspad_brug_zonderhaven,stadincijfers.antwerpen.be,URLError,unreachable,2026-09-29
https://stadincijfers.antwerpen.be/viewer?var=l_fietspad_fietsopstel,stadincijfers.antwerpen.be,URLError,unreachable,2026-09-29
https://stadincijfers.antwerpen.be/viewer?var=l_fietspad_fietsopstel_zonderhaven,stadincijfers.antwerpen.be,URLError,unreachable,2026-09-29
https://stadincijfers.antwerpen.be/viewer?var=l_fietspad_fietsweg,stadincijfers.antwerpen.be,URLError,unreachable,2026-09-29
https://stadincijfers.antwerpen.be/viewer?var=l_fietspad_fietsweg_zonderhaven,stadincijfers.antwerpen.be,URLError,unreachable,2026-09-29
https://stadincijfers.antwerpen.be/viewer?var=l_fietspad_losliggend,stadincijfers.antwerpen.be,URLError,unreachable,2026-09-29
https://stadincijfers.antwerpen.be/viewer?var=l_fietspad_losliggend_zonderhaven,stadincijfers.antwerpen.be,URLError,unreachable,2026-09-29
https://stadincijfers.antwerpen.be/viewer?var=l_fietspad_tunnel,stadincijfers.antwerpen.be,URLError,unreachable,2026-09-29
https://stadincijfers.antwerpen.be/viewer?var=l_fietspad_tunnel_zonderhaven,stadincijfers.antwerpen.be,URLError,unreachable,2026-09-29
https://stadincijfers.antwerpen.be/viewer?var=l_fietspad_vrijliggend,stadincijfers.antwerpen.be,URLError,unreachable,2026-09-29
https://stadincijfers.antwerpen.be/viewer?var=l_fietspad_vrijliggend_zonderhaven,stadincijfers.antwerpen.be,URLError,unreachable,2026-09-29
https://stadincijfers.antwerpen.be/viewer?var=l_fietspad_zonderhaven,stadincijfers.antwerpen.be,URLError,unreachable,2026-09-29
https://stadincijfers.antwerpen.be/viewer?var=l_fietsstraat,stadincijfers.antwerpen.be,URLError,unreachable,2026-09-29
https://stadincijfers.antwerpen.be/viewer?var=l_fietsstraat_zonderhaven,stadincijfers.antwerpen.be,URLError,unreachable,2026-09-29
https://stadincijfers.antwerpen.be/viewer?var=l_fietssug,stadincijfers.antwerpen.be,URLError,unreachable,2026-09-29
https://stadincijfers.antwerpen.be/viewer?var=l_fietssug_zonderhaven,stadincijfers.antwerpen.be,URLError,unreachable,2026-09-29
https://stadincijfers.antwerpen.be/viewer?var=l_fietsweg,stadincijfers.antwerpen.be,URLError,unreachable,2026-09-29
https://stadincijfers.antwerpen.be/viewer?var=l_fietsweg_zonderhaven,stadincijfers.antwerpen.be,URLError,unreachable,2026-09-29
https://stadincijfers.antwerpen.be/viewer?var=l_km_buslijn,stadincijfers.antwerpen.be,URLError,unreachable,2026-09-29
https://stadincijfers.antwerpen.be/viewer?var=l_km_fietsinfra,stadincijfers.antwerpen.be,URLError,unreachable,2026-09-29
https://stadincijfers.antwerpen.be/viewer?var=l_km_fietsinfra_zonderhaven,stadincijfers.antwerpen.be,URLError,unreachable,2026-09-29
https://stadincijfers.antwerpen.be/viewer?var=l_km_fietsoversteek,stadincijfers.antwerpen.be,URLError,unreachable,2026-09-29
https://stadincijfers.antwerpen.be/viewer?var=l_km_fietsoversteek_zonderhaven,stadincijfers.antwerpen.be,URLError,unreachable,2026-09-29
https://stadincijfers.antwerpen.be/viewer?var=l_km_fietspad,stadincijfers.antwerpen.be,URLError,unreachable,2026-09-29
https://stadincijfers.antwerpen.be/viewer?var=l_km_fietspad_aanlig_gelijkg,stadincijfers.antwerpen.be,URLError,unreachable,2026-09-29
https://stadincijfers.antwerpen.be/viewer?var=l_km_fietspad_aanlig_gelijkg_zonderhaven,stadincijfers.antwerpen.be,URLError,unreachable,2026-09-29
https://stadincijfers.antwerpen.be/viewer?var=l_km_fietspad_aanlig_verhoogd,stadincijfers.antwerpen.be,URLError,unreachable,2026-09-29
https://stadincijfers.antwerpen.be/viewer?var=l_km_fietspad_aanlig_verhoogd_zonderhaven,stadincijfers.antwerpen.be,URLError,unreachable,2026-09-29
https://stadincijfers.antwerpen.be/viewer?var=l_km_fietspad_brug,stadincijfers.antwerpen.be,URLError,unreachable,2026-09-29
https://stadincijfers.antwerpen.be/viewer?var=l_km_fietspad_brug_zonderhaven,stadincijfers.antwerpen.be,URLError,unreachable,2026-09-29
https://stadincijfers.antwerpen.be/viewer?var=l_km_fietspad_fietsopstel,stadincijfers.antwerpen.be,URLError,unreachable,2026-09-29
https://stadincijfers.antwerpen.be/viewer?var=l_km_fietspad_fietsopstel_zonderhaven,stadincijfers.antwerpen.be,URLError,unreachable,2026-09-29
https://stadincijfers.antwerpen.be/viewer?var=l_km_fietspad_fietsweg,stadincijfers.antwerpen.be,URLError,unreachable,2026-09-29
https://stadincijfers.antwerpen.be/viewer?var=l_km_fietspad_fietsweg_zonderhaven,stadincijfers.antwerpen.be,URLError,unreachable,2026-09-29
https://stadincijfers.antwerpen.be/viewer?var=l_km_fietspad_losliggend,stadincijfers.antwerpen.be,URLError,unreachable,2026-09-29
https://stadincijfers.antwerpen.be/viewer?var=l_km_fietspad_tunnel,stadincijfers.antwerpen.be,URLError,unreachable,2026-09-29
https://stadincijfers.antwerpen.be/viewer?var=l_km_fietspad_tunnel_zonderhaven,stadincijfers.antwerpen.be,URLError,unreachable,2026-09-29
https://stadincijfers.antwerpen.be/viewer?var=l_km_fietspad_vrijliggend,stadincijfers.antwerpen.be,URLError,unreachable,2026-09-29
https://stadincijfers.antwerpen.be/viewer?var=l_km_fietspad_vrijliggend_zonderhaven,stadincijfers.antwerpen.be,URLError,unreachable,2026-09-29
https://stadincijfers.antwerpen.be/viewer?var=l_km_fietspad_zonderhaven,stadincijfers.antwerpen.be,URLError,unreachable,2026-09-29
https://stadincijfers.antwerpen.be/viewer?var=l_km_fietsstraat,stadincijfers.antwerpen.be,URLError,unreachable,2026-09-29
https://stadincijfers.antwerpen.be/viewer?var=l_km_fietsstraat_zonderhaven,stadincijfers.antwerpen.be,URLError,unreachable,2026-09-29
https://stadincijfers.antwerpen.be/viewer?var=l_km_fietssug,stadincijfers.antwerpen.be,URLError,unreachable,2026-09-29
https://stadincijfers.antwerpen.be/viewer?var=l_km_fietssug_zonderhaven,stadincijfers.antwerpen.be,URLError,unreachable,2026-09-29
https://stadincijfers.antwerpen.be/viewer?var=l_km_fietsweg,stadincijfers.antwerpen.be,URLError,unreachable,2026-09-29
https://stadincijfers.antwerpen.be/viewer?var=l_km_fietsweg_zonderhaven,stadincijfers.antwerpen.be,URLError,unreachable,2026-09-29
https://stadincijfers.antwerpen.be/viewer?var=l_km_schoolstraat,stadincijfers.antwerpen.be,URLError,unreachable,2026-09-29
https://stadincijfers.antwerpen.be/viewer?var=l_km_snelheid_50kmu_fietspad,stadincijfers.antwerpen.be,URLError,unreachable,2026-09-29
https://stadincijfers.antwerpen.be/viewer?var=l_km_snelheid_50kmu_fietspad_aanlig_gelijkg,stadincijfers.antwerpen.be,URLError,unreachable,2026-09-29
https://stadincijfers.antwerpen.be/viewer?var=l_km_snelheid_50kmu_fietspad_aanlig_gelijkg_zhav,stadincijfers.antwerpen.be,URLError,unreachable,2026-09-29
https://stadincijfers.antwerpen.be/viewer?var=l_km_snelheid_50kmu_fietspad_aanlig_verhoogd,stadincijfers.antwerpen.be,URLError,unreachable,2026-09-29
https://stadincijfers.antwerpen.be/viewer?var=l_km_snelheid_50kmu_fietspad_aanlig_verhoogd_zhav,stadincijfers.antwerpen.be,URLError,unreachable,2026-09-29
https://stadincijfers.antwerpen.be/viewer?var=l_km_snelheid_50kmu_fietspad_vrijlig,stadincijfers.antwerpen.be,URLError,unreachable,2026-09-29
https://stadincijfers.antwerpen.be/viewer?var=l_km_snelheid_50kmu_fietspad_vrijlig_zonderhaven,stadincijfers.antwerpen.be,URLError,unreachable,2026-09-29
https://stadincijfers.antwerpen.be/viewer?var=l_km_snelheid_50kmu_fietspad_zonderhaven,stadincijfers.antwerpen.be,URLError,unreachable,2026-09-29
https://stadincijfers.antwerpen.be/viewer?var=l_km_snelheid_50kmu_fietssug,stadincijfers.antwerpen.be,URLError,unreachable,2026-09-29
https://stadincijfers.antwerpen.be/viewer?var=l_km_snelheid_50kmu_fietssug_zonderhaven,stadincijfers.antwerpen.be,URLError,unreachable,2026-09-29
https://stadincijfers.antwerpen.be/viewer?var=l_km_snelheid_50kmu_geenfietsinfra,stadincijfers.antwerpen.be,URLError,unreachable,2026-09-29
https://stadincijfers.antwerpen.be/viewer?var=l_km_snelheid_50kmu_geenfietsinfra_zonderhaven,stadincijfers.antwerpen.be,URLError,unreachable,2026-09-29
https://stadincijfers.antwerpen.be/viewer?var=l_km_snelheid_70kmu_fietspad,stadincijfers.antwerpen.be,URLError,unreachable,2026-09-29
https://stadincijfers.antwerpen.be/viewer?var=l_km_snelheid_70kmu_fietspad_aanlig_gelijkg,stadincijfers.antwerpen.be,URLError,unreachable,2026-09-29
https://stadincijfers.antwerpen.be/viewer?var=l_km_snelheid_70kmu_fietspad_aanlig_gelijkg_zhav,stadincijfers.antwerpen.be,URLError,unreachable,2026-09-29
https://stadincijfers.antwerpen.be/viewer?var=l_km_snelheid_70kmu_fietspad_aanlig_verhoogd,stadincijfers.antwerpen.be,URLError,unreachable,2026-09-29
https://stadincijfers.antwerpen.be/viewer?var=l_km_snelheid_70kmu_fietspad_aanlig_verhoogd_zhav,stadincijfers.antwerpen.be,URLError,unreachable,2026-09-29
https://stadincijfers.antwerpen.be/viewer?var=l_km_snelheid_70kmu_fietspad_vrijlig,stadincijfers.antwerpen.be,URLError,unreachable,2026-09-29
https://stadincijfers.antwerpen.be/viewer?var=l_km_snelheid_70kmu_fietspad_vrijlig_zonderhaven,stadincijfers.antwerpen.be,URLError,unreachable,2026-09-29
https://stadincijfers.antwerpen.be/viewer?var=l_km_snelheid_70kmu_fietspad_zonderhaven,stadincijfers.antwerpen.be,URLError,unreachable,2026-09-29
https://stadincijfers.antwerpen.be/viewer?var=l_km_snelheid_70kmu_geenfietsinfra,stadincijfers.antwerpen.be,URLError,unreachable,2026-09-29
https://stadincijfers.antwerpen.be/viewer?var=l_km_snelheid_70kmu_geenfietsinfra_zonderhaven,stadincijfers.antwerpen.be,URLError,unreachable,2026-09-29
https://stadincijfers.antwerpen.be/viewer?var=l_km_snelheid_fietser,stadincijfers.antwerpen.be,URLError,unreachable,2026-09-29
https://stadincijfers.antwerpen.be/viewer?var=l_km_snelheid_fietser_zonderhaven,stadincijfers.antwerpen.be,URLError,unreachable,2026-09-29
https://stadincijfers.antwerpen.be/viewer?var=l_km_snelheid_straat_voetganger,stadincijfers.antwerpen.be,URLError,unreachable,2026-09-29
https://stadincijfers.antwerpen.be/viewer?var=l_km_snelheid_voetganger,stadincijfers.antwerpen.be,URLError,unreachable,2026-09-29
https://stadincijfers.antwerpen.be/viewer?var=l_km_snelheid_voetganger_zonderhaven,stadincijfers.antwerpen.be,URLError,unreachable,2026-09-29
https://stadincijfers.antwerpen.be/viewer?var=l_km_tramlijn,stadincijfers.antwerpen.be,URLError,unreachable,2026-09-29
https://stadincijfers.antwerpen.be/viewer?var=l_km_tramlijn_buslijn,stadincijfers.antwerpen.be,URLError,unreachable,2026-09-29
https://stadincijfers.antwerpen.be/viewer?var=l_km_wegenreg_straat_autoluwezone,stadincijfers.antwerpen.be,URLError,unreachable,2026-09-29
https://stadincijfers.antwerpen.be/viewer?var=l_km_wegenreg_straat_voetgangerszone,stadincijfers.antwerpen.be,URLError,unreachable,2026-09-29
https://stadincijfers.antwerpen.be/viewer?var=l_km_wegenreg_voetgangerszone_autoluwezone,stadincijfers.antwerpen.be,URLError,unreachable,2026-09-29
https://stadincijfers.antwerpen.be/viewer?var=l_km_wegenregister,stadincijfers.antwerpen.be,URLError,unreachable,2026-09-29
https://stadincijfers.antwerpen.be/viewer?var=l_km_wegenregister_bovenlokaal,stadincijfers.antwerpen.be,URLError,unreachable,2026-09-29
https://stadincijfers.antwerpen.be/viewer?var=l_km_wegenregister_gemeente,stadincijfers.antwerpen.be,URLError,unreachable,2026-09-29
https://stadincijfers.antwerpen.be/viewer?var=l_km_wegenregister_gemeente_bovenlokaal,stadincijfers.antwerpen.be,URLError,unreachable,2026-09-29
https://stadincijfers.antwerpen.be/viewer?var=l_km_wegenregister_gemeente_lokaal,stadincijfers.antwerpen.be,URLError,unreachable,2026-09-29
https://stadincijfers.antwerpen.be/viewer?var=l_km_wegenregister_gewest_bovenlokaal,stadincijfers.antwerpen.be,URLError,unreachable,2026-09-29
https://stadincijfers.antwerpen.be/viewer?var=l_km_wegenregister_haven,stadincijfers.antwerpen.be,URLError,unreachable,2026-09-29
https://stadincijfers.antwerpen.be/viewer?var=l_km_wegenregister_tot,stadincijfers.antwerpen.be,URLError,unreachable,2026-09-29
https://stadincijfers.antwerpen.be/viewer?var=l_km_wegenregister_tot_zonderhaven,stadincijfers.antwerpen.be,URLError,unreachable,2026-09-29
https://stadincijfers.antwerpen.be/viewer?var=l_km_wegenregister_trageweg,stadincijfers.antwerpen.be,URLError,unreachable,2026-09-29
https://stadincijfers.antwerpen.be/viewer?var=l_km_wegenregister_trageweg_zonderhaven,stadincijfers.antwerpen.be,URLError,unreachable,2026-09-29
https://stadincijfers.antwerpen.be/viewer?var=l_km_wegenregister_voetgangerszone,stadincijfers.antwerpen.be,URLError,unreachable,2026-09-29
https://stadincijfers.antwerpen.be/viewer?var=l_km_wegenregister_zonderhaven,stadincijfers.antwerpen.be,URLError,unreachable,2026-09-29
https://stadincijfers.antwerpen.be/viewer?var=l_km_woonerf,stadincijfers.antwerpen.be,URLError,unreachable,2026-09-29
https://stadincijfers.antwerpen.be/viewer?var=l_schoolstraat,stadincijfers.antwerpen.be,URLError,unreachable,2026-09-29
https://stadincijfers.antwerpen.be/viewer?var=l_schoolstraat_def,stadincijfers.antwerpen.be,URLError,unreachable,2026-09-29
https://stadincijfers.antwerpen.be/viewer?var=l_schoolstraat_proefopstel,stadincijfers.antwerpen.be,URLError,unreachable,2026-09-29
https://stadincijfers.antwerpen.be/viewer?var=l_snelheid_100kmu,stadincijfers.antwerpen.be,URLError,unreachable,2026-09-29
https://stadincijfers.antwerpen.be/viewer?var=l_snelheid_100kmu_zonderhaven,stadincijfers.antwerpen.be,URLError,unreachable,2026-09-29
https://stadincijfers.antwerpen.be/viewer?var=l_snelheid_120kmu,stadincijfers.antwerpen.be,URLError,unreachable,2026-09-29
https://stadincijfers.antwerpen.be/viewer?var=l_snelheid_120kmu_zonderhaven,stadincijfers.antwerpen.be,URLError,unreachable,2026-09-29
https://stadincijfers.antwerpen.be/viewer?var=l_snelheid_20kmu,stadincijfers.antwerpen.be,URLError,unreachable,2026-09-29
https://stadincijfers.antwerpen.be/viewer?var=l_snelheid_20kmu_zonderhaven,stadincijfers.antwerpen.be,URLError,unreachable,2026-09-29
https://stadincijfers.antwerpen.be/viewer?var=l_snelheid_30kmu,stadincijfers.antwerpen.be,URLError,unreachable,2026-09-29
https://stadincijfers.antwerpen.be/viewer?var=l_snelheid_30kmu_zonderhaven,stadincijfers.antwerpen.be,URLError,unreachable,2026-09-29
https://stadincijfers.antwerpen.be/viewer?var=l_snelheid_30kmubeperkt,stadincijfers.antwerpen.be,URLError,unreachable,2026-09-29
https://stadincijfers.antwerpen.be/viewer?var=l_snelheid_30kmubeperkt_zonderhaven,stadincijfers.antwerpen.be,URLError,unreachable,2026-09-29
https://stadincijfers.antwerpen.be/viewer?var=l_snelheid_50kmu,stadincijfers.antwerpen.be,URLError,unreachable,2026-09-29
https://stadincijfers.antwerpen.be/viewer?var=l_snelheid_50kmu_fietspad,stadincijfers.antwerpen.be,URLError,unreachable,2026-09-29
https://stadincijfers.antwerpen.be/viewer?var=l_snelheid_50kmu_fietspad_aanlig_gelijkg,stadincijfers.antwerpen.be,URLError,unreachable,2026-09-29
https://stadincijfers.antwerpen.be/viewer?var=l_snelheid_50kmu_fietspad_aanlig_gelijkg_zhaven,stadincijfers.antwerpen.be,URLError,unreachable,2026-09-29
https://stadincijfers.antwerpen.be/viewer?var=l_snelheid_50kmu_fietspad_aanlig_verhoogd,stadincijfers.antwerpen.be,URLError,unreachable,2026-09-29
https://stadincijfers.antwerpen.be/viewer?var=l_snelheid_50kmu_fietspad_aanlig_verhoogd_zhaven,stadincijfers.antwerpen.be,URLError,unreachable,2026-09-29
https://stadincijfers.antwerpen.be/viewer?var=l_snelheid_50kmu_fietspad_vrijlig,stadincijfers.antwerpen.be,URLError,unreachable,2026-09-29
https://stadincijfers.antwerpen.be/viewer?var=l_snelheid_50kmu_fietspad_vrijlig_zonderhaven,stadincijfers.antwerpen.be,URLError,unreachable,2026-09-29
https://stadincijfers.antwerpen.be/viewer?var=l_snelheid_50kmu_fietspad_zonderhaven,stadincijfers.antwerpen.be,URLError,unreachable,2026-09-29
https://stadincijfers.antwerpen.be/viewer?var=l_snelheid_50kmu_fietssug,stadincijfers.antwerpen.be,URLError,unreachable,2026-09-29
https://stadincijfers.antwerpen.be/viewer?var=l_snelheid_50kmu_fietssug_zonderhaven,stadincijfers.antwerpen.be,URLError,unreachable,2026-09-29
https://stadincijfers.antwerpen.be/viewer?var=l_snelheid_50kmu_geenfietsinfra,stadincijfers.antwerpen.be,URLError,unreachable,2026-09-29
https://stadincijfers.antwerpen.be/viewer?var=l_snelheid_50kmu_geenfietsinfra_zonderhaven,stadincijfers.antwerpen.be,URLError,unreachable,2026-09-29
https://stadincijfers.antwerpen.be/viewer?var=l_snelheid_50kmu_zonderhaven,stadincijfers.antwerpen.be,URLError,unreachable,2026-09-29
https://stadincijfers.antwerpen.be/viewer?var=l_snelheid_70kmu,stadincijfers.antwerpen.be,URLError,unreachable,2026-09-29
https://stadincijfers.antwerpen.be/viewer?var=l_snelheid_70kmu_fietspad,stadincijfers.antwerpen.be,URLError,unreachable,2026-09-29
https://stadincijfers.antwerpen.be/viewer?var=l_snelheid_70kmu_fietspad_aanlig_gelijkg,stadincijfers.antwerpen.be,URLError,unreachable,2026-09-29
https://stadincijfers.antwerpen.be/viewer?var=l_snelheid_70kmu_fietspad_aanlig_gelijkg_zhaven,stadincijfers.antwerpen.be,URLError,unreachable,2026-09-29
https://stadincijfers.antwerpen.be/viewer?var=l_snelheid_70kmu_fietspad_aanlig_verhoogd,stadincijfers.antwerpen.be,URLError,unreachable,2026-09-29
https://stadincijfers.antwerpen.be/viewer?var=l_snelheid_70kmu_fietspad_aanlig_verhoogd_zhaven,stadincijfers.antwerpen.be,URLError,unreachable,2026-09-29
https://stadincijfers.antwerpen.be/viewer?var=l_snelheid_70kmu_fietspad_vrijlig,stadincijfers.antwerpen.be,URLError,unreachable,2026-09-29
https://stadincijfers.antwerpen.be/viewer?var=l_snelheid_70kmu_fietspad_vrijlig_zonderhaven,stadincijfers.antwerpen.be,URLError,unreachable,2026-09-29
https://stadincijfers.antwerpen.be/viewer?var=l_snelheid_70kmu_fietspad_zonderhaven,stadincijfers.antwerpen.be,URLError,unreachable,2026-09-29
https://stadincijfers.antwerpen.be/viewer?var=l_snelheid_70kmu_geenfietsinfra,stadincijfers.antwerpen.be,URLError,unreachable,2026-09-29
https://stadincijfers.antwerpen.be/viewer?var=l_snelheid_70kmu_geenfietsinfra_zonderhaven,stadincijfers.antwerpen.be,URLError,unreachable,2026-09-29
https://stadincijfers.antwerpen.be/viewer?var=l_snelheid_70kmu_zonderhaven,stadincijfers.antwerpen.be,URLError,unreachable,2026-09-29
https://stadincijfers.antwerpen.be/viewer?var=l_snelheid_90kmu,stadincijfers.antwerpen.be,URLError,unreachable,2026-09-29
https://stadincijfers.antwerpen.be/viewer?var=l_snelheid_90kmu_zonderhaven,stadincijfers.antwerpen.be,URLError,unreachable,2026-09-29
https://stadincijfers.antwerpen.be/viewer?var=l_snelheid_fietser,stadincijfers.antwerpen.be,URLError,unreachable,2026-09-29
https://stadincijfers.antwerpen.be/viewer?var=l_snelheid_fietser_zonderhaven,stadincijfers.antwerpen.be,URLError,unreachable,2026-09-29
https://stadincijfers.antwerpen.be/viewer?var=l_snelheid_onbekend,stadincijfers.antwerpen.be,URLError,unreachable,2026-09-29
https://stadincijfers.antwerpen.be/viewer?var=l_snelheid_onbekend_zonderhaven,stadincijfers.antwerpen.be,URLError,unreachable,2026-09-29
https://stadincijfers.antwerpen.be/viewer?var=l_snelheid_straat_20kmu,stadincijfers.antwerpen.be,URLError,unreachable,2026-09-29
https://stadincijfers.antwerpen.be/viewer?var=l_snelheid_straat_30kmubeperkt,stadincijfers.antwerpen.be,URLError,unreachable,2026-09-29
https://stadincijfers.antwerpen.be/viewer?var=l_snelheid_straat_tot20kmu,stadincijfers.antwerpen.be,URLError,unreachable,2026-09-29
https://stadincijfers.antwerpen.be/viewer?var=l_snelheid_straat_voetganger,stadincijfers.antwerpen.be,URLError,unreachable,2026-09-29
https://stadincijfers.antwerpen.be/viewer?var=l_snelheid_tot20kmu,stadincijfers.antwerpen.be,URLError,unreachable,2026-09-29
https://stadincijfers.antwerpen.be/viewer?var=l_snelheid_tot20kmu_zonderhaven,stadincijfers.antwerpen.be,URLError,unreachable,2026-09-29
https://stadincijfers.antwerpen.be/viewer?var=l_snelheid_voetganger,stadincijfers.antwerpen.be,URLError,unreachable,2026-09-29
https://stadincijfers.antwerpen.be/viewer?var=l_snelheid_voetganger_zonderhaven,stadincijfers.antwerpen.be,URLError,unreachable,2026-09-29
https://stadincijfers.antwerpen.be/viewer?var=l_tramlijn,stadincijfers.antwerpen.be,URLError,unreachable,2026-09-29
https://stadincijfers.antwerpen.be/viewer?var=l_tramlijn_buslijn,stadincijfers.antwerpen.be,URLError,unreachable,2026-09-29
https://stadincijfers.antwerpen.be/viewer?var=l_wegbreedte_brederdan40m,stadincijfers.antwerpen.be,URLError,unreachable,2026-09-29
https://stadincijfers.antwerpen.be/viewer?var=l_wegbreedte_smallerdan10m,stadincijfers.antwerpen.be,URLError,unreachable,2026-09-29
https://stadincijfers.antwerpen.be/viewer?var=l_wegbreedte_tot,stadincijfers.antwerpen.be,URLError,unreachable,2026-09-29
https://stadincijfers.antwerpen.be/viewer?var=l_wegbreedte_tss10en14m,stadincijfers.antwerpen.be,URLError,unreachable,2026-09-29
https://stadincijfers.antwerpen.be/viewer?var=l_wegbreedte_tss14en20m,stadincijfers.antwerpen.be,URLError,unreachable,2026-09-29
https://stadincijfers.antwerpen.be/viewer?var=l_wegbreedte_tss20en40m,stadincijfers.antwerpen.be,URLError,unreachable,2026-09-29
https://stadincijfers.antwerpen.be/viewer?var=l_wegenreg_straat_autoluwezone,stadincijfers.antwerpen.be,URLError,unreachable,2026-09-29
https://stadincijfers.antwerpen.be/viewer?var=l_wegenreg_straat_voetgangerszone,stadincijfers.antwerpen.be,URLError,unreachable,2026-09-29
https://stadincijfers.antwerpen.be/viewer?var=l_wegenreg_voetgangerszone_autoluwezone,stadincijfers.antwerpen.be,URLError,unreachable,2026-09-29
https://stadincijfers.antwerpen.be/viewer?var=l_wegenregister,stadincijfers.antwerpen.be,URLError,unreachable,2026-09-29
https://stadincijfers.antwerpen.be/viewer?var=l_wegenregister_bovenlokaal,stadincijfers.antwerpen.be,URLError,unreachable,2026-09-29
https://stadincijfers.antwerpen.be/viewer?var=l_wegenregister_gemeente,stadincijfers.antwerpen.be,URLError,unreachable,2026-09-29
https://stadincijfers.antwerpen.be/viewer?var=l_wegenregister_gemeente_bovenlokaal,stadincijfers.antwerpen.be,URLError,unreachable,2026-09-29
https://stadincijfers.antwerpen.be/viewer?var=l_wegenregister_gemeente_lokaal,stadincijfers.antwerpen.be,URLError,unreachable,2026-09-29
https://stadincijfers.antwerpen.be/viewer?var=l_wegenregister_gewest_bovenlokaal,stadincijfers.antwerpen.be,URLError,unreachable,2026-09-29
https://stadincijfers.antwerpen.be/viewer?var=l_wegenregister_haven,stadincijfers.antwerpen.be,URLError,unreachable,2026-09-29
https://stadincijfers.antwerpen.be/viewer?var=l_wegenregister_tot,stadincijfers.antwerpen.be,URLError,unreachable,2026-09-29
https://stadincijfers.antwerpen.be/viewer?var=l_wegenregister_tot_zonderhaven,stadincijfers.antwerpen.be,URLError,unreachable,2026-09-29
https://stadincijfers.antwerpen.be/viewer?var=l_wegenregister_trageweg,stadincijfers.antwerpen.be,URLError,unreachable,2026-09-29
https://stadincijfers.antwerpen.be/viewer?var=l_wegenregister_trageweg_zonderhaven,stadincijfers.antwerpen.be,URLError,unreachable,2026-09-29
https://stadincijfers.antwerpen.be/viewer?var=l_wegenregister_voetgangerszone,stadincijfers.antwerpen.be,URLError,unreachable,2026-09-29
https://stadincijfers.antwerpen.be/viewer?var=l_wegenregister_zonderhaven,stadincijfers.antwerpen.be,URLError,unreachable,2026-09-29
https://stadincijfers.antwerpen.be/viewer?var=l_woonerf,stadincijfers.antwerpen.be,URLError,unreachable,2026-09-29
https://stadincijfers.antwerpen.be/viewer?var=l_woonerf_ingericht,stadincijfers.antwerpen.be,URLError,unreachable,2026-09-29
https://stadincijfers.antwerpen.be/viewer?var=l_woonerf_tijdelijkingericht,stadincijfers.antwerpen.be,URLError,unreachable,2026-09-29
https://stadincijfers.antwerpen.be/viewer?var=ldc_boven20_no2,stadincijfers.antwerpen.be,URLError,unreachable,2026-09-29
https://stadincijfers.antwerpen.be/viewer?var=ldc_bovennorm_no2,stadincijfers.antwerpen.be,URLError,unreachable,2026-09-29
https://stadincijfers.antwerpen.be/viewer?var=le_man_max,stadincijfers.antwerpen.be,URLError,unreachable,2026-09-29
https://stadincijfers.antwerpen.be/viewer?var=le_totaal_max,stadincijfers.antwerpen.be,URLError,unreachable,2026-09-29
https://stadincijfers.antwerpen.be/viewer?var=le_vrouw_max,stadincijfers.antwerpen.be,URLError,unreachable,2026-09-29
https://stadincijfers.antwerpen.be/viewer?var=legislat_opp_andere_heraanleg,stadincijfers.antwerpen.be,URLError,unreachable,2026-09-29
https://stadincijfers.antwerpen.be/viewer?var=legislat_opp_grb_wegbaan_heraanleg,stadincijfers.antwerpen.be,URLError,unreachable,2026-09-29
https://stadincijfers.antwerpen.be/viewer?var=legislat_opp_grb_wegbaan_plein_heraanleg,stadincijfers.antwerpen.be,URLError,unreachable,2026-09-29
https://stadincijfers.antwerpen.be/viewer?var=legislat_opp_groen_heraanleg,stadincijfers.antwerpen.be,URLError,unreachable,2026-09-29
https://stadincijfers.antwerpen.be/viewer?var=legislat_opp_heraanleg,stadincijfers.antwerpen.be,URLError,unreachable,2026-09-29
https://stadincijfers.antwerpen.be/viewer?var=legislat_opp_plein_heraanleg,stadincijfers.antwerpen.be,URLError,unreachable,2026-09-29
https://stadincijfers.antwerpen.be/viewer?var=lf0_17j_boven20_no2,stadincijfers.antwerpen.be,URLError,unreachable,2026-09-29
https://stadincijfers.antwerpen.be/viewer?var=lf0_17j_bovennorm_no2,stadincijfers.antwerpen.be,URLError,unreachable,2026-09-29
https://stadincijfers.antwerpen.be/viewer?var=lf0_5j_hittestress_geen,stadincijfers.antwerpen.be,URLError,unreachable,2026-09-29
https://stadincijfers.antwerpen.be/viewer?var=lf0_5j_hittestress_matig,stadincijfers.antwerpen.be,URLError,unreachable,2026-09-29
https://stadincijfers.antwerpen.be/viewer?var=lf0_5j_hittestress_matig_sterk,stadincijfers.antwerpen.be,URLError,unreachable,2026-09-29
https://stadincijfers.antwerpen.be/viewer?var=lf0_5j_hittestress_sterk,stadincijfers.antwerpen.be,URLError,unreachable,2026-09-29
https://stadincijfers.antwerpen.be/viewer?var=lf65jeo_boven20_no2,stadincijfers.antwerpen.be,URLError,unreachable,2026-09-29
https://stadincijfers.antwerpen.be/viewer?var=lf65jeo_bovennorm_no2,stadincijfers.antwerpen.be,URLError,unreachable,2026-09-29
https://stadincijfers.antwerpen.be/viewer?var=lf65jeo_hittestress_geen,stadincijfers.antwerpen.be,URLError,unreachable,2026-09-29
https://stadincijfers.antwerpen.be/viewer?var=lf65jeo_hittestress_matig,stadincijfers.antwerpen.be,URLError,unreachable,2026-09-29
https://stadincijfers.antwerpen.be/viewer?var=lf65jeo_hittestress_matig_sterk,stadincijfers.antwerpen.be,URLError,unreachable,2026-09-29
https://stadincijfers.antwerpen.be/viewer?var=lf65jeo_hittestress_sterk,stadincijfers.antwerpen.be,URLError,unreachable,2026-09-29
https://stadincijfers.antwerpen.be/viewer?var=lni_geb,stadincijfers.antwerpen.be,URLError,unreachable,2026-09-29
https://stadincijfers.antwerpen.be/viewer?var=lni_geb_31dec,stadincijfers.antwerpen.be,URLError,unreachable,2026-09-29
https://stadincijfers.antwerpen.be/viewer?var=lni_geb_ha,stadincijfers.antwerpen.be,URLError,unreachable,2026-09-29
https://stadincijfers.antwerpen.be/viewer?var=longtail_pct,stadincijfers.antwerpen.be,URLError,unreachable,2026-09-29
https://stadincijfers.antwerpen.be/viewer?var=m1_l_fietsinfra,stadincijfers.antwerpen.be,URLError,unreachable,2026-09-29
https://stadincijfers.antwerpen.be/viewer?var=m1_l_fietspad,stadincijfers.antwerpen.be,URLError,unreachable,2026-09-29
https://stadincijfers.antwerpen.be/viewer?var=m1_l_fietspad_aanlig_gelijkg,stadincijfers.antwerpen.be,URLError,unreachable,2026-09-29
https://stadincijfers.antwerpen.be/viewer?var=m1_l_fietspad_aanlig_verhoogd,stadincijfers.antwerpen.be,URLError,unreachable,2026-09-29
https://stadincijfers.antwerpen.be/viewer?var=m1_l_fietspad_fietsweg,stadincijfers.antwerpen.be,URLError,unreachable,2026-09-29
https://stadincijfers.antwerpen.be/viewer?var=m1_l_fietspad_losliggend,stadincijfers.antwerpen.be,URLError,unreachable,2026-09-29
https://stadincijfers.antwerpen.be/viewer?var=m1_l_fietspad_vrijliggend,stadincijfers.antwerpen.be,URLError,unreachable,2026-09-29
https://stadincijfers.antwerpen.be/viewer?var=m1_l_fietsstraat,stadincijfers.antwerpen.be,URLError,unreachable,2026-09-29
https://stadincijfers.antwerpen.be/viewer?var=m1_l_fietssug,stadincijfers.antwerpen.be,URLError,unreachable,2026-09-29
https://stadincijfers.antwerpen.be/viewer?var=m1_l_fietsweg,stadincijfers.antwerpen.be,URLError,unreachable,2026-09-29
https://stadincijfers.antwerpen.be/viewer?var=m1_l_km_fietsinfra,stadincijfers.antwerpen.be,URLError,unreachable,2026-09-29
https://stadincijfers.antwerpen.be/viewer?var=m1_l_km_fietspad,stadincijfers.antwerpen.be,URLError,unreachable,2026-09-29
https://stadincijfers.antwerpen.be/viewer?var=m1_l_km_fietspad_aanlig_gelijkg,stadincijfers.antwerpen.be,URLError,unreachable,2026-09-29
https://stadincijfers.antwerpen.be/viewer?var=m1_l_km_fietspad_aanlig_verhoogd,stadincijfers.antwerpen.be,URLError,unreachable,2026-09-29
https://stadincijfers.antwerpen.be/viewer?var=m1_l_km_fietspad_fietsweg,stadincijfers.antwerpen.be,URLError,unreachable,2026-09-29
https://stadincijfers.antwerpen.be/viewer?var=m1_l_km_fietspad_losliggend,stadincijfers.antwerpen.be,URLError,unreachable,2026-09-29
https://stadincijfers.antwerpen.be/viewer?var=m1_l_km_fietspad_vrijliggend,stadincijfers.antwerpen.be,URLError,unreachable,2026-09-29
https://stadincijfers.antwerpen.be/viewer?var=m1_l_km_fietsstraat,stadincijfers.antwerpen.be,URLError,unreachable,2026-09-29
https://stadincijfers.antwerpen.be/viewer?var=m1_l_km_fietssug,stadincijfers.antwerpen.be,URLError,unreachable,2026-09-29
https://stadincijfers.antwerpen.be/viewer?var=m1_l_km_fietsweg,stadincijfers.antwerpen.be,URLError,unreachable,2026-09-29
https://stadincijfers.antwerpen.be/viewer?var=m1_l_km_schoolstraat,stadincijfers.antwerpen.be,URLError,unreachable,2026-09-29
https://stadincijfers.antwerpen.be/viewer?var=m1_l_km_snelheid_fietser,stadincijfers.antwerpen.be,URLError,unreachable,2026-09-29
https://stadincijfers.antwerpen.be/viewer?var=m1_l_km_snelheid_voetganger,stadincijfers.antwerpen.be,URLError,unreachable,2026-09-29
https://stadincijfers.antwerpen.be/viewer?var=m1_l_km_wegenregister_trageweg,stadincijfers.antwerpen.be,URLError,unreachable,2026-09-29
https://stadincijfers.antwerpen.be/viewer?var=m1_l_km_woonerf,stadincijfers.antwerpen.be,URLError,unreachable,2026-09-29
https://stadincijfers.antwerpen.be/viewer?var=m1_l_schoolstraat,stadincijfers.antwerpen.be,URLError,unreachable,2026-09-29
https://stadincijfers.antwerpen.be/viewer?var=m1_l_snelheid_fietser,stadincijfers.antwerpen.be,URLError,unreachable,2026-09-29
https://stadincijfers.antwerpen.be/viewer?var=m1_l_snelheid_voetganger,stadincijfers.antwerpen.be,URLError,unreachable,2026-09-29
https://stadincijfers.antwerpen.be/viewer?var=m1_l_wegenregister_trageweg,stadincijfers.antwerpen.be,URLError,unreachable,2026-09-29
https://stadincijfers.antwerpen.be/viewer?var=m1_l_woonerf,stadincijfers.antwerpen.be,URLError,unreachable,2026-09-29
https://stadincijfers.antwerpen.be/viewer?var=m1_n_boom_gebruiksgroen,stadincijfers.antwerpen.be,URLError,unreachable,2026-09-29
https://stadincijfers.antwerpen.be/viewer?var=m1_n_boom_plein,stadincijfers.antwerpen.be,URLError,unreachable,2026-09-29
https://stadincijfers.antwerpen.be/viewer?var=m1_n_boom_plein_wegbaan,stadincijfers.antwerpen.be,URLError,unreachable,2026-09-29
https://stadincijfers.antwerpen.be/viewer?var=m1_n_boom_toekomst,stadincijfers.antwerpen.be,URLError,unreachable,2026-09-29
https://stadincijfers.antwerpen.be/viewer?var=m1_n_boom_wegbaan,stadincijfers.antwerpen.be,URLError,unreachable,2026-09-29
https://stadincijfers.antwerpen.be/viewer?var=m1_n_schoolstraat,stadincijfers.antwerpen.be,URLError,unreachable,2026-09-29
https://stadincijfers.antwerpen.be/viewer?var=m1_n_woonerf,stadincijfers.antwerpen.be,URLError,unreachable,2026-09-29
https://stadincijfers.antwerpen.be/viewer?var=m1_opp_grb_wegbaan_plein_onverhard,stadincijfers.antwerpen.be,URLError,unreachable,2026-09-29
https://stadincijfers.antwerpen.be/viewer?var=m1_opp_haag_tot,stadincijfers.antwerpen.be,URLError,unreachable,2026-09-29
https://stadincijfers.antwerpen.be/viewer?var=m3_opp_andere_heraanleg,stadincijfers.antwerpen.be,URLError,unreachable,2026-09-29
https://stadincijfers.antwerpen.be/viewer?var=m3_opp_grb_wegbaan_heraanleg,stadincijfers.antwerpen.be,URLError,unreachable,2026-09-29
https://stadincijfers.antwerpen.be/viewer?var=m3_opp_grb_wegbaan_plein_heraanleg,stadincijfers.antwerpen.be,URLError,unreachable,2026-09-29
https://stadincijfers.antwerpen.be/viewer?var=m3_opp_groen_heraanleg,stadincijfers.antwerpen.be,URLError,unreachable,2026-09-29
https://stadincijfers.antwerpen.be/viewer?var=m3_opp_heraanleg,stadincijfers.antwerpen.be,URLError,unreachable,2026-09-29
https://stadincijfers.antwerpen.be/viewer?var=m3_opp_plein_heraanleg,stadincijfers.antwerpen.be,URLError,unreachable,2026-09-29
https://stadincijfers.antwerpen.be/viewer?var=m5_opp_grb_wegbaan_plein_onverhard,stadincijfers.antwerpen.be,URLError,unreachable,2026-09-29
https://stadincijfers.antwerpen.be/viewer?var=m6_opp_andere_heraanleg,stadincijfers.antwerpen.be,URLError,unreachable,2026-09-29
https://stadincijfers.antwerpen.be/viewer?var=m6_opp_grb_wegbaan_heraanleg,stadincijfers.antwerpen.be,URLError,unreachable,2026-09-29
https://stadincijfers.antwerpen.be/viewer?var=m6_opp_grb_wegbaan_plein_heraanleg,stadincijfers.antwerpen.be,URLError,unreachable,2026-09-29
https://stadincijfers.antwerpen.be/viewer?var=m6_opp_groen_heraanleg,stadincijfers.antwerpen.be,URLError,unreachable,2026-09-29
https://stadincijfers.antwerpen.be/viewer?var=m6_opp_heraanleg,stadincijfers.antwerpen.be,URLError,unreachable,2026-09-29
https://stadincijfers.antwerpen.be/viewer?var=m6_opp_plein_heraanleg,stadincijfers.antwerpen.be,URLError,unreachable,2026-09-29
https://stadincijfers.antwerpen.be/viewer?var=m_amon_vervclust_vt_autofiets_p,stadincijfers.antwerpen.be,URLError,unreachable,2026-09-29
https://stadincijfers.antwerpen.be/viewer?var=m_amon_vervclust_vt_autofietsov_p,stadincijfers.antwerpen.be,URLError,unreachable,2026-09-29
https://stadincijfers.antwerpen.be/viewer?var=m_amon_vervclust_vt_autoov_p,stadincijfers.antwerpen.be,URLError,unreachable,2026-09-29
https://stadincijfers.antwerpen.be/viewer?var=m_amon_vervclust_vt_exauto_p,stadincijfers.antwerpen.be,URLError,unreachable,2026-09-29
https://stadincijfers.antwerpen.be/viewer?var=m_amon_vervclust_vt_exfiets_p,stadincijfers.antwerpen.be,URLError,unreachable,2026-09-29
https://stadincijfers.antwerpen.be/viewer?var=m_amon_vervclust_vt_exov_p,stadincijfers.antwerpen.be,URLError,unreachable,2026-09-29
https://stadincijfers.antwerpen.be/viewer?var=m_amon_vervclust_vt_exvoet_p,stadincijfers.antwerpen.be,URLError,unreachable,2026-09-29
https://stadincijfers.antwerpen.be/viewer?var=m_amon_vervclust_vt_fietsov_p,stadincijfers.antwerpen.be,URLError,unreachable,2026-09-29
https://stadincijfers.antwerpen.be/viewer?var=m_amon_vervclust_vt_noch_p,stadincijfers.antwerpen.be,URLError,unreachable,2026-09-29
https://stadincijfers.antwerpen.be/viewer?var=m_amon_vervclusts_autofiets_p,stadincijfers.antwerpen.be,URLError,unreachable,2026-09-29
https://stadincijfers.antwerpen.be/viewer?var=m_amon_vervclusts_autofietsov_p,stadincijfers.antwerpen.be,URLError,unreachable,2026-09-29
https://stadincijfers.antwerpen.be/viewer?var=m_amon_vervclusts_autoov_p,stadincijfers.antwerpen.be,URLError,unreachable,2026-09-29
https://stadincijfers.antwerpen.be/viewer?var=m_amon_vervclusts_exauto_p,stadincijfers.antwerpen.be,URLError,unreachable,2026-09-29
https://stadincijfers.antwerpen.be/viewer?var=m_amon_vervclusts_exfiets_p,stadincijfers.antwerpen.be,URLError,unreachable,2026-09-29
https://stadincijfers.antwerpen.be/viewer?var=m_amon_vervclusts_exov_p,stadincijfers.antwerpen.be,URLError,unreachable,2026-09-29
https://stadincijfers.antwerpen.be/viewer?var=m_amon_vervclusts_exvoet_p,stadincijfers.antwerpen.be,URLError,unreachable,2026-09-29
https://stadincijfers.antwerpen.be/viewer?var=m_amon_vervclusts_fietsov_p,stadincijfers.antwerpen.be,URLError,unreachable,2026-09-29
https://stadincijfers.antwerpen.be/viewer?var=m_amon_vervclusts_noch_p,stadincijfers.antwerpen.be,URLError,unreachable,2026-09-29
https://stadincijfers.antwerpen.be/viewer?var=m_amon_vervclustw_autofiets_p,stadincijfers.antwerpen.be,URLError,unreachable,2026-09-29
https://stadincijfers.antwerpen.be/viewer?var=m_amon_vervclustw_autofietsov_p,stadincijfers.antwerpen.be,URLError,unreachable,2026-09-29
https://stadincijfers.antwerpen.be/viewer?var=m_amon_vervclustw_autoov_p,stadincijfers.antwerpen.be,URLError,unreachable,2026-09-29
https://stadincijfers.antwerpen.be/viewer?var=m_amon_vervclustw_exauto_p,stadincijfers.antwerpen.be,URLError,unreachable,2026-09-29
https://stadincijfers.antwerpen.be/viewer?var=m_amon_vervclustw_exfiets_p,stadincijfers.antwerpen.be,URLError,unreachable,2026-09-29
https://stadincijfers.antwerpen.be/viewer?var=m_amon_vervclustw_exov_p,stadincijfers.antwerpen.be,URLError,unreachable,2026-09-29
https://stadincijfers.antwerpen.be/viewer?var=m_amon_vervclustw_exvoet_p,stadincijfers.antwerpen.be,URLError,unreachable,2026-09-29
https://stadincijfers.antwerpen.be/viewer?var=m_amon_vervclustw_fietsov_p,stadincijfers.antwerpen.be,URLError,unreachable,2026-09-29
https://stadincijfers.antwerpen.be/viewer?var=m_amon_vervclustw_noch_p,stadincijfers.antwerpen.be,URLError,unreachable,2026-09-29
https://stadincijfers.antwerpen.be/viewer?var=m_index_infrastructuur,stadincijfers.antwerpen.be,URLError,unreachable,2026-09-29
https://stadincijfers.antwerpen.be/viewer?var=m_index_overlast_onveilig,stadincijfers.antwerpen.be,URLError,unreachable,2026-09-29
https://stadincijfers.antwerpen.be/viewer?var=m_index_voorzieningen,stadincijfers.antwerpen.be,URLError,unreachable,2026-09-29
https://stadincijfers.antwerpen.be/viewer?var=m_mob_anders_p,stadincijfers.antwerpen.be,URLError,unreachable,2026-09-29
https://stadincijfers.antwerpen.be/viewer?var=m_mob_autobestuurder_p,stadincijfers.antwerpen.be,URLError,unreachable,2026-09-29
https://stadincijfers.antwerpen.be/viewer?var=m_mob_autopassagier_p,stadincijfers.antwerpen.be,URLError,unreachable,2026-09-29
https://stadincijfers.antwerpen.be/viewer?var=m_mob_fiets_p,stadincijfers.antwerpen.be,URLError,unreachable,2026-09-29
https://stadincijfers.antwerpen.be/viewer?var=m_mob_motorbromfiets_p,stadincijfers.antwerpen.be,URLError,unreachable,2026-09-29
https://stadincijfers.antwerpen.be/viewer?var=m_mob_tevoet_n,stadincijfers.antwerpen.be,URLError,unreachable,2026-09-29
https://stadincijfers.antwerpen.be/viewer?var=m_mob_tevoet_p,stadincijfers.antwerpen.be,URLError,unreachable,2026-09-29
https://stadincijfers.antwerpen.be/viewer?var=m_mob_trambus_p,stadincijfers.antwerpen.be,URLError,unreachable,2026-09-29
https://stadincijfers.antwerpen.be/viewer?var=m_mob_trein_p,stadincijfers.antwerpen.be,URLError,unreachable,2026-09-29
https://stadincijfers.antwerpen.be/viewer?var=m_mob_vrt_anders_p,stadincijfers.antwerpen.be,URLError,unreachable,2026-09-29
https://stadincijfers.antwerpen.be/viewer?var=m_mob_vrt_autobestuurder_p,stadincijfers.antwerpen.be,URLError,unreachable,2026-09-29
https://stadincijfers.antwerpen.be/viewer?var=m_mob_vrt_autopassagier_p,stadincijfers.antwerpen.be,URLError,unreachable,2026-09-29
https://stadincijfers.antwerpen.be/viewer?var=m_mob_vrt_fiets_p,stadincijfers.antwerpen.be,URLError,unreachable,2026-09-29
https://stadincijfers.antwerpen.be/viewer?var=m_mob_vrt_motorbromfiets_p,stadincijfers.antwerpen.be,URLError,unreachable,2026-09-29
https://stadincijfers.antwerpen.be/viewer?var=m_mob_vrt_tevoet_n,stadincijfers.antwerpen.be,URLError,unreachable,2026-09-29
https://stadincijfers.antwerpen.be/viewer?var=m_mob_vrt_tevoet_p,stadincijfers.antwerpen.be,URLError,unreachable,2026-09-29
https://stadincijfers.antwerpen.be/viewer?var=m_mob_vrt_trambus_p,stadincijfers.antwerpen.be,URLError,unreachable,2026-09-29
https://stadincijfers.antwerpen.be/viewer?var=m_mob_vrt_trein_p,stadincijfers.antwerpen.be,URLError,unreachable,2026-09-29
https://stadincijfers.antwerpen.be/viewer?var=m_modalsplit_school_auto_p,stadincijfers.antwerpen.be,URLError,unreachable,2026-09-29
https://stadincijfers.antwerpen.be/viewer?var=m_modalsplit_school_duurz_p,stadincijfers.antwerpen.be,URLError,unreachable,2026-09-29
https://stadincijfers.antwerpen.be/viewer?var=m_modalsplit_school_fiets_p,stadincijfers.antwerpen.be,URLError,unreachable,2026-09-29
https://stadincijfers.antwerpen.be/viewer?var=m_modalsplit_school_ov_p,stadincijfers.antwerpen.be,URLError,unreachable,2026-09-29
https://stadincijfers.antwerpen.be/viewer?var=m_modalsplit_school_voet_fiets_p,stadincijfers.antwerpen.be,URLError,unreachable,2026-09-29
https://stadincijfers.antwerpen.be/viewer?var=m_modalsplit_school_voet_p,stadincijfers.antwerpen.be,URLError,unreachable,2026-09-29
https://stadincijfers.antwerpen.be/viewer?var=m_modalsplit_vt_auto_p,stadincijfers.antwerpen.be,URLError,unreachable,2026-09-29
https://stadincijfers.antwerpen.be/viewer?var=m_modalsplit_vt_duurz_p,stadincijfers.antwerpen.be,URLError,unreachable,2026-09-29
https://stadincijfers.antwerpen.be/viewer?var=m_modalsplit_vt_fiets_p,stadincijfers.antwerpen.be,URLError,unreachable,2026-09-29
https://stadincijfers.antwerpen.be/viewer?var=m_modalsplit_vt_ov_p,stadincijfers.antwerpen.be,URLError,unreachable,2026-09-29
https://stadincijfers.antwerpen.be/viewer?var=m_modalsplit_vt_voet_fiets_p,stadincijfers.antwerpen.be,URLError,unreachable,2026-09-29
https://stadincijfers.antwerpen.be/viewer?var=m_modalsplit_vt_voet_p,stadincijfers.antwerpen.be,URLError,unreachable,2026-09-29
https://stadincijfers.antwerpen.be/viewer?var=m_modalsplit_werk_auto_p,stadincijfers.antwerpen.be,URLError,unreachable,2026-09-29
https://stadincijfers.antwerpen.be/viewer?var=m_modalsplit_werk_duurz_p,stadincijfers.antwerpen.be,URLError,unreachable,2026-09-29
https://stadincijfers.antwerpen.be/viewer?var=m_modalsplit_werk_duurz_p_streef_label,stadincijfers.antwerpen.be,URLError,unreachable,2026-09-29
https://stadincijfers.antwerpen.be/viewer?var=m_modalsplit_werk_fiets_p,stadincijfers.antwerpen.be,URLError,unreachable,2026-09-29
https://stadincijfers.antwerpen.be/viewer?var=m_modalsplit_werk_ov_p,stadincijfers.antwerpen.be,URLError,unreachable,2026-09-29
https://stadincijfers.antwerpen.be/viewer?var=m_modalsplit_werk_voet_fiets_p,stadincijfers.antwerpen.be,URLError,unreachable,2026-09-29
https://stadincijfers.antwerpen.be/viewer?var=m_modalsplit_werk_voet_p,stadincijfers.antwerpen.be,URLError,unreachable,2026-09-29
https://stadincijfers.antwerpen.be/viewer?var=m_p10_buurt_mooigroen,stadincijfers.antwerpen.be,URLError,unreachable,2026-09-29
https://stadincijfers.antwerpen.be/viewer?var=m_p10_buurt_openbaarvervoer,stadincijfers.antwerpen.be,URLError,unreachable,2026-09-29
https://stadincijfers.antwerpen.be/viewer?var=m_p10_buurt_parkeerplaats,stadincijfers.antwerpen.be,URLError,unreachable,2026-09-29
https://stadincijfers.antwerpen.be/viewer?var=m_p10_buurt_verkeersgedrag,stadincijfers.antwerpen.be,URLError,unreachable,2026-09-29
https://stadincijfers.antwerpen.be/viewer?var=m_p10_buurt_verkeersinfrastructuur,stadincijfers.antwerpen.be,URLError,unreachable,2026-09-29
https://stadincijfers.antwerpen.be/viewer?var=m_p10_buurt_voorzieningen_algemeen,stadincijfers.antwerpen.be,URLError,unreachable,2026-09-29
https://stadincijfers.antwerpen.be/viewer?var=m_p10_buurt_voorzieningen_jongeren,stadincijfers.antwerpen.be,URLError,unreachable,2026-09-29
https://stadincijfers.antwerpen.be/viewer?var=m_prv_hoeproperstraat_l30d_p,stadincijfers.antwerpen.be,URLError,unreachable,2026-09-29
https://stadincijfers.antwerpen.be/viewer?var=m_prv_inspanningenbewoners_p,stadincijfers.antwerpen.be,URLError,unreachable,2026-09-29
https://stadincijfers.antwerpen.be/viewer?var=m_prv_inspanningenstadsbestuur_p,stadincijfers.antwerpen.be,URLError,unreachable,2026-09-29
https://stadincijfers.antwerpen.be/viewer?var=m_prv_onveiliggevoelbuurt_p,stadincijfers.antwerpen.be,URLError,unreachable,2026-09-29
https://stadincijfers.antwerpen.be/viewer?var=m_prv_onveiliggevoelstad_p,stadincijfers.antwerpen.be,URLError,unreachable,2026-09-29
https://stadincijfers.antwerpen.be/viewer?var=m_prv_overlastl30d_agressiefverkeersgedrag_p,stadincijfers.antwerpen.be,URLError,unreachable,2026-09-29
https://stadincijfers.antwerpen.be/viewer?var=m_prv_overlastl30d_dooralcoholdruggebruikers_p,stadincijfers.antwerpen.be,URLError,unreachable,2026-09-29
https://stadincijfers.antwerpen.be/viewer?var=m_prv_overlastl30d_lastiggevallenopstraat_p,stadincijfers.antwerpen.be,URLError,unreachable,2026-09-29
https://stadincijfers.antwerpen.be/viewer?var=m_prv_overlastl30d_onaangepastesnelheidverkeer_p,stadincijfers.antwerpen.be,URLError,unreachable,2026-09-29
https://stadincijfers.antwerpen.be/viewer?var=m_prv_overlastl30d_rijgedragfietsersonaangepast_p,stadincijfers.antwerpen.be,URLError,unreachable,2026-09-29
https://stadincijfers.antwerpen.be/viewer?var=m_prv_overlastl30d_rommelopstraat_p,stadincijfers.antwerpen.be,URLError,unreachable,2026-09-29
https://stadincijfers.antwerpen.be/viewer?var=m_prv_perceptierisico_diefstalstraat_p,stadincijfers.antwerpen.be,URLError,unreachable,2026-09-29
https://stadincijfers.antwerpen.be/viewer?var=m_prv_perceptierisico_lastiggevallen_p,stadincijfers.antwerpen.be,URLError,unreachable,2026-09-29
https://stadincijfers.antwerpen.be/viewer?var=m_prv_perceptierisico_verkeersongeval_p,stadincijfers.antwerpen.be,URLError,unreachable,2026-09-29
https://stadincijfers.antwerpen.be/viewer?var=m_schaalscore_antwerpen_onveiligheid,stadincijfers.antwerpen.be,URLError,unreachable,2026-09-29
https://stadincijfers.antwerpen.be/viewer?var=m_vt_frq_l30d_park_p,stadincijfers.antwerpen.be,URLError,unreachable,2026-09-29
https://stadincijfers.antwerpen.be/viewer?var=m_vt_frq_l30d_speelruimtekinderen_p,stadincijfers.antwerpen.be,URLError,unreachable,2026-09-29
https://stadincijfers.antwerpen.be/viewer?var=m_vt_frq_l7d_gaanfietsen_p,stadincijfers.antwerpen.be,URLError,unreachable,2026-09-29
https://stadincijfers.antwerpen.be/viewer?var=m_vt_frq_l7d_gaanhardlopen_p,stadincijfers.antwerpen.be,URLError,unreachable,2026-09-29
https://stadincijfers.antwerpen.be/viewer?var=m_vt_frq_l7d_gaanzwemmen_p,stadincijfers.antwerpen.be,URLError,unreachable,2026-09-29
https://stadincijfers.antwerpen.be/viewer?var=m_vt_frq_l7d_sportbeoefend_p,stadincijfers.antwerpen.be,URLError,unreachable,2026-09-29
https://stadincijfers.antwerpen.be/viewer?var=m_vt_frq_l7d_sporthalofsportterrein_p,stadincijfers.antwerpen.be,URLError,unreachable,2026-09-29
https://stadincijfers.antwerpen.be/viewer?var=m_won_buurt_fietspadenveilig_p,stadincijfers.antwerpen.be,URLError,unreachable,2026-09-29
https://stadincijfers.antwerpen.be/viewer?var=m_won_buurt_schoolomgevingverkeersveilig_p,stadincijfers.antwerpen.be,URLError,unreachable,2026-09-29
https://stadincijfers.antwerpen.be/viewer?var=m_won_buurt_stratenpleinenmooi_p,stadincijfers.antwerpen.be,URLError,unreachable,2026-09-29
https://stadincijfers.antwerpen.be/viewer?var=m_won_buurt_voldoendefietspaden_p,stadincijfers.antwerpen.be,URLError,unreachable,2026-09-29
https://stadincijfers.antwerpen.be/viewer?var=m_won_buurt_voldoendegroen_p,stadincijfers.antwerpen.be,URLError,unreachable,2026-09-29
https://stadincijfers.antwerpen.be/viewer?var=m_won_buurt_voldparkeerplaatsenbewoners_p,stadincijfers.antwerpen.be,URLError,unreachable,2026-09-29
https://stadincijfers.antwerpen.be/viewer?var=m_won_buurt_voldparkeervoorzieningenbezoekers_p,stadincijfers.antwerpen.be,URLError,unreachable,2026-09-29
https://stadincijfers.antwerpen.be/viewer?var=m_won_voorz_kinderentot12_p,stadincijfers.antwerpen.be,URLError,unreachable,2026-09-29
https://stadincijfers.antwerpen.be/viewer?var=m_won_voorz_openbaarvervoer_p,stadincijfers.antwerpen.be,URLError,unreachable,2026-09-29
https://stadincijfers.antwerpen.be/viewer?var=m_won_voorz_sportinfrastructuur_p,stadincijfers.antwerpen.be,URLError,unreachable,2026-09-29
https://stadincijfers.antwerpen.be/viewer?var=mbt_pct,stadincijfers.antwerpen.be,URLError,unreachable,2026-09-29
https://stadincijfers.antwerpen.be/viewer?var=mob_anders_p,stadincijfers.antwerpen.be,URLError,unreachable,2026-09-29
https://stadincijfers.antwerpen.be/viewer?var=mob_autobestuurder_p,stadincijfers.antwerpen.be,URLError,unreachable,2026-09-29
https://stadincijfers.antwerpen.be/viewer?var=mob_autopassagier_p,stadincijfers.antwerpen.be,URLError,unreachable,2026-09-29
https://stadincijfers.antwerpen.be/viewer?var=mob_fiets_p,stadincijfers.antwerpen.be,URLError,unreachable,2026-09-29
https://stadincijfers.antwerpen.be/viewer?var=mob_modalsplit_school_binring_anders,stadincijfers.antwerpen.be,URLError,unreachable,2026-09-29
https://stadincijfers.antwerpen.be/viewer?var=mob_modalsplit_school_binring_auto,stadincijfers.antwerpen.be,URLError,unreachable,2026-09-29
https://stadincijfers.antwerpen.be/viewer?var=mob_modalsplit_school_binring_fiets,stadincijfers.antwerpen.be,URLError,unreachable,2026-09-29
https://stadincijfers.antwerpen.be/viewer?var=mob_modalsplit_school_binring_ov,stadincijfers.antwerpen.be,URLError,unreachable,2026-09-29
https://stadincijfers.antwerpen.be/viewer?var=mob_modalsplit_school_binring_voet,stadincijfers.antwerpen.be,URLError,unreachable,2026-09-29
https://stadincijfers.antwerpen.be/viewer?var=mob_modalsplit_school_buitring_anders,stadincijfers.antwerpen.be,URLError,unreachable,2026-09-29
https://stadincijfers.antwerpen.be/viewer?var=mob_modalsplit_school_buitring_auto,stadincijfers.antwerpen.be,URLError,unreachable,2026-09-29
https://stadincijfers.antwerpen.be/viewer?var=mob_modalsplit_school_buitring_fiets,stadincijfers.antwerpen.be,URLError,unreachable,2026-09-29
https://stadincijfers.antwerpen.be/viewer?var=mob_modalsplit_school_buitring_ov,stadincijfers.antwerpen.be,URLError,unreachable,2026-09-29
https://stadincijfers.antwerpen.be/viewer?var=mob_modalsplit_school_buitring_voet,stadincijfers.antwerpen.be,URLError,unreachable,2026-09-29
https://stadincijfers.antwerpen.be/viewer?var=mob_modalsplit_school_duurz,stadincijfers.antwerpen.be,URLError,unreachable,2026-09-29
https://stadincijfers.antwerpen.be/viewer?var=mob_modalsplit_shop_anders,stadincijfers.antwerpen.be,URLError,unreachable,2026-09-29
https://stadincijfers.antwerpen.be/viewer?var=mob_modalsplit_shop_auto,stadincijfers.antwerpen.be,URLError,unreachable,2026-09-29
https://stadincijfers.antwerpen.be/viewer?var=mob_modalsplit_shop_binring_anders,stadincijfers.antwerpen.be,URLError,unreachable,2026-09-29
https://stadincijfers.antwerpen.be/viewer?var=mob_modalsplit_shop_binring_auto,stadincijfers.antwerpen.be,URLError,unreachable,2026-09-29
https://stadincijfers.antwerpen.be/viewer?var=mob_modalsplit_shop_binring_fiets,stadincijfers.antwerpen.be,URLError,unreachable,2026-09-29
https://stadincijfers.antwerpen.be/viewer?var=mob_modalsplit_shop_binring_ov,stadincijfers.antwerpen.be,URLError,unreachable,2026-09-29
https://stadincijfers.antwerpen.be/viewer?var=mob_modalsplit_shop_binring_voet,stadincijfers.antwerpen.be,URLError,unreachable,2026-09-29
https://stadincijfers.antwerpen.be/viewer?var=mob_modalsplit_shop_buitring_anders,stadincijfers.antwerpen.be,URLError,unreachable,2026-09-29
https://stadincijfers.antwerpen.be/viewer?var=mob_modalsplit_shop_buitring_auto,stadincijfers.antwerpen.be,URLError,unreachable,2026-09-29
https://stadincijfers.antwerpen.be/viewer?var=mob_modalsplit_shop_buitring_fiets,stadincijfers.antwerpen.be,URLError,unreachable,2026-09-29
https://stadincijfers.antwerpen.be/viewer?var=mob_modalsplit_shop_buitring_ov,stadincijfers.antwerpen.be,URLError,unreachable,2026-09-29
https://stadincijfers.antwerpen.be/viewer?var=mob_modalsplit_shop_buitring_voet,stadincijfers.antwerpen.be,URLError,unreachable,2026-09-29
https://stadincijfers.antwerpen.be/viewer?var=mob_modalsplit_shop_duurz,stadincijfers.antwerpen.be,URLError,unreachable,2026-09-29
https://stadincijfers.antwerpen.be/viewer?var=mob_modalsplit_shop_fiets,stadincijfers.antwerpen.be,URLError,unreachable,2026-09-29
https://stadincijfers.antwerpen.be/viewer?var=mob_modalsplit_shop_ov,stadincijfers.antwerpen.be,URLError,unreachable,2026-09-29
https://stadincijfers.antwerpen.be/viewer?var=mob_modalsplit_shop_voet,stadincijfers.antwerpen.be,URLError,unreachable,2026-09-29
https://stadincijfers.antwerpen.be/viewer?var=mob_modalsplit_vt_binring_anders,stadincijfers.antwerpen.be,URLError,unreachable,2026-09-29
https://stadincijfers.antwerpen.be/viewer?var=mob_modalsplit_vt_binring_auto,stadincijfers.antwerpen.be,URLError,unreachable,2026-09-29
https://stadincijfers.antwerpen.be/viewer?var=mob_modalsplit_vt_binring_fiets,stadincijfers.antwerpen.be,URLError,unreachable,2026-09-29
https://stadincijfers.antwerpen.be/viewer?var=mob_modalsplit_vt_binring_ov,stadincijfers.antwerpen.be,URLError,unreachable,2026-09-29
https://stadincijfers.antwerpen.be/viewer?var=mob_modalsplit_vt_binring_voet,stadincijfers.antwerpen.be,URLError,unreachable,2026-09-29
https://stadincijfers.antwerpen.be/viewer?var=mob_modalsplit_vt_buitring_anders,stadincijfers.antwerpen.be,URLError,unreachable,2026-09-29
https://stadincijfers.antwerpen.be/viewer?var=mob_modalsplit_vt_buitring_auto,stadincijfers.antwerpen.be,URLError,unreachable,2026-09-29
https://stadincijfers.antwerpen.be/viewer?var=mob_modalsplit_vt_buitring_fiets,stadincijfers.antwerpen.be,URLError,unreachable,2026-09-29
https://stadincijfers.antwerpen.be/viewer?var=mob_modalsplit_vt_buitring_ov,stadincijfers.antwerpen.be,URLError,unreachable,2026-09-29
https://stadincijfers.antwerpen.be/viewer?var=mob_modalsplit_vt_buitring_voet,stadincijfers.antwerpen.be,URLError,unreachable,2026-09-29
https://stadincijfers.antwerpen.be/viewer?var=mob_modalsplit_vt_duurz,stadincijfers.antwerpen.be,URLError,unreachable,2026-09-29
https://stadincijfers.antwerpen.be/viewer?var=mob_modalsplit_werk_antw_anders,stadincijfers.antwerpen.be,URLError,unreachable,2026-09-29
https://stadincijfers.antwerpen.be/viewer?var=mob_modalsplit_werk_antw_auto,stadincijfers.antwerpen.be,URLError,unreachable,2026-09-29
https://stadincijfers.antwerpen.be/viewer?var=mob_modalsplit_werk_antw_fiets,stadincijfers.antwerpen.be,URLError,unreachable,2026-09-29
https://stadincijfers.antwerpen.be/viewer?var=mob_modalsplit_werk_antw_ov,stadincijfers.antwerpen.be,URLError,unreachable,2026-09-29
https://stadincijfers.antwerpen.be/viewer?var=mob_modalsplit_werk_antw_voet,stadincijfers.antwerpen.be,URLError,unreachable,2026-09-29
https://stadincijfers.antwerpen.be/viewer?var=mob_modalsplit_werk_binring_anders,stadincijfers.antwerpen.be,URLError,unreachable,2026-09-29
https://stadincijfers.antwerpen.be/viewer?var=mob_modalsplit_werk_binring_auto,stadincijfers.antwerpen.be,URLError,unreachable,2026-09-29
https://stadincijfers.antwerpen.be/viewer?var=mob_modalsplit_werk_binring_fiets,stadincijfers.antwerpen.be,URLError,unreachable,2026-09-29
https://stadincijfers.antwerpen.be/viewer?var=mob_modalsplit_werk_binring_ov,stadincijfers.antwerpen.be,URLError,unreachable,2026-09-29
https://stadincijfers.antwerpen.be/viewer?var=mob_modalsplit_werk_binring_voet,stadincijfers.antwerpen.be,URLError,unreachable,2026-09-29
https://stadincijfers.antwerpen.be/viewer?var=mob_modalsplit_werk_buitring_anders,stadincijfers.antwerpen.be,URLError,unreachable,2026-09-29
https://stadincijfers.antwerpen.be/viewer?var=mob_modalsplit_werk_buitring_auto,stadincijfers.antwerpen.be,URLError,unreachable,2026-09-29
https://stadincijfers.antwerpen.be/viewer?var=mob_modalsplit_werk_buitring_fiets,stadincijfers.antwerpen.be,URLError,unreachable,2026-09-29
https://stadincijfers.antwerpen.be/viewer?var=mob_modalsplit_werk_buitring_ov,stadincijfers.antwerpen.be,URLError,unreachable,2026-09-29
https://stadincijfers.antwerpen.be/viewer?var=mob_modalsplit_werk_buitring_voet,stadincijfers.antwerpen.be,URLError,unreachable,2026-09-29
https://stadincijfers.antwerpen.be/viewer?var=mob_modalsplit_werk_duurz,stadincijfers.antwerpen.be,URLError,unreachable,2026-09-29
https://stadincijfers.antwerpen.be/viewer?var=mob_modalsplit_werk_flex_anders,stadincijfers.antwerpen.be,URLError,unreachable,2026-09-29
https://stadincijfers.antwerpen.be/viewer?var=mob_modalsplit_werk_flex_auto,stadincijfers.antwerpen.be,URLError,unreachable,2026-09-29
https://stadincijfers.antwerpen.be/viewer?var=mob_modalsplit_werk_flex_fiets,stadincijfers.antwerpen.be,URLError,unreachable,2026-09-29
https://stadincijfers.antwerpen.be/viewer?var=mob_modalsplit_werk_flex_ov,stadincijfers.antwerpen.be,URLError,unreachable,2026-09-29
https://stadincijfers.antwerpen.be/viewer?var=mob_modalsplit_werk_flex_voet,stadincijfers.antwerpen.be,URLError,unreachable,2026-09-29
https://stadincijfers.antwerpen.be/viewer?var=mob_modalsplit_werk_ntantw_anders,stadincijfers.antwerpen.be,URLError,unreachable,2026-09-29
https://stadincijfers.antwerpen.be/viewer?var=mob_modalsplit_werk_ntantw_auto,stadincijfers.antwerpen.be,URLError,unreachable,2026-09-29
https://stadincijfers.antwerpen.be/viewer?var=mob_modalsplit_werk_ntantw_fiets,stadincijfers.antwerpen.be,URLError,unreachable,2026-09-29
https://stadincijfers.antwerpen.be/viewer?var=mob_modalsplit_werk_ntantw_ov,stadincijfers.antwerpen.be,URLError,unreachable,2026-09-29
https://stadincijfers.antwerpen.be/viewer?var=mob_modalsplit_werk_ntantw_voet,stadincijfers.antwerpen.be,URLError,unreachable,2026-09-29
https://stadincijfers.antwerpen.be/viewer?var=mob_modalsplit_werk_ntspits_anders,stadincijfers.antwerpen.be,URLError,unreachable,2026-09-29
https://stadincijfers.antwerpen.be/viewer?var=mob_modalsplit_werk_ntspits_auto,stadincijfers.antwerpen.be,URLError,unreachable,2026-09-29
https://stadincijfers.antwerpen.be/viewer?var=mob_modalsplit_werk_ntspits_fiets,stadincijfers.antwerpen.be,URLError,unreachable,2026-09-29
https://stadincijfers.antwerpen.be/viewer?var=mob_modalsplit_werk_ntspits_ov,stadincijfers.antwerpen.be,URLError,unreachable,2026-09-29
https://stadincijfers.antwerpen.be/viewer?var=mob_modalsplit_werk_ntspits_voet,stadincijfers.antwerpen.be,URLError,unreachable,2026-09-29
https://stadincijfers.antwerpen.be/viewer?var=mob_modalsplit_werk_spits_anders,stadincijfers.antwerpen.be,URLError,unreachable,2026-09-29
https://stadincijfers.antwerpen.be/viewer?var=mob_modalsplit_werk_spits_auto,stadincijfers.antwerpen.be,URLError,unreachable,2026-09-29
https://stadincijfers.antwerpen.be/viewer?var=mob_modalsplit_werk_spits_fiets,stadincijfers.antwerpen.be,URLError,unreachable,2026-09-29
https://stadincijfers.antwerpen.be/viewer?var=mob_modalsplit_werk_spits_ov,stadincijfers.antwerpen.be,URLError,unreachable,2026-09-29
https://stadincijfers.antwerpen.be/viewer?var=mob_modalsplit_werk_spits_voet,stadincijfers.antwerpen.be,URLError,unreachable,2026-09-29
https://stadincijfers.antwerpen.be/viewer?var=mob_modalsplit_werk_variab_anders,stadincijfers.antwerpen.be,URLError,unreachable,2026-09-29
https://stadincijfers.antwerpen.be/viewer?var=mob_modalsplit_werk_variab_auto,stadincijfers.antwerpen.be,URLError,unreachable,2026-09-29
https://stadincijfers.antwerpen.be/viewer?var=mob_modalsplit_werk_variab_fiets,stadincijfers.antwerpen.be,URLError,unreachable,2026-09-29
https://stadincijfers.antwerpen.be/viewer?var=mob_modalsplit_werk_variab_ov,stadincijfers.antwerpen.be,URLError,unreachable,2026-09-29
https://stadincijfers.antwerpen.be/viewer?var=mob_modalsplit_werk_variab_voet,stadincijfers.antwerpen.be,URLError,unreachable,2026-09-29
https://stadincijfers.antwerpen.be/viewer?var=mob_motorbromfiets_p,stadincijfers.antwerpen.be,URLError,unreachable,2026-09-29
https://stadincijfers.antwerpen.be/viewer?var=mob_tevoet_n,stadincijfers.antwerpen.be,URLError,unreachable,2026-09-29
https://stadincijfers.antwerpen.be/viewer?var=mob_tevoet_p,stadincijfers.antwerpen.be,URLError,unreachable,2026-09-29
https://stadincijfers.antwerpen.be/viewer?var=mob_trambus_p,stadincijfers.antwerpen.be,URLError,unreachable,2026-09-29
https://stadincijfers.antwerpen.be/viewer?var=mob_trein_p,stadincijfers.antwerpen.be,URLError,unreachable,2026-09-29
https://stadincijfers.antwerpen.be/viewer?var=mob_vrt_anders_p,stadincijfers.antwerpen.be,URLError,unreachable,2026-09-29
https://stadincijfers.antwerpen.be/viewer?var=mob_vrt_autobestuurder_p,stadincijfers.antwerpen.be,URLError,unreachable,2026-09-29
https://stadincijfers.antwerpen.be/viewer?var=mob_vrt_autopassagier_p,stadincijfers.antwerpen.be,URLError,unreachable,2026-09-29
https://stadincijfers.antwerpen.be/viewer?var=mob_vrt_fiets_p,stadincijfers.antwerpen.be,URLError,unreachable,2026-09-29
https://stadincijfers.antwerpen.be/viewer?var=mob_vrt_motorbromfiets_p,stadincijfers.antwerpen.be,URLError,unreachable,2026-09-29
https://stadincijfers.antwerpen.be/viewer?var=mob_vrt_tevoet_n,stadincijfers.antwerpen.be,URLError,unreachable,2026-09-29
https://stadincijfers.antwerpen.be/viewer?var=mob_vrt_tevoet_p,stadincijfers.antwerpen.be,URLError,unreachable,2026-09-29
https://stadincijfers.antwerpen.be/viewer?var=mob_vrt_trambus_p,stadincijfers.antwerpen.be,URLError,unreachable,2026-09-29
https://stadincijfers.antwerpen.be/viewer?var=mob_vrt_trein_p,stadincijfers.antwerpen.be,URLError,unreachable,2026-09-29
https://stadincijfers.antwerpen.be/viewer?var=modalsplit_school_anders_p,stadincijfers.antwerpen.be,URLError,unreachable,2026-09-29
https://stadincijfers.antwerpen.be/viewer?var=modalsplit_school_auto_p,stadincijfers.antwerpen.be,URLError,unreachable,2026-09-29
https://stadincijfers.antwerpen.be/viewer?var=modalsplit_school_duurz_p,stadincijfers.antwerpen.be,URLError,unreachable,2026-09-29
https://stadincijfers.antwerpen.be/viewer?var=modalsplit_school_fiets_p,stadincijfers.antwerpen.be,URLError,unreachable,2026-09-29
https://stadincijfers.antwerpen.be/viewer?var=modalsplit_school_ov_p,stadincijfers.antwerpen.be,URLError,unreachable,2026-09-29
https://stadincijfers.antwerpen.be/viewer?var=modalsplit_school_voet_fiets_p,stadincijfers.antwerpen.be,URLError,unreachable,2026-09-29
https://stadincijfers.antwerpen.be/viewer?var=modalsplit_school_voet_p,stadincijfers.antwerpen.be,URLError,unreachable,2026-09-29
https://stadincijfers.antwerpen.be/viewer?var=modalsplit_vt_anders_p,stadincijfers.antwerpen.be,URLError,unreachable,2026-09-29
https://stadincijfers.antwerpen.be/viewer?var=modalsplit_vt_auto_p,stadincijfers.antwerpen.be,URLError,unreachable,2026-09-29
https://stadincijfers.antwerpen.be/viewer?var=modalsplit_vt_fiets_p,stadincijfers.antwerpen.be,URLError,unreachable,2026-09-29
https://stadincijfers.antwerpen.be/viewer?var=modalsplit_vt_ov_p,stadincijfers.antwerpen.be,URLError,unreachable,2026-09-29
https://stadincijfers.antwerpen.be/viewer?var=modalsplit_vt_voet_fiets_p,stadincijfers.antwerpen.be,URLError,unreachable,2026-09-29
https://stadincijfers.antwerpen.be/viewer?var=modalsplit_vt_voet_p,stadincijfers.antwerpen.be,URLError,unreachable,2026-09-29
https://stadincijfers.antwerpen.be/viewer?var=modalsplit_werk_anders_p,stadincijfers.antwerpen.be,URLError,unreachable,2026-09-29
https://stadincijfers.antwerpen.be/viewer?var=modalsplit_werk_auto_p,stadincijfers.antwerpen.be,URLError,unreachable,2026-09-29
https://stadincijfers.antwerpen.be/viewer?var=modalsplit_werk_duurz_p,stadincijfers.antwerpen.be,URLError,unreachable,2026-09-29
https://stadincijfers.antwerpen.be/viewer?var=modalsplit_werk_fiets_p,stadincijfers.antwerpen.be,URLError,unreachable,2026-09-29
https://stadincijfers.antwerpen.be/viewer?var=modalsplit_werk_ov_p,stadincijfers.antwerpen.be,URLError,unreachable,2026-09-29
https://stadincijfers.antwerpen.be/viewer?var=modalsplit_werk_voet_fiets_p,stadincijfers.antwerpen.be,URLError,unreachable,2026-09-29
https://stadincijfers.antwerpen.be/viewer?var=modalsplit_werk_voet_p,stadincijfers.antwerpen.be,URLError,unreachable,2026-09-29
https://stadincijfers.antwerpen.be/viewer?var=motobrom_pct,stadincijfers.antwerpen.be,URLError,unreachable,2026-09-29
https://stadincijfers.antwerpen.be/viewer?var=n_aboov_gezin,stadincijfers.antwerpen.be,URLError,unreachable,2026-09-29
https://stadincijfers.antwerpen.be/viewer?var=n_ad_boom_publiek_,stadincijfers.antwerpen.be,URLError,unreachable,2026-09-29
https://stadincijfers.antwerpen.be/viewer?var=n_ad_boom_toekomst_,stadincijfers.antwerpen.be,URLError,unreachable,2026-09-29
https://stadincijfers.antwerpen.be/viewer?var=n_ander_deelsyst,stadincijfers.antwerpen.be,URLError,unreachable,2026-09-29
https://stadincijfers.antwerpen.be/viewer?var=n_bakfiets,stadincijfers.antwerpen.be,URLError,unreachable,2026-09-29
https://stadincijfers.antwerpen.be/viewer?var=n_beb_buurtvoorzieningen,stadincijfers.antwerpen.be,URLError,unreachable,2026-09-29
https://stadincijfers.antwerpen.be/viewer?var=n_beb_sdvoorzieningen,stadincijfers.antwerpen.be,URLError,unreachable,2026-09-29
https://stadincijfers.antwerpen.be/viewer?var=n_beb_voorzieningen,stadincijfers.antwerpen.be,URLError,unreachable,2026-09-29
https://stadincijfers.antwerpen.be/viewer?var=n_bedrijfswagen_gezin,stadincijfers.antwerpen.be,URLError,unreachable,2026-09-29
https://stadincijfers.antwerpen.be/viewer?var=n_beweegnorm,stadincijfers.antwerpen.be,URLError,unreachable,2026-09-29
https://stadincijfers.antwerpen.be/viewer?var=n_beweegnorm_man,stadincijfers.antwerpen.be,URLError,unreachable,2026-09-29
https://stadincijfers.antwerpen.be/viewer?var=n_beweegnorm_vrouw,stadincijfers.antwerpen.be,URLError,unreachable,2026-09-29
https://stadincijfers.antwerpen.be/viewer?var=n_bird,stadincijfers.antwerpen.be,URLError,unreachable,2026-09-29
https://stadincijfers.antwerpen.be/viewer?var=n_bluebike,stadincijfers.antwerpen.be,URLError,unreachable,2026-09-29
https://stadincijfers.antwerpen.be/viewer?var=n_bolides,stadincijfers.antwerpen.be,URLError,unreachable,2026-09-29
https://stadincijfers.antwerpen.be/viewer?var=n_boom_acer,stadincijfers.antwerpen.be,URLError,unreachable,2026-09-29
https://stadincijfers.antwerpen.be/viewer?var=n_boom_aesculus,stadincijfers.antwerpen.be,URLError,unreachable,2026-09-29
https://stadincijfers.antwerpen.be/viewer?var=n_boom_alnus,stadincijfers.antwerpen.be,URLError,unreachable,2026-09-29
https://stadincijfers.antwerpen.be/viewer?var=n_boom_carpinus,stadincijfers.antwerpen.be,URLError,unreachable,2026-09-29
https://stadincijfers.antwerpen.be/viewer?var=n_boom_corylus,stadincijfers.antwerpen.be,URLError,unreachable,2026-09-29
https://stadincijfers.antwerpen.be/viewer?var=n_boom_fraxinus,stadincijfers.antwerpen.be,URLError,unreachable,2026-09-29
https://stadincijfers.antwerpen.be/viewer?var=n_boom_gebruiksgroen,stadincijfers.antwerpen.be,URLError,unreachable,2026-09-29
https://stadincijfers.antwerpen.be/viewer?var=n_boom_grootte1,stadincijfers.antwerpen.be,URLError,unreachable,2026-09-29
https://stadincijfers.antwerpen.be/viewer?var=n_boom_grootte2,stadincijfers.antwerpen.be,URLError,unreachable,2026-09-29
https://stadincijfers.antwerpen.be/viewer?var=n_boom_grootte3,stadincijfers.antwerpen.be,URLError,unreachable,2026-09-29
https://stadincijfers.antwerpen.be/viewer?var=n_boom_liquidambar,stadincijfers.antwerpen.be,URLError,unreachable,2026-09-29
https://stadincijfers.antwerpen.be/viewer?var=n_boom_malus,stadincijfers.antwerpen.be,URLError,unreachable,2026-09-29
https://stadincijfers.antwerpen.be/viewer?var=n_boom_platanus,stadincijfers.antwerpen.be,URLError,unreachable,2026-09-29
https://stadincijfers.antwerpen.be/viewer?var=n_boom_plein,stadincijfers.antwerpen.be,URLError,unreachable,2026-09-29
https://stadincijfers.antwerpen.be/viewer?var=n_boom_plein_wegbaan,stadincijfers.antwerpen.be,URLError,unreachable,2026-09-29
https://stadincijfers.antwerpen.be/viewer?var=n_boom_plein_wegbaan_gebruiksgroen,stadincijfers.antwerpen.be,URLError,unreachable,2026-09-29
https://stadincijfers.antwerpen.be/viewer?var=n_boom_populus,stadincijfers.antwerpen.be,URLError,unreachable,2026-09-29
https://stadincijfers.antwerpen.be/viewer?var=n_boom_prunus,stadincijfers.antwerpen.be,URLError,unreachable,2026-09-29
https://stadincijfers.antwerpen.be/viewer?var=n_boom_pyrus,stadincijfers.antwerpen.be,URLError,unreachable,2026-09-29
https://stadincijfers.antwerpen.be/viewer?var=n_boom_quercus,stadincijfers.antwerpen.be,URLError,unreachable,2026-09-29
https://stadincijfers.antwerpen.be/viewer?var=n_boom_robinia,stadincijfers.antwerpen.be,URLError,unreachable,2026-09-29
https://stadincijfers.antwerpen.be/viewer?var=n_boom_salix,stadincijfers.antwerpen.be,URLError,unreachable,2026-09-29
https://stadincijfers.antwerpen.be/viewer?var=n_boom_sorbus,stadincijfers.antwerpen.be,URLError,unreachable,2026-09-29
https://stadincijfers.antwerpen.be/viewer?var=n_boom_stamomtrek1,stadincijfers.antwerpen.be,URLError,unreachable,2026-09-29
https://stadincijfers.antwerpen.be/viewer?var=n_boom_stamomtrek2,stadincijfers.antwerpen.be,URLError,unreachable,2026-09-29
https://stadincijfers.antwerpen.be/viewer?var=n_boom_stamomtrek3,stadincijfers.antwerpen.be,URLError,unreachable,2026-09-29
https://stadincijfers.antwerpen.be/viewer?var=n_boom_tilia,stadincijfers.antwerpen.be,URLError,unreachable,2026-09-29
https://stadincijfers.antwerpen.be/viewer?var=n_boom_toekomst,stadincijfers.antwerpen.be,URLError,unreachable,2026-09-29
https://stadincijfers.antwerpen.be/viewer?var=n_boom_ulmus,stadincijfers.antwerpen.be,URLError,unreachable,2026-09-29
https://stadincijfers.antwerpen.be/viewer?var=n_boom_wegbaan,stadincijfers.antwerpen.be,URLError,unreachable,2026-09-29
https://stadincijfers.antwerpen.be/viewer?var=n_bouwblok,stadincijfers.antwerpen.be,URLError,unreachable,2026-09-29
https://stadincijfers.antwerpen.be/viewer?var=n_bushalte,stadincijfers.antwerpen.be,URLError,unreachable,2026-09-29
https://stadincijfers.antwerpen.be/viewer?var=n_bushaltering,stadincijfers.antwerpen.be,URLError,unreachable,2026-09-29
https://stadincijfers.antwerpen.be/viewer?var=n_buslijn,stadincijfers.antwerpen.be,URLError,unreachable,2026-09-29
https://stadincijfers.antwerpen.be/viewer?var=n_buurtsport,stadincijfers.antwerpen.be,URLError,unreachable,2026-09-29
https://stadincijfers.antwerpen.be/viewer?var=n_buurtvoorzieningen,stadincijfers.antwerpen.be,URLError,unreachable,2026-09-29
https://stadincijfers.antwerpen.be/viewer?var=n_cambio,stadincijfers.antwerpen.be,URLError,unreachable,2026-09-29
https://stadincijfers.antwerpen.be/viewer?var=n_cargoroo,stadincijfers.antwerpen.be,URLError,unreachable,2026-09-29
https://stadincijfers.antwerpen.be/viewer?var=n_cloudbike,stadincijfers.antwerpen.be,URLError,unreachable,2026-09-29
https://stadincijfers.antwerpen.be/viewer?var=n_comm_ontspanninghobby,stadincijfers.antwerpen.be,URLError,unreachable,2026-09-29
https://stadincijfers.antwerpen.be/viewer?var=n_cozywheels,stadincijfers.antwerpen.be,URLError,unreachable,2026-09-29
https://stadincijfers.antwerpen.be/viewer?var=n_deelfiets,stadincijfers.antwerpen.be,URLError,unreachable,2026-09-29
https://stadincijfers.antwerpen.be/viewer?var=n_deelsystemen,stadincijfers.antwerpen.be,URLError,unreachable,2026-09-29
https://stadincijfers.antwerpen.be/viewer?var=n_deelwagen,stadincijfers.antwerpen.be,URLError,unreachable,2026-09-29
https://stadincijfers.antwerpen.be/viewer?var=n_degage,stadincijfers.antwerpen.be,URLError,unreachable,2026-09-29
https://stadincijfers.antwerpen.be/viewer?var=n_delijn_gezin,stadincijfers.antwerpen.be,URLError,unreachable,2026-09-29
https://stadincijfers.antwerpen.be/viewer?var=n_diabetes,stadincijfers.antwerpen.be,URLError,unreachable,2026-09-29
https://stadincijfers.antwerpen.be/viewer?var=n_donkey,stadincijfers.antwerpen.be,URLError,unreachable,2026-09-29
https://stadincijfers.antwerpen.be/viewer?var=n_doodsoorzaak_endocr,stadincijfers.antwerpen.be,URLError,unreachable,2026-09-29
https://stadincijfers.antwerpen.be/viewer?var=n_doodsoorzaak_hart_vaat,stadincijfers.antwerpen.be,URLError,unreachable,2026-09-29
https://stadincijfers.antwerpen.be/viewer?var=n_doodsoorzaak_kanker,stadincijfers.antwerpen.be,URLError,unreachable,2026-09-29
https://stadincijfers.antwerpen.be/viewer?var=n_doodsoorzaak_spijsvert,stadincijfers.antwerpen.be,URLError,unreachable,2026-09-29
https://stadincijfers.antwerpen.be/viewer?var=n_eigenwagen_gezin,stadincijfers.antwerpen.be,URLError,unreachable,2026-09-29
https://stadincijfers.antwerpen.be/viewer?var=n_elekfiets,stadincijfers.antwerpen.be,URLError,unreachable,2026-09-29
https://stadincijfers.antwerpen.be/viewer?var=n_estep,stadincijfers.antwerpen.be,URLError,unreachable,2026-09-29
https://stadincijfers.antwerpen.be/viewer?var=n_fiets_tot,stadincijfers.antwerpen.be,URLError,unreachable,2026-09-29
https://stadincijfers.antwerpen.be/viewer?var=n_fietsstal_bewaakt,stadincijfers.antwerpen.be,URLError,unreachable,2026-09-29
https://stadincijfers.antwerpen.be/viewer?var=n_fietsstal_straat,stadincijfers.antwerpen.be,URLError,unreachable,2026-09-29
https://stadincijfers.antwerpen.be/viewer?var=n_fietsstal_straat_nietoverkapt,stadincijfers.antwerpen.be,URLError,unreachable,2026-09-29
https://stadincijfers.antwerpen.be/viewer?var=n_fietsstal_straat_overkapt,stadincijfers.antwerpen.be,URLError,unreachable,2026-09-29
https://stadincijfers.antwerpen.be/viewer?var=n_gewone_fiets,stadincijfers.antwerpen.be,URLError,unreachable,2026-09-29
https://stadincijfers.antwerpen.be/viewer?var=n_gezond_gewicht,stadincijfers.antwerpen.be,URLError,unreachable,2026-09-29
https://stadincijfers.antwerpen.be/viewer?var=n_gezond_gewicht_man,stadincijfers.antwerpen.be,URLError,unreachable,2026-09-29
https://stadincijfers.antwerpen.be/viewer?var=n_gezond_gewicht_vrouw,stadincijfers.antwerpen.be,URLError,unreachable,2026-09-29
https://stadincijfers.antwerpen.be/viewer?var=n_grb_wegknoop,stadincijfers.antwerpen.be,URLError,unreachable,2026-09-29
https://stadincijfers.antwerpen.be/viewer?var=n_grb_wegknoop_bed,stadincijfers.antwerpen.be,URLError,unreachable,2026-09-29
https://stadincijfers.antwerpen.be/viewer?var=n_grb_wegknoop_gnv,stadincijfers.antwerpen.be,URLError,unreachable,2026-09-29
https://stadincijfers.antwerpen.be/viewer?var=n_grb_wegknoop_gro,stadincijfers.antwerpen.be,URLError,unreachable,2026-09-29
https://stadincijfers.antwerpen.be/viewer?var=n_grb_wegknoop_ldb,stadincijfers.antwerpen.be,URLError,unreachable,2026-09-29
https://stadincijfers.antwerpen.be/viewer?var=n_grb_wegknoop_lni,stadincijfers.antwerpen.be,URLError,unreachable,2026-09-29
https://stadincijfers.antwerpen.be/viewer?var=n_grb_wegknoop_owa,stadincijfers.antwerpen.be,URLError,unreachable,2026-09-29
https://stadincijfers.antwerpen.be/viewer?var=n_grb_wegknoop_rec,stadincijfers.antwerpen.be,URLError,unreachable,2026-09-29
https://stadincijfers.antwerpen.be/viewer?var=n_grb_wegknoop_won,stadincijfers.antwerpen.be,URLError,unreachable,2026-09-29
https://stadincijfers.antwerpen.be/viewer?var=n_grb_wegknoop_zonderhaven,stadincijfers.antwerpen.be,URLError,unreachable,2026-09-29
https://stadincijfers.antwerpen.be/viewer?var=n_greenmobility,stadincijfers.antwerpen.be,URLError,unreachable,2026-09-29
https://stadincijfers.antwerpen.be/viewer?var=n_halte_veerdienst,stadincijfers.antwerpen.be,URLError,unreachable,2026-09-29
https://stadincijfers.antwerpen.be/viewer?var=n_halte_waterbus,stadincijfers.antwerpen.be,URLError,unreachable,2026-09-29
https://stadincijfers.antwerpen.be/viewer?var=n_hondenloopzone,stadincijfers.antwerpen.be,URLError,unreachable,2026-09-29
https://stadincijfers.antwerpen.be/viewer?var=n_kankers,stadincijfers.antwerpen.be,URLError,unreachable,2026-09-29
https://stadincijfers.antwerpen.be/viewer?var=n_kankers_man,stadincijfers.antwerpen.be,URLError,unreachable,2026-09-29
https://stadincijfers.antwerpen.be/viewer?var=n_kankers_man_darm,stadincijfers.antwerpen.be,URLError,unreachable,2026-09-29
https://stadincijfers.antwerpen.be/viewer?var=n_kankers_man_huid,stadincijfers.antwerpen.be,URLError,unreachable,2026-09-29
https://stadincijfers.antwerpen.be/viewer?var=n_kankers_man_long,stadincijfers.antwerpen.be,URLError,unreachable,2026-09-29
https://stadincijfers.antwerpen.be/viewer?var=n_kankers_man_prostaat,stadincijfers.antwerpen.be,URLError,unreachable,2026-09-29
https://stadincijfers.antwerpen.be/viewer?var=n_kankers_vrouw,stadincijfers.antwerpen.be,URLError,unreachable,2026-09-29
https://stadincijfers.antwerpen.be/viewer?var=n_kankers_vrouw_borst,stadincijfers.antwerpen.be,URLError,unreachable,2026-09-29
https://stadincijfers.antwerpen.be/viewer?var=n_kankers_vrouw_darm,stadincijfers.antwerpen.be,URLError,unreachable,2026-09-29
https://stadincijfers.antwerpen.be/viewer?var=n_kankers_vrouw_huid,stadincijfers.antwerpen.be,URLError,unreachable,2026-09-29
https://stadincijfers.antwerpen.be/viewer?var=n_kankers_vrouw_long,stadincijfers.antwerpen.be,URLError,unreachable,2026-09-29
https://stadincijfers.antwerpen.be/viewer?var=n_laadpaal_snel,stadincijfers.antwerpen.be,URLError,unreachable,2026-09-29
https://stadincijfers.antwerpen.be/viewer?var=n_laadpaal_standaard,stadincijfers.antwerpen.be,URLError,unreachable,2026-09-29
https://stadincijfers.antwerpen.be/viewer?var=n_longtail,stadincijfers.antwerpen.be,URLError,unreachable,2026-09-29
https://stadincijfers.antwerpen.be/viewer?var=n_mbt,stadincijfers.antwerpen.be,URLError,unreachable,2026-09-29
https://stadincijfers.antwerpen.be/viewer?var=n_mi_mob_deel_,stadincijfers.antwerpen.be,URLError,unreachable,2026-09-29
https://stadincijfers.antwerpen.be/viewer?var=n_mi_mob_laadp_,stadincijfers.antwerpen.be,URLError,unreachable,2026-09-29
https://stadincijfers.antwerpen.be/viewer?var=n_milesmobility,stadincijfers.antwerpen.be,URLError,unreachable,2026-09-29
https://stadincijfers.antwerpen.be/viewer?var=n_mobit,stadincijfers.antwerpen.be,URLError,unreachable,2026-09-29
https://stadincijfers.antwerpen.be/viewer?var=n_motobrom,stadincijfers.antwerpen.be,URLError,unreachable,2026-09-29
https://stadincijfers.antwerpen.be/viewer?var=n_nmbs_gezin,stadincijfers.antwerpen.be,URLError,unreachable,2026-09-29
https://stadincijfers.antwerpen.be/viewer?var=n_obesitas,stadincijfers.antwerpen.be,URLError,unreachable,2026-09-29
https://stadincijfers.antwerpen.be/viewer?var=n_obesitas_man,stadincijfers.antwerpen.be,URLError,unreachable,2026-09-29
https://stadincijfers.antwerpen.be/viewer?var=n_obesitas_vrouw,stadincijfers.antwerpen.be,URLError,unreachable,2026-09-29
https://stadincijfers.antwerpen.be/viewer?var=n_onbeb_buurtvoorzieningen,stadincijfers.antwerpen.be,URLError,unreachable,2026-09-29
https://stadincijfers.antwerpen.be/viewer?var=n_onbeb_sdvoorzieningen,stadincijfers.antwerpen.be,URLError,unreachable,2026-09-29
https://stadincijfers.antwerpen.be/viewer?var=n_onbeb_voorzieningen,stadincijfers.antwerpen.be,URLError,unreachable,2026-09-29
https://stadincijfers.antwerpen.be/viewer?var=n_onbeb_wijkvoorzieningen,stadincijfers.antwerpen.be,URLError,unreachable,2026-09-29
https://stadincijfers.antwerpen.be/viewer?var=n_parkeervak_betaald,stadincijfers.antwerpen.be,URLError,unreachable,2026-09-29
https://stadincijfers.antwerpen.be/viewer?var=n_parkeervak_betaald_blauw,stadincijfers.antwerpen.be,URLError,unreachable,2026-09-29
https://stadincijfers.antwerpen.be/viewer?var=n_parkeervak_betaald_donkergroen,stadincijfers.antwerpen.be,URLError,unreachable,2026-09-29
https://stadincijfers.antwerpen.be/viewer?var=n_parkeervak_betaald_geel,stadincijfers.antwerpen.be,URLError,unreachable,2026-09-29
https://stadincijfers.antwerpen.be/viewer?var=n_parkeervak_betaald_geen,stadincijfers.antwerpen.be,URLError,unreachable,2026-09-29
https://stadincijfers.antwerpen.be/viewer?var=n_parkeervak_betaald_lichtgroen,stadincijfers.antwerpen.be,URLError,unreachable,2026-09-29
https://stadincijfers.antwerpen.be/viewer?var=n_parkeervak_betaald_rood,stadincijfers.antwerpen.be,URLError,unreachable,2026-09-29
https://stadincijfers.antwerpen.be/viewer?var=n_parkeervak_betaald_roze,stadincijfers.antwerpen.be,URLError,unreachable,2026-09-29
https://stadincijfers.antwerpen.be/viewer?var=n_parkeervak_betaald_shopgo,stadincijfers.antwerpen.be,URLError,unreachable,2026-09-29
https://stadincijfers.antwerpen.be/viewer?var=n_parkeren_alleautos,stadincijfers.antwerpen.be,URLError,unreachable,2026-09-29
https://stadincijfers.antwerpen.be/viewer?var=n_parkingthuis_garage_ander,stadincijfers.antwerpen.be,URLError,unreachable,2026-09-29
https://stadincijfers.antwerpen.be/viewer?var=n_parkingthuis_garage_woning,stadincijfers.antwerpen.be,URLError,unreachable,2026-09-29
https://stadincijfers.antwerpen.be/viewer?var=n_parkingthuis_oprit,stadincijfers.antwerpen.be,URLError,unreachable,2026-09-29
https://stadincijfers.antwerpen.be/viewer?var=n_parkingthuis_straat_bewk,stadincijfers.antwerpen.be,URLError,unreachable,2026-09-29
https://stadincijfers.antwerpen.be/viewer?var=n_parkingthuis_straat_zonderbewk,stadincijfers.antwerpen.be,URLError,unreachable,2026-09-29
https://stadincijfers.antwerpen.be/viewer?var=n_part_autodelen,stadincijfers.antwerpen.be,URLError,unreachable,2026-09-29
https://stadincijfers.antwerpen.be/viewer?var=n_poppy,stadincijfers.antwerpen.be,URLError,unreachable,2026-09-29
https://stadincijfers.antwerpen.be/viewer?var=n_racefiets,stadincijfers.antwerpen.be,URLError,unreachable,2026-09-29
https://stadincijfers.antwerpen.be/viewer?var=n_respons_aboov,stadincijfers.antwerpen.be,URLError,unreachable,2026-09-29
https://stadincijfers.antwerpen.be/viewer?var=n_respons_auto_gezin,stadincijfers.antwerpen.be,URLError,unreachable,2026-09-29
https://stadincijfers.antwerpen.be/viewer?var=n_respons_beweegnorm,stadincijfers.antwerpen.be,URLError,unreachable,2026-09-29
https://stadincijfers.antwerpen.be/viewer?var=n_respons_beweegnorm_man,stadincijfers.antwerpen.be,URLError,unreachable,2026-09-29
https://stadincijfers.antwerpen.be/viewer?var=n_respons_beweegnorm_vrouw,stadincijfers.antwerpen.be,URLError,unreachable,2026-09-29
https://stadincijfers.antwerpen.be/viewer?var=n_respons_bez_verplaatsing_fiets,stadincijfers.antwerpen.be,URLError,unreachable,2026-09-29
https://stadincijfers.antwerpen.be/viewer?var=n_respons_bez_verplaatsing_mot,stadincijfers.antwerpen.be,URLError,unreachable,2026-09-29
https://stadincijfers.antwerpen.be/viewer?var=n_respons_bez_verplaatsing_ov,stadincijfers.antwerpen.be,URLError,unreachable,2026-09-29
https://stadincijfers.antwerpen.be/viewer?var=n_respons_carpooling,stadincijfers.antwerpen.be,URLError,unreachable,2026-09-29
https://stadincijfers.antwerpen.be/viewer?var=n_respons_fiets_gezin,stadincijfers.antwerpen.be,URLError,unreachable,2026-09-29
https://stadincijfers.antwerpen.be/viewer?var=n_respons_gewicht,stadincijfers.antwerpen.be,URLError,unreachable,2026-09-29
https://stadincijfers.antwerpen.be/viewer?var=n_respons_infobereikpark,stadincijfers.antwerpen.be,URLError,unreachable,2026-09-29
https://stadincijfers.antwerpen.be/viewer?var=n_respons_ntfiets,stadincijfers.antwerpen.be,URLError,unreachable,2026-09-29
https://stadincijfers.antwerpen.be/viewer?var=n_respons_ntfiets_hoogopl,stadincijfers.antwerpen.be,URLError,unreachable,2026-09-29
https://stadincijfers.antwerpen.be/viewer?var=n_respons_ntfiets_laagopl,stadincijfers.antwerpen.be,URLError,unreachable,2026-09-29
https://stadincijfers.antwerpen.be/viewer?var=n_respons_ntfiets_m,stadincijfers.antwerpen.be,URLError,unreachable,2026-09-29
https://stadincijfers.antwerpen.be/viewer?var=n_respons_ntfiets_middopl,stadincijfers.antwerpen.be,URLError,unreachable,2026-09-29
https://stadincijfers.antwerpen.be/viewer?var=n_respons_ntfiets_ntregelm,stadincijfers.antwerpen.be,URLError,unreachable,2026-09-29
https://stadincijfers.antwerpen.be/viewer?var=n_respons_ntfiets_regelm,stadincijfers.antwerpen.be,URLError,unreachable,2026-09-29
https://stadincijfers.antwerpen.be/viewer?var=n_respons_ntfiets_v,stadincijfers.antwerpen.be,URLError,unreachable,2026-09-29
https://stadincijfers.antwerpen.be/viewer?var=n_respons_ovdrempel,stadincijfers.antwerpen.be,URLError,unreachable,2026-09-29
https://stadincijfers.antwerpen.be/viewer?var=n_respons_ovmotief,stadincijfers.antwerpen.be,URLError,unreachable,2026-09-29
https://stadincijfers.antwerpen.be/viewer?var=n_respons_park_ride,stadincijfers.antwerpen.be,URLError,unreachable,2026-09-29
https://stadincijfers.antwerpen.be/viewer?var=n_respons_parkingauto,stadincijfers.antwerpen.be,URLError,unreachable,2026-09-29
https://stadincijfers.antwerpen.be/viewer?var=n_respons_parkingprobl_werk,stadincijfers.antwerpen.be,URLError,unreachable,2026-09-29
https://stadincijfers.antwerpen.be/viewer?var=n_respons_prdrempel,stadincijfers.antwerpen.be,URLError,unreachable,2026-09-29
https://stadincijfers.antwerpen.be/viewer?var=n_respons_reistijd_h,stadincijfers.antwerpen.be,URLError,unreachable,2026-09-29
https://stadincijfers.antwerpen.be/viewer?var=n_respons_reistijd_t,stadincijfers.antwerpen.be,URLError,unreachable,2026-09-29
https://stadincijfers.antwerpen.be/viewer?var=n_respons_verbinding_ov,stadincijfers.antwerpen.be,URLError,unreachable,2026-09-29
https://stadincijfers.antwerpen.be/viewer?var=n_respons_verbinding_ov_bez,stadincijfers.antwerpen.be,URLError,unreachable,2026-09-29
https://stadincijfers.antwerpen.be/viewer?var=n_respons_vt_fiets,stadincijfers.antwerpen.be,URLError,unreachable,2026-09-29
https://stadincijfers.antwerpen.be/viewer?var=n_respons_vt_fiets_1625j,stadincijfers.antwerpen.be,URLError,unreachable,2026-09-29
https://stadincijfers.antwerpen.be/viewer?var=n_respons_vt_fiets_2635j,stadincijfers.antwerpen.be,URLError,unreachable,2026-09-29
https://stadincijfers.antwerpen.be/viewer?var=n_respons_vt_fiets_3645j,stadincijfers.antwerpen.be,URLError,unreachable,2026-09-29
https://stadincijfers.antwerpen.be/viewer?var=n_respons_vt_fiets_4655j,stadincijfers.antwerpen.be,URLError,unreachable,2026-09-29
https://stadincijfers.antwerpen.be/viewer?var=n_respons_vt_fiets_5665j,stadincijfers.antwerpen.be,URLError,unreachable,2026-09-29
https://stadincijfers.antwerpen.be/viewer?var=n_respons_vt_fiets_6675j,stadincijfers.antwerpen.be,URLError,unreachable,2026-09-29
https://stadincijfers.antwerpen.be/viewer?var=n_respons_vt_fiets_75j,stadincijfers.antwerpen.be,URLError,unreachable,2026-09-29
https://stadincijfers.antwerpen.be/viewer?var=n_respons_vt_fiets_m,stadincijfers.antwerpen.be,URLError,unreachable,2026-09-29
https://stadincijfers.antwerpen.be/viewer?var=n_respons_vt_fiets_v,stadincijfers.antwerpen.be,URLError,unreachable,2026-09-29
https://stadincijfers.antwerpen.be/viewer?var=n_respons_wagenbezetting,stadincijfers.antwerpen.be,URLError,unreachable,2026-09-29
https://stadincijfers.antwerpen.be/viewer?var=n_respons_ws_fiets,stadincijfers.antwerpen.be,URLError,unreachable,2026-09-29
https://stadincijfers.antwerpen.be/viewer?var=n_respons_ws_fiets_m,stadincijfers.antwerpen.be,URLError,unreachable,2026-09-29
https://stadincijfers.antwerpen.be/viewer?var=n_respons_ws_fiets_v,stadincijfers.antwerpen.be,URLError,unreachable,2026-09-29
https://stadincijfers.antwerpen.be/viewer?var=n_respons_ww_fiets,stadincijfers.antwerpen.be,URLError,unreachable,2026-09-29
https://stadincijfers.antwerpen.be/viewer?var=n_respons_ww_fiets_1625j,stadincijfers.antwerpen.be,URLError,unreachable,2026-09-29
https://stadincijfers.antwerpen.be/viewer?var=n_respons_ww_fiets_2635j,stadincijfers.antwerpen.be,URLError,unreachable,2026-09-29
https://stadincijfers.antwerpen.be/viewer?var=n_respons_ww_fiets_3645j,stadincijfers.antwerpen.be,URLError,unreachable,2026-09-29
https://stadincijfers.antwerpen.be/viewer?var=n_respons_ww_fiets_4655j,stadincijfers.antwerpen.be,URLError,unreachable,2026-09-29
https://stadincijfers.antwerpen.be/viewer?var=n_respons_ww_fiets_5665j,stadincijfers.antwerpen.be,URLError,unreachable,2026-09-29
https://stadincijfers.antwerpen.be/viewer?var=n_respons_ww_fiets_6675j,stadincijfers.antwerpen.be,URLError,unreachable,2026-09-29
https://stadincijfers.antwerpen.be/viewer?var=n_respons_ww_fiets_75j,stadincijfers.antwerpen.be,URLError,unreachable,2026-09-29
https://stadincijfers.antwerpen.be/viewer?var=n_respons_ww_fiets_m,stadincijfers.antwerpen.be,URLError,unreachable,2026-09-29
https://stadincijfers.antwerpen.be/viewer?var=n_respons_ww_fiets_v,stadincijfers.antwerpen.be,URLError,unreachable,2026-09-29
https://stadincijfers.antwerpen.be/viewer?var=n_respons_ww_tevreden,stadincijfers.antwerpen.be,URLError,unreachable,2026-09-29
https://stadincijfers.antwerpen.be/viewer?var=n_respons_ww_tevreden_auto,stadincijfers.antwerpen.be,URLError,unreachable,2026-09-29
https://stadincijfers.antwerpen.be/viewer?var=n_respons_ww_tevreden_fiets,stadincijfers.antwerpen.be,URLError,unreachable,2026-09-29
https://stadincijfers.antwerpen.be/viewer?var=n_respons_ww_tevreden_flex,stadincijfers.antwerpen.be,URLError,unreachable,2026-09-29
https://stadincijfers.antwerpen.be/viewer?var=n_respons_ww_tevreden_ntspits,stadincijfers.antwerpen.be,URLError,unreachable,2026-09-29
https://stadincijfers.antwerpen.be/viewer?var=n_respons_ww_tevreden_ov,stadincijfers.antwerpen.be,URLError,unreachable,2026-09-29
https://stadincijfers.antwerpen.be/viewer?var=n_respons_ww_tevreden_spits,stadincijfers.antwerpen.be,URLError,unreachable,2026-09-29
https://stadincijfers.antwerpen.be/viewer?var=n_respons_ww_tevreden_variab,stadincijfers.antwerpen.be,URLError,unreachable,2026-09-29
https://stadincijfers.antwerpen.be/viewer?var=n_respons_zelf_fiets,stadincijfers.antwerpen.be,URLError,unreachable,2026-09-29
https://stadincijfers.antwerpen.be/viewer?var=n_respons_zelf_fiets_1625j,stadincijfers.antwerpen.be,URLError,unreachable,2026-09-29
https://stadincijfers.antwerpen.be/viewer?var=n_respons_zelf_fiets_2635j,stadincijfers.antwerpen.be,URLError,unreachable,2026-09-29
https://stadincijfers.antwerpen.be/viewer?var=n_respons_zelf_fiets_3645j,stadincijfers.antwerpen.be,URLError,unreachable,2026-09-29
https://stadincijfers.antwerpen.be/viewer?var=n_respons_zelf_fiets_4655j,stadincijfers.antwerpen.be,URLError,unreachable,2026-09-29
https://stadincijfers.antwerpen.be/viewer?var=n_respons_zelf_fiets_5665j,stadincijfers.antwerpen.be,URLError,unreachable,2026-09-29
https://stadincijfers.antwerpen.be/viewer?var=n_respons_zelf_fiets_6675j,stadincijfers.antwerpen.be,URLError,unreachable,2026-09-29
https://stadincijfers.antwerpen.be/viewer?var=n_respons_zelf_fiets_75j,stadincijfers.antwerpen.be,URLError,unreachable,2026-09-29
https://stadincijfers.antwerpen.be/viewer?var=n_respons_zelf_fiets_autoch,stadincijfers.antwerpen.be,URLError,unreachable,2026-09-29
https://stadincijfers.antwerpen.be/viewer?var=n_respons_zelf_fiets_eu,stadincijfers.antwerpen.be,URLError,unreachable,2026-09-29
https://stadincijfers.antwerpen.be/viewer?var=n_respons_zelf_fiets_hoogink,stadincijfers.antwerpen.be,URLError,unreachable,2026-09-29
https://stadincijfers.antwerpen.be/viewer?var=n_respons_zelf_fiets_laagink,stadincijfers.antwerpen.be,URLError,unreachable,2026-09-29
https://stadincijfers.antwerpen.be/viewer?var=n_respons_zelf_fiets_m,stadincijfers.antwerpen.be,URLError,unreachable,2026-09-29
https://stadincijfers.antwerpen.be/viewer?var=n_respons_zelf_fiets_middink,stadincijfers.antwerpen.be,URLError,unreachable,2026-09-29
https://stadincijfers.antwerpen.be/viewer?var=n_respons_zelf_fiets_nteu,stadincijfers.antwerpen.be,URLError,unreachable,2026-09-29
https://stadincijfers.antwerpen.be/viewer?var=n_respons_zelf_fiets_v,stadincijfers.antwerpen.be,URLError,unreachable,2026-09-29
https://stadincijfers.antwerpen.be/viewer?var=n_schoolstraat,stadincijfers.antwerpen.be,URLError,unreachable,2026-09-29
https://stadincijfers.antwerpen.be/viewer?var=n_schoolstraat_def,stadincijfers.antwerpen.be,URLError,unreachable,2026-09-29
https://stadincijfers.antwerpen.be/viewer?var=n_schoolstraat_proefopstel,stadincijfers.antwerpen.be,URLError,unreachable,2026-09-29
https://stadincijfers.antwerpen.be/viewer?var=n_scooty,stadincijfers.antwerpen.be,URLError,unreachable,2026-09-29
https://stadincijfers.antwerpen.be/viewer?var=n_screen_ddk,stadincijfers.antwerpen.be,URLError,unreachable,2026-09-29
https://stadincijfers.antwerpen.be/viewer?var=n_sdvoorzieningen,stadincijfers.antwerpen.be,URLError,unreachable,2026-09-29
https://stadincijfers.antwerpen.be/viewer?var=n_speedped,stadincijfers.antwerpen.be,URLError,unreachable,2026-09-29
https://stadincijfers.antwerpen.be/viewer?var=n_speelterrein_groot,stadincijfers.antwerpen.be,URLError,unreachable,2026-09-29
https://stadincijfers.antwerpen.be/viewer?var=n_speelterrein_klein,stadincijfers.antwerpen.be,URLError,unreachable,2026-09-29
https://stadincijfers.antwerpen.be/viewer?var=n_sporthal,stadincijfers.antwerpen.be,URLError,unreachable,2026-09-29
https://stadincijfers.antwerpen.be/viewer?var=n_sporthalalle,stadincijfers.antwerpen.be,URLError,unreachable,2026-09-29
https://stadincijfers.antwerpen.be/viewer?var=n_sportzaal,stadincijfers.antwerpen.be,URLError,unreachable,2026-09-29
https://stadincijfers.antwerpen.be/viewer?var=n_straat,stadincijfers.antwerpen.be,URLError,unreachable,2026-09-29
https://stadincijfers.antwerpen.be/viewer?var=n_tramhalte,stadincijfers.antwerpen.be,URLError,unreachable,2026-09-29
https://stadincijfers.antwerpen.be/viewer?var=n_tramhalte_bushalte,stadincijfers.antwerpen.be,URLError,unreachable,2026-09-29
https://stadincijfers.antwerpen.be/viewer?var=n_tramhaltering,stadincijfers.antwerpen.be,URLError,unreachable,2026-09-29
https://stadincijfers.antwerpen.be/viewer?var=n_tramlijn,stadincijfers.antwerpen.be,URLError,unreachable,2026-09-29
https://stadincijfers.antwerpen.be/viewer?var=n_tramlijn_buslijn,stadincijfers.antwerpen.be,URLError,unreachable,2026-09-29
https://stadincijfers.antwerpen.be/viewer?var=n_treinstation,stadincijfers.antwerpen.be,URLError,unreachable,2026-09-29
https://stadincijfers.antwerpen.be/viewer?var=n_velo,stadincijfers.antwerpen.be,URLError,unreachable,2026-09-29
https://stadincijfers.antwerpen.be/viewer?var=n_voorzieningen,stadincijfers.antwerpen.be,URLError,unreachable,2026-09-29
https://stadincijfers.antwerpen.be/viewer?var=n_vouwfiets,stadincijfers.antwerpen.be,URLError,unreachable,2026-09-29
https://stadincijfers.antwerpen.be/viewer?var=n_vt_fiets,stadincijfers.antwerpen.be,URLError,unreachable,2026-09-29
https://stadincijfers.antwerpen.be/viewer?var=n_vt_fiets_1625j,stadincijfers.antwerpen.be,URLError,unreachable,2026-09-29
https://stadincijfers.antwerpen.be/viewer?var=n_vt_fiets_2635j,stadincijfers.antwerpen.be,URLError,unreachable,2026-09-29
https://stadincijfers.antwerpen.be/viewer?var=n_vt_fiets_3645j,stadincijfers.antwerpen.be,URLError,unreachable,2026-09-29
https://stadincijfers.antwerpen.be/viewer?var=n_vt_fiets_4655j,stadincijfers.antwerpen.be,URLError,unreachable,2026-09-29
https://stadincijfers.antwerpen.be/viewer?var=n_vt_fiets_5665j,stadincijfers.antwerpen.be,URLError,unreachable,2026-09-29
https://stadincijfers.antwerpen.be/viewer?var=n_vt_fiets_6675j,stadincijfers.antwerpen.be,URLError,unreachable,2026-09-29
https://stadincijfers.antwerpen.be/viewer?var=n_vt_fiets_75j,stadincijfers.antwerpen.be,URLError,unreachable,2026-09-29
https://stadincijfers.antwerpen.be/viewer?var=n_vt_fiets_m,stadincijfers.antwerpen.be,URLError,unreachable,2026-09-29
https://stadincijfers.antwerpen.be/viewer?var=n_vt_fiets_v,stadincijfers.antwerpen.be,URLError,unreachable,2026-09-29
https://stadincijfers.antwerpen.be/viewer?var=n_wagen_gezin,stadincijfers.antwerpen.be,URLError,unreachable,2026-09-29
https://stadincijfers.antwerpen.be/viewer?var=n_wegsegment,stadincijfers.antwerpen.be,URLError,unreachable,2026-09-29
https://stadincijfers.antwerpen.be/viewer?var=n_wegsegment_tot,stadincijfers.antwerpen.be,URLError,unreachable,2026-09-29
https://stadincijfers.antwerpen.be/viewer?var=n_wegsegment_tot_zonderhaven,stadincijfers.antwerpen.be,URLError,unreachable,2026-09-29
https://stadincijfers.antwerpen.be/viewer?var=n_wegsegment_wegbreedte,stadincijfers.antwerpen.be,URLError,unreachable,2026-09-29
https://stadincijfers.antwerpen.be/viewer?var=n_wegsegment_zonderhaven,stadincijfers.antwerpen.be,URLError,unreachable,2026-09-29
https://stadincijfers.antwerpen.be/viewer?var=n_wijkvoorzieningen,stadincijfers.antwerpen.be,URLError,unreachable,2026-09-29
https://stadincijfers.antwerpen.be/viewer?var=n_woonerf,stadincijfers.antwerpen.be,URLError,unreachable,2026-09-29
https://stadincijfers.antwerpen.be/viewer?var=n_woonerf_ingericht,stadincijfers.antwerpen.be,URLError,unreachable,2026-09-29
https://stadincijfers.antwerpen.be/viewer?var=n_woonerf_tijdelijkingericht,stadincijfers.antwerpen.be,URLError,unreachable,2026-09-29
https://stadincijfers.antwerpen.be/viewer?var=n_ws_fiets,stadincijfers.antwerpen.be,URLError,unreachable,2026-09-29
https://stadincijfers.antwerpen.be/viewer?var=n_ws_fiets_m,stadincijfers.antwerpen.be,URLError,unreachable,2026-09-29
https://stadincijfers.antwerpen.be/viewer?var=n_ws_fiets_v,stadincijfers.antwerpen.be,URLError,unreachable,2026-09-29
https://stadincijfers.antwerpen.be/viewer?var=n_ww_fiets,stadincijfers.antwerpen.be,URLError,unreachable,2026-09-29
https://stadincijfers.antwerpen.be/viewer?var=n_ww_fiets_1625j,stadincijfers.antwerpen.be,URLError,unreachable,2026-09-29
https://stadincijfers.antwerpen.be/viewer?var=n_ww_fiets_2635j,stadincijfers.antwerpen.be,URLError,unreachable,2026-09-29
https://stadincijfers.antwerpen.be/viewer?var=n_ww_fiets_3645j,stadincijfers.antwerpen.be,URLError,unreachable,2026-09-29
https://stadincijfers.antwerpen.be/viewer?var=n_ww_fiets_4655j,stadincijfers.antwerpen.be,URLError,unreachable,2026-09-29
https://stadincijfers.antwerpen.be/viewer?var=n_ww_fiets_5665j,stadincijfers.antwerpen.be,URLError,unreachable,2026-09-29
https://stadincijfers.antwerpen.be/viewer?var=n_ww_fiets_6675j,stadincijfers.antwerpen.be,URLError,unreachable,2026-09-29
https://stadincijfers.antwerpen.be/viewer?var=n_ww_fiets_75j,stadincijfers.antwerpen.be,URLError,unreachable,2026-09-29
https://stadincijfers.antwerpen.be/viewer?var=n_ww_fiets_m,stadincijfers.antwerpen.be,URLError,unreachable,2026-09-29
https://stadincijfers.antwerpen.be/viewer?var=n_ww_fiets_v,stadincijfers.antwerpen.be,URLError,unreachable,2026-09-29
https://stadincijfers.antwerpen.be/viewer?var=n_zelf_fiets,stadincijfers.antwerpen.be,URLError,unreachable,2026-09-29
https://stadincijfers.antwerpen.be/viewer?var=n_zelf_fiets_1625j,stadincijfers.antwerpen.be,URLError,unreachable,2026-09-29
https://stadincijfers.antwerpen.be/viewer?var=n_zelf_fiets_2635j,stadincijfers.antwerpen.be,URLError,unreachable,2026-09-29
https://stadincijfers.antwerpen.be/viewer?var=n_zelf_fiets_3645j,stadincijfers.antwerpen.be,URLError,unreachable,2026-09-29
https://stadincijfers.antwerpen.be/viewer?var=n_zelf_fiets_4655j,stadincijfers.antwerpen.be,URLError,unreachable,2026-09-29
https://stadincijfers.antwerpen.be/viewer?var=n_zelf_fiets_5665j,stadincijfers.antwerpen.be,URLError,unreachable,2026-09-29
https://stadincijfers.antwerpen.be/viewer?var=n_zelf_fiets_6675j,stadincijfers.antwerpen.be,URLError,unreachable,2026-09-29
https://stadincijfers.antwerpen.be/viewer?var=n_zelf_fiets_75j,stadincijfers.antwerpen.be,URLError,unreachable,2026-09-29
https://stadincijfers.antwerpen.be/viewer?var=n_zelf_fiets_autoch,stadincijfers.antwerpen.be,URLError,unreachable,2026-09-29
https://stadincijfers.antwerpen.be/viewer?var=n_zelf_fiets_eu,stadincijfers.antwerpen.be,URLError,unreachable,2026-09-29
https://stadincijfers.antwerpen.be/viewer?var=n_zelf_fiets_hoogink,stadincijfers.antwerpen.be,URLError,unreachable,2026-09-29
https://stadincijfers.antwerpen.be/viewer?var=n_zelf_fiets_laagink,stadincijfers.antwerpen.be,URLError,unreachable,2026-09-29
https://stadincijfers.antwerpen.be/viewer?var=n_zelf_fiets_m,stadincijfers.antwerpen.be,URLError,unreachable,2026-09-29
https://stadincijfers.antwerpen.be/viewer?var=n_zelf_fiets_middink,stadincijfers.antwerpen.be,URLError,unreachable,2026-09-29
https://stadincijfers.antwerpen.be/viewer?var=n_zelf_fiets_nteu,stadincijfers.antwerpen.be,URLError,unreachable,2026-09-29
https://stadincijfers.antwerpen.be/viewer?var=n_zelf_fiets_v,stadincijfers.antwerpen.be,URLError,unreachable,2026-09-29
https://stadincijfers.antwerpen.be/viewer?var=n_zwembadopenlucht,stadincijfers.antwerpen.be,URLError,unreachable,2026-09-29
https://stadincijfers.antwerpen.be/viewer?var=n_zwembadoverdekt,stadincijfers.antwerpen.be,URLError,unreachable,2026-09-29
https://stadincijfers.antwerpen.be/viewer?var=ndagen_bovennorm_o3,stadincijfers.antwerpen.be,URLError,unreachable,2026-09-29
https://stadincijfers.antwerpen.be/viewer?var=ndagen_bovennorm_pm10,stadincijfers.antwerpen.be,URLError,unreachable,2026-09-29
https://stadincijfers.antwerpen.be/viewer?var=ntfiets_activit,stadincijfers.antwerpen.be,URLError,unreachable,2026-09-29
https://stadincijfers.antwerpen.be/viewer?var=ntfiets_activit_hoogopl,stadincijfers.antwerpen.be,URLError,unreachable,2026-09-29
https://stadincijfers.antwerpen.be/viewer?var=ntfiets_activit_laagopl,stadincijfers.antwerpen.be,URLError,unreachable,2026-09-29
https://stadincijfers.antwerpen.be/viewer?var=ntfiets_activit_middopl,stadincijfers.antwerpen.be,URLError,unreachable,2026-09-29
https://stadincijfers.antwerpen.be/viewer?var=ntfiets_activit_ntregelm,stadincijfers.antwerpen.be,URLError,unreachable,2026-09-29
https://stadincijfers.antwerpen.be/viewer?var=ntfiets_activit_regelm,stadincijfers.antwerpen.be,URLError,unreachable,2026-09-29
https://stadincijfers.antwerpen.be/viewer?var=ntfiets_afst,stadincijfers.antwerpen.be,URLError,unreachable,2026-09-29
https://stadincijfers.antwerpen.be/viewer?var=ntfiets_afst_hoogopl,stadincijfers.antwerpen.be,URLError,unreachable,2026-09-29
https://stadincijfers.antwerpen.be/viewer?var=ntfiets_afst_laagopl,stadincijfers.antwerpen.be,URLError,unreachable,2026-09-29
https://stadincijfers.antwerpen.be/viewer?var=ntfiets_afst_m,stadincijfers.antwerpen.be,URLError,unreachable,2026-09-29
https://stadincijfers.antwerpen.be/viewer?var=ntfiets_afst_middopl,stadincijfers.antwerpen.be,URLError,unreachable,2026-09-29
https://stadincijfers.antwerpen.be/viewer?var=ntfiets_afst_v,stadincijfers.antwerpen.be,URLError,unreachable,2026-09-29
https://stadincijfers.antwerpen.be/viewer?var=ntfiets_auto,stadincijfers.antwerpen.be,URLError,unreachable,2026-09-29
https://stadincijfers.antwerpen.be/viewer?var=ntfiets_auto_hoogopl,stadincijfers.antwerpen.be,URLError,unreachable,2026-09-29
https://stadincijfers.antwerpen.be/viewer?var=ntfiets_auto_laagopl,stadincijfers.antwerpen.be,URLError,unreachable,2026-09-29
https://stadincijfers.antwerpen.be/viewer?var=ntfiets_auto_m,stadincijfers.antwerpen.be,URLError,unreachable,2026-09-29
https://stadincijfers.antwerpen.be/viewer?var=ntfiets_auto_middopl,stadincijfers.antwerpen.be,URLError,unreachable,2026-09-29
https://stadincijfers.antwerpen.be/viewer?var=ntfiets_auto_v,stadincijfers.antwerpen.be,URLError,unreachable,2026-09-29
https://stadincijfers.antwerpen.be/viewer?var=ntfiets_baga,stadincijfers.antwerpen.be,URLError,unreachable,2026-09-29
https://stadincijfers.antwerpen.be/viewer?var=ntfiets_baga_hoogopl,stadincijfers.antwerpen.be,URLError,unreachable,2026-09-29
https://stadincijfers.antwerpen.be/viewer?var=ntfiets_baga_laagopl,stadincijfers.antwerpen.be,URLError,unreachable,2026-09-29
https://stadincijfers.antwerpen.be/viewer?var=ntfiets_baga_middopl,stadincijfers.antwerpen.be,URLError,unreachable,2026-09-29
https://stadincijfers.antwerpen.be/viewer?var=ntfiets_geen,stadincijfers.antwerpen.be,URLError,unreachable,2026-09-29
https://stadincijfers.antwerpen.be/viewer?var=ntfiets_geen_hoogopl,stadincijfers.antwerpen.be,URLError,unreachable,2026-09-29
https://stadincijfers.antwerpen.be/viewer?var=ntfiets_geen_laagopl,stadincijfers.antwerpen.be,URLError,unreachable,2026-09-29
https://stadincijfers.antwerpen.be/viewer?var=ntfiets_geen_middopl,stadincijfers.antwerpen.be,URLError,unreachable,2026-09-29
https://stadincijfers.antwerpen.be/viewer?var=ntfiets_gh,stadincijfers.antwerpen.be,URLError,unreachable,2026-09-29
https://stadincijfers.antwerpen.be/viewer?var=ntfiets_gh_hoogopl,stadincijfers.antwerpen.be,URLError,unreachable,2026-09-29
https://stadincijfers.antwerpen.be/viewer?var=ntfiets_gh_laagopl,stadincijfers.antwerpen.be,URLError,unreachable,2026-09-29
https://stadincijfers.antwerpen.be/viewer?var=ntfiets_gh_middopl,stadincijfers.antwerpen.be,URLError,unreachable,2026-09-29
https://stadincijfers.antwerpen.be/viewer?var=ntfiets_gndouche,stadincijfers.antwerpen.be,URLError,unreachable,2026-09-29
https://stadincijfers.antwerpen.be/viewer?var=ntfiets_gnfiets,stadincijfers.antwerpen.be,URLError,unreachable,2026-09-29
https://stadincijfers.antwerpen.be/viewer?var=ntfiets_gnfiets_hoogopl,stadincijfers.antwerpen.be,URLError,unreachable,2026-09-29
https://stadincijfers.antwerpen.be/viewer?var=ntfiets_gnfiets_laagopl,stadincijfers.antwerpen.be,URLError,unreachable,2026-09-29
https://stadincijfers.antwerpen.be/viewer?var=ntfiets_gnfiets_middopl,stadincijfers.antwerpen.be,URLError,unreachable,2026-09-29
https://stadincijfers.antwerpen.be/viewer?var=ntfiets_gnstalling,stadincijfers.antwerpen.be,URLError,unreachable,2026-09-29
https://stadincijfers.antwerpen.be/viewer?var=ntfiets_kanntfiets,stadincijfers.antwerpen.be,URLError,unreachable,2026-09-29
https://stadincijfers.antwerpen.be/viewer?var=ntfiets_kanntfiets_hoogopl,stadincijfers.antwerpen.be,URLError,unreachable,2026-09-29
https://stadincijfers.antwerpen.be/viewer?var=ntfiets_kanntfiets_laagopl,stadincijfers.antwerpen.be,URLError,unreachable,2026-09-29
https://stadincijfers.antwerpen.be/viewer?var=ntfiets_kanntfiets_middopl,stadincijfers.antwerpen.be,URLError,unreachable,2026-09-29
https://stadincijfers.antwerpen.be/viewer?var=ntfiets_ntveilig,stadincijfers.antwerpen.be,URLError,unreachable,2026-09-29
https://stadincijfers.antwerpen.be/viewer?var=ntfiets_ntveilig_hoogopl,stadincijfers.antwerpen.be,URLError,unreachable,2026-09-29
https://stadincijfers.antwerpen.be/viewer?var=ntfiets_ntveilig_laagopl,stadincijfers.antwerpen.be,URLError,unreachable,2026-09-29
https://stadincijfers.antwerpen.be/viewer?var=ntfiets_ntveilig_m,stadincijfers.antwerpen.be,URLError,unreachable,2026-09-29
https://stadincijfers.antwerpen.be/viewer?var=ntfiets_ntveilig_middopl,stadincijfers.antwerpen.be,URLError,unreachable,2026-09-29
https://stadincijfers.antwerpen.be/viewer?var=ntfiets_ntveilig_ntregelm,stadincijfers.antwerpen.be,URLError,unreachable,2026-09-29
https://stadincijfers.antwerpen.be/viewer?var=ntfiets_ntveilig_regelm,stadincijfers.antwerpen.be,URLError,unreachable,2026-09-29
https://stadincijfers.antwerpen.be/viewer?var=ntfiets_ntveilig_v,stadincijfers.antwerpen.be,URLError,unreachable,2026-09-29
https://stadincijfers.antwerpen.be/viewer?var=ntfiets_onveilig,stadincijfers.antwerpen.be,URLError,unreachable,2026-09-29
https://stadincijfers.antwerpen.be/viewer?var=ntfiets_onveilig_m,stadincijfers.antwerpen.be,URLError,unreachable,2026-09-29
https://stadincijfers.antwerpen.be/viewer?var=ntfiets_onveilig_v,stadincijfers.antwerpen.be,URLError,unreachable,2026-09-29
https://stadincijfers.antwerpen.be/viewer?var=ntfiets_spul,stadincijfers.antwerpen.be,URLError,unreachable,2026-09-29
https://stadincijfers.antwerpen.be/viewer?var=ntfiets_tevoet,stadincijfers.antwerpen.be,URLError,unreachable,2026-09-29
https://stadincijfers.antwerpen.be/viewer?var=ntfiets_vergoed,stadincijfers.antwerpen.be,URLError,unreachable,2026-09-29
https://stadincijfers.antwerpen.be/viewer?var=ntfiets_weer_hoogopl,stadincijfers.antwerpen.be,URLError,unreachable,2026-09-29
https://stadincijfers.antwerpen.be/viewer?var=ntfiets_weer_laagopl,stadincijfers.antwerpen.be,URLError,unreachable,2026-09-29
https://stadincijfers.antwerpen.be/viewer?var=ntfiets_weer_middopl,stadincijfers.antwerpen.be,URLError,unreachable,2026-09-29
https://stadincijfers.antwerpen.be/viewer?var=ntfiets_weer_ntregelm,stadincijfers.antwerpen.be,URLError,unreachable,2026-09-29
https://stadincijfers.antwerpen.be/viewer?var=ntfiets_weer_regelm,stadincijfers.antwerpen.be,URLError,unreachable,2026-09-29
https://stadincijfers.antwerpen.be/viewer?var=ongcube,stadincijfers.antwerpen.be,URLError,unreachable,2026-09-29
https://stadincijfers.antwerpen.be/viewer?var=opp_ad_groen_totaal_,stadincijfers.antwerpen.be,URLError,unreachable,2026-09-29
https://stadincijfers.antwerpen.be/viewer?var=opp_ad_groend_privaat_,stadincijfers.antwerpen.be,URLError,unreachable,2026-09-29
https://stadincijfers.antwerpen.be/viewer?var=opp_andere_heraanleg,stadincijfers.antwerpen.be,URLError,unreachable,2026-09-29
https://stadincijfers.antwerpen.be/viewer?var=opp_bbplein,stadincijfers.antwerpen.be,URLError,unreachable,2026-09-29
https://stadincijfers.antwerpen.be/viewer?var=opp_bgr,stadincijfers.antwerpen.be,URLError,unreachable,2026-09-29
https://stadincijfers.antwerpen.be/viewer?var=opp_bgr_31dec,stadincijfers.antwerpen.be,URLError,unreachable,2026-09-29
https://stadincijfers.antwerpen.be/viewer?var=opp_bgr_ha,stadincijfers.antwerpen.be,URLError,unreachable,2026-09-29
https://stadincijfers.antwerpen.be/viewer?var=opp_bgr_inw,stadincijfers.antwerpen.be,URLError,unreachable,2026-09-29
https://stadincijfers.antwerpen.be/viewer?var=opp_bgr_inw_streef_label,stadincijfers.antwerpen.be,URLError,unreachable,2026-09-29
https://stadincijfers.antwerpen.be/viewer?var=opp_bgr_r,stadincijfers.antwerpen.be,URLError,unreachable,2026-09-29
https://stadincijfers.antwerpen.be/viewer?var=opp_bgr_r_inw,stadincijfers.antwerpen.be,URLError,unreachable,2026-09-29
https://stadincijfers.antwerpen.be/viewer?var=opp_bgr_rw,stadincijfers.antwerpen.be,URLError,unreachable,2026-09-29
https://stadincijfers.antwerpen.be/viewer?var=opp_bgr_rw_inw,stadincijfers.antwerpen.be,URLError,unreachable,2026-09-29
https://stadincijfers.antwerpen.be/viewer?var=opp_bgr_woonoppervlakte_gemidd,stadincijfers.antwerpen.be,URLError,unreachable,2026-09-29
https://stadincijfers.antwerpen.be/viewer?var=opp_bnatldb,stadincijfers.antwerpen.be,URLError,unreachable,2026-09-29
https://stadincijfers.antwerpen.be/viewer?var=opp_bnatldbwater,stadincijfers.antwerpen.be,URLError,unreachable,2026-09-29
https://stadincijfers.antwerpen.be/viewer?var=opp_bor,stadincijfers.antwerpen.be,URLError,unreachable,2026-09-29
https://stadincijfers.antwerpen.be/viewer?var=opp_bor_31dec,stadincijfers.antwerpen.be,URLError,unreachable,2026-09-29
https://stadincijfers.antwerpen.be/viewer?var=opp_bor_groen_natuur_ovw,stadincijfers.antwerpen.be,URLError,unreachable,2026-09-29
https://stadincijfers.antwerpen.be/viewer?var=opp_bor_groen_natuur_ovw_31dec,stadincijfers.antwerpen.be,URLError,unreachable,2026-09-29
https://stadincijfers.antwerpen.be/viewer?var=opp_bor_inw,stadincijfers.antwerpen.be,URLError,unreachable,2026-09-29
https://stadincijfers.antwerpen.be/viewer?var=opp_bor_r,stadincijfers.antwerpen.be,URLError,unreachable,2026-09-29
https://stadincijfers.antwerpen.be/viewer?var=opp_bor_r_inw,stadincijfers.antwerpen.be,URLError,unreachable,2026-09-29
https://stadincijfers.antwerpen.be/viewer?var=opp_bor_rw,stadincijfers.antwerpen.be,URLError,unreachable,2026-09-29
https://stadincijfers.antwerpen.be/viewer?var=opp_bor_rw_inw,stadincijfers.antwerpen.be,URLError,unreachable,2026-09-29
https://stadincijfers.antwerpen.be/viewer?var=opp_bouwblok,stadincijfers.antwerpen.be,URLError,unreachable,2026-09-29
https://stadincijfers.antwerpen.be/viewer?var=opp_bouwblokgr,stadincijfers.antwerpen.be,URLError,unreachable,2026-09-29
https://stadincijfers.antwerpen.be/viewer?var=opp_boven20_no2,stadincijfers.antwerpen.be,URLError,unreachable,2026-09-29
https://stadincijfers.antwerpen.be/viewer?var=opp_bovennorm_no2,stadincijfers.antwerpen.be,URLError,unreachable,2026-09-29
https://stadincijfers.antwerpen.be/viewer?var=opp_bplein,stadincijfers.antwerpen.be,URLError,unreachable,2026-09-29
https://stadincijfers.antwerpen.be/viewer?var=opp_buurtgr,stadincijfers.antwerpen.be,URLError,unreachable,2026-09-29
https://stadincijfers.antwerpen.be/viewer?var=opp_buurtgr_inw,stadincijfers.antwerpen.be,URLError,unreachable,2026-09-29
https://stadincijfers.antwerpen.be/viewer?var=opp_buurtgr_r,stadincijfers.antwerpen.be,URLError,unreachable,2026-09-29
https://stadincijfers.antwerpen.be/viewer?var=opp_buurtgr_r_inw,stadincijfers.antwerpen.be,URLError,unreachable,2026-09-29
https://stadincijfers.antwerpen.be/viewer?var=opp_buurtgr_rw,stadincijfers.antwerpen.be,URLError,unreachable,2026-09-29
https://stadincijfers.antwerpen.be/viewer?var=opp_buurtgr_rw_inw,stadincijfers.antwerpen.be,URLError,unreachable,2026-09-29
https://stadincijfers.antwerpen.be/viewer?var=opp_buurtor,stadincijfers.antwerpen.be,URLError,unreachable,2026-09-29
https://stadincijfers.antwerpen.be/viewer?var=opp_buurtor_inw,stadincijfers.antwerpen.be,URLError,unreachable,2026-09-29
https://stadincijfers.antwerpen.be/viewer?var=opp_buurtor_r,stadincijfers.antwerpen.be,URLError,unreachable,2026-09-29
https://stadincijfers.antwerpen.be/viewer?var=opp_buurtor_r_inw,stadincijfers.antwerpen.be,URLError,unreachable,2026-09-29
https://stadincijfers.antwerpen.be/viewer?var=opp_buurtor_rw,stadincijfers.antwerpen.be,URLError,unreachable,2026-09-29
https://stadincijfers.antwerpen.be/viewer?var=opp_buurtor_rw_inw,stadincijfers.antwerpen.be,URLError,unreachable,2026-09-29
https://stadincijfers.antwerpen.be/viewer?var=opp_buurtsport,stadincijfers.antwerpen.be,URLError,unreachable,2026-09-29
https://stadincijfers.antwerpen.be/viewer?var=opp_gebruiksgroen_50tot55db,stadincijfers.antwerpen.be,URLError,unreachable,2026-09-29
https://stadincijfers.antwerpen.be/viewer?var=opp_gebruiksgroen_55tot60db,stadincijfers.antwerpen.be,URLError,unreachable,2026-09-29
https://stadincijfers.antwerpen.be/viewer?var=opp_gebruiksgroen_60tot65db,stadincijfers.antwerpen.be,URLError,unreachable,2026-09-29
https://stadincijfers.antwerpen.be/viewer?var=opp_gebruiksgroen_65tot70db,stadincijfers.antwerpen.be,URLError,unreachable,2026-09-29
https://stadincijfers.antwerpen.be/viewer?var=opp_gebruiksgroen_70tot75db,stadincijfers.antwerpen.be,URLError,unreachable,2026-09-29
https://stadincijfers.antwerpen.be/viewer?var=opp_gebruiksgroen_boven55db,stadincijfers.antwerpen.be,URLError,unreachable,2026-09-29
https://stadincijfers.antwerpen.be/viewer?var=opp_gebruiksgroen_boven60db,stadincijfers.antwerpen.be,URLError,unreachable,2026-09-29
https://stadincijfers.antwerpen.be/viewer?var=opp_gebruiksgroen_boven65db,stadincijfers.antwerpen.be,URLError,unreachable,2026-09-29
https://stadincijfers.antwerpen.be/viewer?var=opp_gebruiksgroen_boven70db,stadincijfers.antwerpen.be,URLError,unreachable,2026-09-29
https://stadincijfers.antwerpen.be/viewer?var=opp_gebruiksgroen_boven75db,stadincijfers.antwerpen.be,URLError,unreachable,2026-09-29
https://stadincijfers.antwerpen.be/viewer?var=opp_gebruiksgroen_onder50db,stadincijfers.antwerpen.be,URLError,unreachable,2026-09-29
https://stadincijfers.antwerpen.be/viewer?var=opp_grb_wegbaan,stadincijfers.antwerpen.be,URLError,unreachable,2026-09-29
https://stadincijfers.antwerpen.be/viewer?var=opp_grb_wegbaan_31dec,stadincijfers.antwerpen.be,URLError,unreachable,2026-09-29
https://stadincijfers.antwerpen.be/viewer?var=opp_grb_wegbaan_heraanleg,stadincijfers.antwerpen.be,URLError,unreachable,2026-09-29
https://stadincijfers.antwerpen.be/viewer?var=opp_grb_wegbaan_onverhard,stadincijfers.antwerpen.be,URLError,unreachable,2026-09-29
https://stadincijfers.antwerpen.be/viewer?var=opp_grb_wegbaan_plein,stadincijfers.antwerpen.be,URLError,unreachable,2026-09-29
https://stadincijfers.antwerpen.be/viewer?var=opp_grb_wegbaan_plein_31dec,stadincijfers.antwerpen.be,URLError,unreachable,2026-09-29
https://stadincijfers.antwerpen.be/viewer?var=opp_grb_wegbaan_plein_bgr,stadincijfers.antwerpen.be,URLError,unreachable,2026-09-29
https://stadincijfers.antwerpen.be/viewer?var=opp_grb_wegbaan_plein_bgr_31dec,stadincijfers.antwerpen.be,URLError,unreachable,2026-09-29
https://stadincijfers.antwerpen.be/viewer?var=opp_grb_wegbaan_plein_heraanleg,stadincijfers.antwerpen.be,URLError,unreachable,2026-09-29
https://stadincijfers.antwerpen.be/viewer?var=opp_grb_wegbaan_plein_onverhard,stadincijfers.antwerpen.be,URLError,unreachable,2026-09-29
https://stadincijfers.antwerpen.be/viewer?var=opp_grb_wegbaan_plein_onverhard_bgr,stadincijfers.antwerpen.be,URLError,unreachable,2026-09-29
https://stadincijfers.antwerpen.be/viewer?var=opp_grb_wegbaan_plein_verhard,stadincijfers.antwerpen.be,URLError,unreachable,2026-09-29
https://stadincijfers.antwerpen.be/viewer?var=opp_grb_wegbaan_verhard,stadincijfers.antwerpen.be,URLError,unreachable,2026-09-29
https://stadincijfers.antwerpen.be/viewer?var=opp_grb_wegbaanzbgr_onverhard,stadincijfers.antwerpen.be,URLError,unreachable,2026-09-29
https://stadincijfers.antwerpen.be/viewer?var=opp_grb_wegbaanzbgr_plein_onverhard,stadincijfers.antwerpen.be,URLError,unreachable,2026-09-29
https://stadincijfers.antwerpen.be/viewer?var=opp_groen,stadincijfers.antwerpen.be,URLError,unreachable,2026-09-29
https://stadincijfers.antwerpen.be/viewer?var=opp_groen_agr_ha,stadincijfers.antwerpen.be,URLError,unreachable,2026-09-29
https://stadincijfers.antwerpen.be/viewer?var=opp_groen_agr_ovw,stadincijfers.antwerpen.be,URLError,unreachable,2026-09-29
https://stadincijfers.antwerpen.be/viewer?var=opp_groen_agr_ovw_31dec,stadincijfers.antwerpen.be,URLError,unreachable,2026-09-29
https://stadincijfers.antwerpen.be/viewer?var=opp_groen_gebruik,stadincijfers.antwerpen.be,URLError,unreachable,2026-09-29
https://stadincijfers.antwerpen.be/viewer?var=opp_groen_gebruik_ha,stadincijfers.antwerpen.be,URLError,unreachable,2026-09-29
https://stadincijfers.antwerpen.be/viewer?var=opp_groen_gebruik_ovw,stadincijfers.antwerpen.be,URLError,unreachable,2026-09-29
https://stadincijfers.antwerpen.be/viewer?var=opp_groen_gebruik_ovw_31dec,stadincijfers.antwerpen.be,URLError,unreachable,2026-09-29
https://stadincijfers.antwerpen.be/viewer?var=opp_groen_gebruik_ovw_ha,stadincijfers.antwerpen.be,URLError,unreachable,2026-09-29
https://stadincijfers.antwerpen.be/viewer?var=opp_groen_gebruik_ovw_rest,stadincijfers.antwerpen.be,URLError,unreachable,2026-09-29
https://stadincijfers.antwerpen.be/viewer?var=opp_groen_ha,stadincijfers.antwerpen.be,URLError,unreachable,2026-09-29
https://stadincijfers.antwerpen.be/viewer?var=opp_groen_heraanleg,stadincijfers.antwerpen.be,URLError,unreachable,2026-09-29
https://stadincijfers.antwerpen.be/viewer?var=opp_groen_natuur,stadincijfers.antwerpen.be,URLError,unreachable,2026-09-29
https://stadincijfers.antwerpen.be/viewer?var=opp_groen_natuur_31dec,stadincijfers.antwerpen.be,URLError,unreachable,2026-09-29
https://stadincijfers.antwerpen.be/viewer?var=opp_groen_natuur_ha,stadincijfers.antwerpen.be,URLError,unreachable,2026-09-29
https://stadincijfers.antwerpen.be/viewer?var=opp_groen_natuur_ont,stadincijfers.antwerpen.be,URLError,unreachable,2026-09-29
https://stadincijfers.antwerpen.be/viewer?var=opp_groen_natuur_ont_31dec,stadincijfers.antwerpen.be,URLError,unreachable,2026-09-29
https://stadincijfers.antwerpen.be/viewer?var=opp_groen_natuur_ovw,stadincijfers.antwerpen.be,URLError,unreachable,2026-09-29
https://stadincijfers.antwerpen.be/viewer?var=opp_groen_natuur_ovw_31dec,stadincijfers.antwerpen.be,URLError,unreachable,2026-09-29
https://stadincijfers.antwerpen.be/viewer?var=opp_groen_prive,stadincijfers.antwerpen.be,URLError,unreachable,2026-09-29
https://stadincijfers.antwerpen.be/viewer?var=opp_groen_structuur,stadincijfers.antwerpen.be,URLError,unreachable,2026-09-29
https://stadincijfers.antwerpen.be/viewer?var=opp_groen_structuur_ha,stadincijfers.antwerpen.be,URLError,unreachable,2026-09-29
https://stadincijfers.antwerpen.be/viewer?var=opp_groen_wacht,stadincijfers.antwerpen.be,URLError,unreachable,2026-09-29
https://stadincijfers.antwerpen.be/viewer?var=opp_groen_wacht_ha,stadincijfers.antwerpen.be,URLError,unreachable,2026-09-29
https://stadincijfers.antwerpen.be/viewer?var=opp_groen_wat,stadincijfers.antwerpen.be,URLError,unreachable,2026-09-29
https://stadincijfers.antwerpen.be/viewer?var=opp_groen_wat_ont,stadincijfers.antwerpen.be,URLError,unreachable,2026-09-29
https://stadincijfers.antwerpen.be/viewer?var=opp_groen_wat_ovw,stadincijfers.antwerpen.be,URLError,unreachable,2026-09-29
https://stadincijfers.antwerpen.be/viewer?var=opp_groenortho_agr,stadincijfers.antwerpen.be,URLError,unreachable,2026-09-29
https://stadincijfers.antwerpen.be/viewer?var=opp_groenortho_agr_ont,stadincijfers.antwerpen.be,URLError,unreachable,2026-09-29
https://stadincijfers.antwerpen.be/viewer?var=opp_groenortho_agr_ovw,stadincijfers.antwerpen.be,URLError,unreachable,2026-09-29
https://stadincijfers.antwerpen.be/viewer?var=opp_groenortho_gebruiksgroen,stadincijfers.antwerpen.be,URLError,unreachable,2026-09-29
https://stadincijfers.antwerpen.be/viewer?var=opp_groenortho_gebruiksgroen_ovw,stadincijfers.antwerpen.be,URLError,unreachable,2026-09-29
https://stadincijfers.antwerpen.be/viewer?var=opp_groenortho_hoog,stadincijfers.antwerpen.be,URLError,unreachable,2026-09-29
https://stadincijfers.antwerpen.be/viewer?var=opp_groenortho_hoog_agr,stadincijfers.antwerpen.be,URLError,unreachable,2026-09-29
https://stadincijfers.antwerpen.be/viewer?var=opp_groenortho_hoog_agr_ont,stadincijfers.antwerpen.be,URLError,unreachable,2026-09-29
https://stadincijfers.antwerpen.be/viewer?var=opp_groenortho_hoog_agr_ovw,stadincijfers.antwerpen.be,URLError,unreachable,2026-09-29
https://stadincijfers.antwerpen.be/viewer?var=opp_groenortho_hoog_gebruiksgroen,stadincijfers.antwerpen.be,URLError,unreachable,2026-09-29
https://stadincijfers.antwerpen.be/viewer?var=opp_groenortho_hoog_gebruiksgroen_ovw,stadincijfers.antwerpen.be,URLError,unreachable,2026-09-29
https://stadincijfers.antwerpen.be/viewer?var=opp_groenortho_hoog_natuur,stadincijfers.antwerpen.be,URLError,unreachable,2026-09-29
https://stadincijfers.antwerpen.be/viewer?var=opp_groenortho_hoog_natuur_ont,stadincijfers.antwerpen.be,URLError,unreachable,2026-09-29
https://stadincijfers.antwerpen.be/viewer?var=opp_groenortho_hoog_natuur_ovw,stadincijfers.antwerpen.be,URLError,unreachable,2026-09-29
https://stadincijfers.antwerpen.be/viewer?var=opp_groenortho_hoog_plein,stadincijfers.antwerpen.be,URLError,unreachable,2026-09-29
https://stadincijfers.antwerpen.be/viewer?var=opp_groenortho_hoog_structuur_groot,stadincijfers.antwerpen.be,URLError,unreachable,2026-09-29
https://stadincijfers.antwerpen.be/viewer?var=opp_groenortho_hoog_wegbaan,stadincijfers.antwerpen.be,URLError,unreachable,2026-09-29
https://stadincijfers.antwerpen.be/viewer?var=opp_groenortho_hoog_wegbaan_plein,stadincijfers.antwerpen.be,URLError,unreachable,2026-09-29
https://stadincijfers.antwerpen.be/viewer?var=opp_groenortho_hoog_wegbaan_plein_gebruiksgroen,stadincijfers.antwerpen.be,URLError,unreachable,2026-09-29
https://stadincijfers.antwerpen.be/viewer?var=opp_groenortho_hoog_zonderhaven,stadincijfers.antwerpen.be,URLError,unreachable,2026-09-29
https://stadincijfers.antwerpen.be/viewer?var=opp_groenortho_laag,stadincijfers.antwerpen.be,URLError,unreachable,2026-09-29
https://stadincijfers.antwerpen.be/viewer?var=opp_groenortho_laag_agr,stadincijfers.antwerpen.be,URLError,unreachable,2026-09-29
https://stadincijfers.antwerpen.be/viewer?var=opp_groenortho_laag_agr_ont,stadincijfers.antwerpen.be,URLError,unreachable,2026-09-29
https://stadincijfers.antwerpen.be/viewer?var=opp_groenortho_laag_agr_ovw,stadincijfers.antwerpen.be,URLError,unreachable,2026-09-29
https://stadincijfers.antwerpen.be/viewer?var=opp_groenortho_laag_gebruiksgroen,stadincijfers.antwerpen.be,URLError,unreachable,2026-09-29
https://stadincijfers.antwerpen.be/viewer?var=opp_groenortho_laag_gebruiksgroen_ovw,stadincijfers.antwerpen.be,URLError,unreachable,2026-09-29
https://stadincijfers.antwerpen.be/viewer?var=opp_groenortho_laag_natuur,stadincijfers.antwerpen.be,URLError,unreachable,2026-09-29
https://stadincijfers.antwerpen.be/viewer?var=opp_groenortho_laag_natuur_ont,stadincijfers.antwerpen.be,URLError,unreachable,2026-09-29
https://stadincijfers.antwerpen.be/viewer?var=opp_groenortho_laag_natuur_ovw,stadincijfers.antwerpen.be,URLError,unreachable,2026-09-29
https://stadincijfers.antwerpen.be/viewer?var=opp_groenortho_laag_plein,stadincijfers.antwerpen.be,URLError,unreachable,2026-09-29
https://stadincijfers.antwerpen.be/viewer?var=opp_groenortho_laag_structuur_groot,stadincijfers.antwerpen.be,URLError,unreachable,2026-09-29
https://stadincijfers.antwerpen.be/viewer?var=opp_groenortho_laag_wegbaan,stadincijfers.antwerpen.be,URLError,unreachable,2026-09-29
https://stadincijfers.antwerpen.be/viewer?var=opp_groenortho_laag_zonderhaven,stadincijfers.antwerpen.be,URLError,unreachable,2026-09-29
https://stadincijfers.antwerpen.be/viewer?var=opp_groenortho_laaghoog,stadincijfers.antwerpen.be,URLError,unreachable,2026-09-29
https://stadincijfers.antwerpen.be/viewer?var=opp_groenortho_laaghoog_zonderhaven,stadincijfers.antwerpen.be,URLError,unreachable,2026-09-29
https://stadincijfers.antwerpen.be/viewer?var=opp_groenortho_natuur,stadincijfers.antwerpen.be,URLError,unreachable,2026-09-29
https://stadincijfers.antwerpen.be/viewer?var=opp_groenortho_natuur_ont,stadincijfers.antwerpen.be,URLError,unreachable,2026-09-29
https://stadincijfers.antwerpen.be/viewer?var=opp_groenortho_natuur_ovw,stadincijfers.antwerpen.be,URLError,unreachable,2026-09-29
https://stadincijfers.antwerpen.be/viewer?var=opp_groenortho_plein,stadincijfers.antwerpen.be,URLError,unreachable,2026-09-29
https://stadincijfers.antwerpen.be/viewer?var=opp_groenortho_structuur_groot,stadincijfers.antwerpen.be,URLError,unreachable,2026-09-29
https://stadincijfers.antwerpen.be/viewer?var=opp_groenortho_wegbaan,stadincijfers.antwerpen.be,URLError,unreachable,2026-09-29
https://stadincijfers.antwerpen.be/viewer?var=opp_haag_andere,stadincijfers.antwerpen.be,URLError,unreachable,2026-09-29
https://stadincijfers.antwerpen.be/viewer?var=opp_haag_gebruiksgroen,stadincijfers.antwerpen.be,URLError,unreachable,2026-09-29
https://stadincijfers.antwerpen.be/viewer?var=opp_haag_plein,stadincijfers.antwerpen.be,URLError,unreachable,2026-09-29
https://stadincijfers.antwerpen.be/viewer?var=opp_haag_tot,stadincijfers.antwerpen.be,URLError,unreachable,2026-09-29
https://stadincijfers.antwerpen.be/viewer?var=opp_haag_wegbaan,stadincijfers.antwerpen.be,URLError,unreachable,2026-09-29
https://stadincijfers.antwerpen.be/viewer?var=opp_heraanleg,stadincijfers.antwerpen.be,URLError,unreachable,2026-09-29
https://stadincijfers.antwerpen.be/viewer?var=opp_hittestress_geen,stadincijfers.antwerpen.be,URLError,unreachable,2026-09-29
https://stadincijfers.antwerpen.be/viewer?var=opp_hittestress_matig,stadincijfers.antwerpen.be,URLError,unreachable,2026-09-29
https://stadincijfers.antwerpen.be/viewer?var=opp_hittestress_matig_sterk,stadincijfers.antwerpen.be,URLError,unreachable,2026-09-29
https://stadincijfers.antwerpen.be/viewer?var=opp_hittestress_sterk,stadincijfers.antwerpen.be,URLError,unreachable,2026-09-29
https://stadincijfers.antwerpen.be/viewer?var=opp_hondenloopzone,stadincijfers.antwerpen.be,URLError,unreachable,2026-09-29
https://stadincijfers.antwerpen.be/viewer?var=opp_koelteplek_gebruiksgroen,stadincijfers.antwerpen.be,URLError,unreachable,2026-09-29
https://stadincijfers.antwerpen.be/viewer?var=opp_koelteplek_gebruiksgroen_inw,stadincijfers.antwerpen.be,URLError,unreachable,2026-09-29
https://stadincijfers.antwerpen.be/viewer?var=opp_koelteplek_natuurovw,stadincijfers.antwerpen.be,URLError,unreachable,2026-09-29
https://stadincijfers.antwerpen.be/viewer?var=opp_koelteplek_natuurovw_inw,stadincijfers.antwerpen.be,URLError,unreachable,2026-09-29
https://stadincijfers.antwerpen.be/viewer?var=opp_koelteplek_plein,stadincijfers.antwerpen.be,URLError,unreachable,2026-09-29
https://stadincijfers.antwerpen.be/viewer?var=opp_koelteplek_plein_inw,stadincijfers.antwerpen.be,URLError,unreachable,2026-09-29
https://stadincijfers.antwerpen.be/viewer?var=opp_koelteplek_tot,stadincijfers.antwerpen.be,URLError,unreachable,2026-09-29
https://stadincijfers.antwerpen.be/viewer?var=opp_koelteplek_tot_inw,stadincijfers.antwerpen.be,URLError,unreachable,2026-09-29
https://stadincijfers.antwerpen.be/viewer?var=opp_luwteplek_gebruiksgroen,stadincijfers.antwerpen.be,URLError,unreachable,2026-09-29
https://stadincijfers.antwerpen.be/viewer?var=opp_luwteplek_gebruiksgroen_inw,stadincijfers.antwerpen.be,URLError,unreachable,2026-09-29
https://stadincijfers.antwerpen.be/viewer?var=opp_luwteplek_natuurovw,stadincijfers.antwerpen.be,URLError,unreachable,2026-09-29
https://stadincijfers.antwerpen.be/viewer?var=opp_luwteplek_natuurovw_inw,stadincijfers.antwerpen.be,URLError,unreachable,2026-09-29
https://stadincijfers.antwerpen.be/viewer?var=opp_luwteplek_plein,stadincijfers.antwerpen.be,URLError,unreachable,2026-09-29
https://stadincijfers.antwerpen.be/viewer?var=opp_luwteplek_plein_gebruiksgroen,stadincijfers.antwerpen.be,URLError,unreachable,2026-09-29
https://stadincijfers.antwerpen.be/viewer?var=opp_luwteplek_plein_gebruiksgroen_natuurovw,stadincijfers.antwerpen.be,URLError,unreachable,2026-09-29
https://stadincijfers.antwerpen.be/viewer?var=opp_luwteplek_plein_inw,stadincijfers.antwerpen.be,URLError,unreachable,2026-09-29
https://stadincijfers.antwerpen.be/viewer?var=opp_luwteplek_tot,stadincijfers.antwerpen.be,URLError,unreachable,2026-09-29
https://stadincijfers.antwerpen.be/viewer?var=opp_luwteplek_tot_inw,stadincijfers.antwerpen.be,URLError,unreachable,2026-09-29
https://stadincijfers.antwerpen.be/viewer?var=opp_luwteplek_voetgangersgebied,stadincijfers.antwerpen.be,URLError,unreachable,2026-09-29
https://stadincijfers.antwerpen.be/viewer?var=opp_natuurovw_50tot55db,stadincijfers.antwerpen.be,URLError,unreachable,2026-09-29
https://stadincijfers.antwerpen.be/viewer?var=opp_natuurovw_55tot60db,stadincijfers.antwerpen.be,URLError,unreachable,2026-09-29
https://stadincijfers.antwerpen.be/viewer?var=opp_natuurovw_60tot65db,stadincijfers.antwerpen.be,URLError,unreachable,2026-09-29
https://stadincijfers.antwerpen.be/viewer?var=opp_natuurovw_65tot70db,stadincijfers.antwerpen.be,URLError,unreachable,2026-09-29
https://stadincijfers.antwerpen.be/viewer?var=opp_natuurovw_70tot75db,stadincijfers.antwerpen.be,URLError,unreachable,2026-09-29
https://stadincijfers.antwerpen.be/viewer?var=opp_natuurovw_boven55db,stadincijfers.antwerpen.be,URLError,unreachable,2026-09-29
https://stadincijfers.antwerpen.be/viewer?var=opp_natuurovw_boven60db,stadincijfers.antwerpen.be,URLError,unreachable,2026-09-29
https://stadincijfers.antwerpen.be/viewer?var=opp_natuurovw_boven65db,stadincijfers.antwerpen.be,URLError,unreachable,2026-09-29
https://stadincijfers.antwerpen.be/viewer?var=opp_natuurovw_boven70db,stadincijfers.antwerpen.be,URLError,unreachable,2026-09-29
https://stadincijfers.antwerpen.be/viewer?var=opp_natuurovw_boven75db,stadincijfers.antwerpen.be,URLError,unreachable,2026-09-29
https://stadincijfers.antwerpen.be/viewer?var=opp_natuurovw_onder50db,stadincijfers.antwerpen.be,URLError,unreachable,2026-09-29
https://stadincijfers.antwerpen.be/viewer?var=opp_onverhard,stadincijfers.antwerpen.be,URLError,unreachable,2026-09-29
https://stadincijfers.antwerpen.be/viewer?var=opp_onverhard_ha,stadincijfers.antwerpen.be,URLError,unreachable,2026-09-29
https://stadincijfers.antwerpen.be/viewer?var=opp_onverhard_inw,stadincijfers.antwerpen.be,URLError,unreachable,2026-09-29
https://stadincijfers.antwerpen.be/viewer?var=opp_parkeervak_betaald,stadincijfers.antwerpen.be,URLError,unreachable,2026-09-29
https://stadincijfers.antwerpen.be/viewer?var=opp_parkeervak_betaald_blauw,stadincijfers.antwerpen.be,URLError,unreachable,2026-09-29
https://stadincijfers.antwerpen.be/viewer?var=opp_parkeervak_betaald_blauw_zonderhaven,stadincijfers.antwerpen.be,URLError,unreachable,2026-09-29
https://stadincijfers.antwerpen.be/viewer?var=opp_parkeervak_betaald_donkergroen,stadincijfers.antwerpen.be,URLError,unreachable,2026-09-29
https://stadincijfers.antwerpen.be/viewer?var=opp_parkeervak_betaald_donkergroen_zonderhaven,stadincijfers.antwerpen.be,URLError,unreachable,2026-09-29
https://stadincijfers.antwerpen.be/viewer?var=opp_parkeervak_betaald_geel,stadincijfers.antwerpen.be,URLError,unreachable,2026-09-29
https://stadincijfers.antwerpen.be/viewer?var=opp_parkeervak_betaald_geel_zonderhaven,stadincijfers.antwerpen.be,URLError,unreachable,2026-09-29
https://stadincijfers.antwerpen.be/viewer?var=opp_parkeervak_betaald_geen,stadincijfers.antwerpen.be,URLError,unreachable,2026-09-29
https://stadincijfers.antwerpen.be/viewer?var=opp_parkeervak_betaald_geen_zonderhaven,stadincijfers.antwerpen.be,URLError,unreachable,2026-09-29
https://stadincijfers.antwerpen.be/viewer?var=opp_parkeervak_betaald_lichtgroen,stadincijfers.antwerpen.be,URLError,unreachable,2026-09-29
https://stadincijfers.antwerpen.be/viewer?var=opp_parkeervak_betaald_lichtgroen_zonderhaven,stadincijfers.antwerpen.be,URLError,unreachable,2026-09-29
https://stadincijfers.antwerpen.be/viewer?var=opp_parkeervak_betaald_rood,stadincijfers.antwerpen.be,URLError,unreachable,2026-09-29
https://stadincijfers.antwerpen.be/viewer?var=opp_parkeervak_betaald_rood_zonderhaven,stadincijfers.antwerpen.be,URLError,unreachable,2026-09-29
https://stadincijfers.antwerpen.be/viewer?var=opp_parkeervak_betaald_roze,stadincijfers.antwerpen.be,URLError,unreachable,2026-09-29
https://stadincijfers.antwerpen.be/viewer?var=opp_parkeervak_betaald_roze_zonderhaven,stadincijfers.antwerpen.be,URLError,unreachable,2026-09-29
https://stadincijfers.antwerpen.be/viewer?var=opp_parkeervak_betaald_shopgo,stadincijfers.antwerpen.be,URLError,unreachable,2026-09-29
https://stadincijfers.antwerpen.be/viewer?var=opp_parkeervak_betaald_shopgo_zonderhaven,stadincijfers.antwerpen.be,URLError,unreachable,2026-09-29
https://stadincijfers.antwerpen.be/viewer?var=opp_parkeervak_betaald_vergunning,stadincijfers.antwerpen.be,URLError,unreachable,2026-09-29
https://stadincijfers.antwerpen.be/viewer?var=opp_parkeervak_betaald_vergunning_zonderhaven,stadincijfers.antwerpen.be,URLError,unreachable,2026-09-29
https://stadincijfers.antwerpen.be/viewer?var=opp_parkeervak_betaald_zonderhaven,stadincijfers.antwerpen.be,URLError,unreachable,2026-09-29
https://stadincijfers.antwerpen.be/viewer?var=opp_plein,stadincijfers.antwerpen.be,URLError,unreachable,2026-09-29
https://stadincijfers.antwerpen.be/viewer?var=opp_plein_31dec,stadincijfers.antwerpen.be,URLError,unreachable,2026-09-29
https://stadincijfers.antwerpen.be/viewer?var=opp_plein_gebruiksgroen_boven55db,stadincijfers.antwerpen.be,URLError,unreachable,2026-09-29
https://stadincijfers.antwerpen.be/viewer?var=opp_plein_gebruiksgroen_boven60db,stadincijfers.antwerpen.be,URLError,unreachable,2026-09-29
https://stadincijfers.antwerpen.be/viewer?var=opp_plein_gebruiksgroen_boven65db,stadincijfers.antwerpen.be,URLError,unreachable,2026-09-29
https://stadincijfers.antwerpen.be/viewer?var=opp_plein_gebruiksgroen_boven70db,stadincijfers.antwerpen.be,URLError,unreachable,2026-09-29
https://stadincijfers.antwerpen.be/viewer?var=opp_plein_gebruiksgroen_natuurovw_boven55db,stadincijfers.antwerpen.be,URLError,unreachable,2026-09-29
https://stadincijfers.antwerpen.be/viewer?var=opp_plein_gebruiksgroen_natuurovw_boven60db,stadincijfers.antwerpen.be,URLError,unreachable,2026-09-29
https://stadincijfers.antwerpen.be/viewer?var=opp_plein_gebruiksgroen_natuurovw_boven65db,stadincijfers.antwerpen.be,URLError,unreachable,2026-09-29
https://stadincijfers.antwerpen.be/viewer?var=opp_plein_gebruiksgroen_natuurovw_boven70db,stadincijfers.antwerpen.be,URLError,unreachable,2026-09-29
https://stadincijfers.antwerpen.be/viewer?var=opp_plein_ha,stadincijfers.antwerpen.be,URLError,unreachable,2026-09-29
https://stadincijfers.antwerpen.be/viewer?var=opp_plein_heraanleg,stadincijfers.antwerpen.be,URLError,unreachable,2026-09-29
https://stadincijfers.antwerpen.be/viewer?var=opp_plein_inw,stadincijfers.antwerpen.be,URLError,unreachable,2026-09-29
https://stadincijfers.antwerpen.be/viewer?var=opp_plein_onverhard,stadincijfers.antwerpen.be,URLError,unreachable,2026-09-29
https://stadincijfers.antwerpen.be/viewer?var=opp_plein_verhard,stadincijfers.antwerpen.be,URLError,unreachable,2026-09-29
https://stadincijfers.antwerpen.be/viewer?var=opp_sdgr,stadincijfers.antwerpen.be,URLError,unreachable,2026-09-29
https://stadincijfers.antwerpen.be/viewer?var=opp_sdgr_inw,stadincijfers.antwerpen.be,URLError,unreachable,2026-09-29
https://stadincijfers.antwerpen.be/viewer?var=opp_sdnatldb,stadincijfers.antwerpen.be,URLError,unreachable,2026-09-29
https://stadincijfers.antwerpen.be/viewer?var=opp_sdnatldbwater,stadincijfers.antwerpen.be,URLError,unreachable,2026-09-29
https://stadincijfers.antwerpen.be/viewer?var=opp_sdor_r,stadincijfers.antwerpen.be,URLError,unreachable,2026-09-29
https://stadincijfers.antwerpen.be/viewer?var=opp_sdor_r_inw,stadincijfers.antwerpen.be,URLError,unreachable,2026-09-29
https://stadincijfers.antwerpen.be/viewer?var=opp_sdor_rw,stadincijfers.antwerpen.be,URLError,unreachable,2026-09-29
https://stadincijfers.antwerpen.be/viewer?var=opp_sdor_rw_inw,stadincijfers.antwerpen.be,URLError,unreachable,2026-09-29
https://stadincijfers.antwerpen.be/viewer?var=opp_sdovwgr,stadincijfers.antwerpen.be,URLError,unreachable,2026-09-29
https://stadincijfers.antwerpen.be/viewer?var=opp_speelterrein_groot,stadincijfers.antwerpen.be,URLError,unreachable,2026-09-29
https://stadincijfers.antwerpen.be/viewer?var=opp_speelterrein_klein,stadincijfers.antwerpen.be,URLError,unreachable,2026-09-29
https://stadincijfers.antwerpen.be/viewer?var=opp_sporthal,stadincijfers.antwerpen.be,URLError,unreachable,2026-09-29
https://stadincijfers.antwerpen.be/viewer?var=opp_sporthalalle,stadincijfers.antwerpen.be,URLError,unreachable,2026-09-29
https://stadincijfers.antwerpen.be/viewer?var=opp_sportzaal,stadincijfers.antwerpen.be,URLError,unreachable,2026-09-29
https://stadincijfers.antwerpen.be/viewer?var=opp_water,stadincijfers.antwerpen.be,URLError,unreachable,2026-09-29
https://stadincijfers.antwerpen.be/viewer?var=opp_wgr,stadincijfers.antwerpen.be,URLError,unreachable,2026-09-29
https://stadincijfers.antwerpen.be/viewer?var=opp_wgr_inw,stadincijfers.antwerpen.be,URLError,unreachable,2026-09-29
https://stadincijfers.antwerpen.be/viewer?var=opp_wgr_r,stadincijfers.antwerpen.be,URLError,unreachable,2026-09-29
https://stadincijfers.antwerpen.be/viewer?var=opp_wgr_r_inw,stadincijfers.antwerpen.be,URLError,unreachable,2026-09-29
https://stadincijfers.antwerpen.be/viewer?var=opp_wgr_rw,stadincijfers.antwerpen.be,URLError,unreachable,2026-09-29
https://stadincijfers.antwerpen.be/viewer?var=opp_wgr_rw_inw,stadincijfers.antwerpen.be,URLError,unreachable,2026-09-29
https://stadincijfers.antwerpen.be/viewer?var=opp_wnatldb,stadincijfers.antwerpen.be,URLError,unreachable,2026-09-29
https://stadincijfers.antwerpen.be/viewer?var=opp_wnatldbwater,stadincijfers.antwerpen.be,URLError,unreachable,2026-09-29
https://stadincijfers.antwerpen.be/viewer?var=opp_wor,stadincijfers.antwerpen.be,URLError,unreachable,2026-09-29
https://stadincijfers.antwerpen.be/viewer?var=opp_wor_inw,stadincijfers.antwerpen.be,URLError,unreachable,2026-09-29
https://stadincijfers.antwerpen.be/viewer?var=opp_wor_r,stadincijfers.antwerpen.be,URLError,unreachable,2026-09-29
https://stadincijfers.antwerpen.be/viewer?var=opp_wor_r_inw,stadincijfers.antwerpen.be,URLError,unreachable,2026-09-29
https://stadincijfers.antwerpen.be/viewer?var=opp_wor_rw,stadincijfers.antwerpen.be,URLError,unreachable,2026-09-29
https://stadincijfers.antwerpen.be/viewer?var=opp_wor_rw_inw,stadincijfers.antwerpen.be,URLError,unreachable,2026-09-29
https://stadincijfers.antwerpen.be/viewer?var=opp_wplein,stadincijfers.antwerpen.be,URLError,unreachable,2026-09-29
https://stadincijfers.antwerpen.be/viewer?var=opp_zone30,stadincijfers.antwerpen.be,URLError,unreachable,2026-09-29
https://stadincijfers.antwerpen.be/viewer?var=opp_zone30_zonderhaven,stadincijfers.antwerpen.be,URLError,unreachable,2026-09-29
https://stadincijfers.antwerpen.be/viewer?var=opp_zwembadopenlucht,stadincijfers.antwerpen.be,URLError,unreachable,2026-09-29
https://stadincijfers.antwerpen.be/viewer?var=opp_zwembadoverdekt,stadincijfers.antwerpen.be,URLError,unreachable,2026-09-29
https://stadincijfers.antwerpen.be/viewer?var=overgang_ov4_okan,stadincijfers.antwerpen.be,URLError,unreachable,2026-09-29
https://stadincijfers.antwerpen.be/viewer?var=overtreding_roodlicht,stadincijfers.antwerpen.be,URLError,unreachable,2026-09-29
https://stadincijfers.antwerpen.be/viewer?var=overtreding_snelheid,stadincijfers.antwerpen.be,URLError,unreachable,2026-09-29
https://stadincijfers.antwerpen.be/viewer?var=p10_buurt_mooigroen,stadincijfers.antwerpen.be,URLError,unreachable,2026-09-29
https://stadincijfers.antwerpen.be/viewer?var=p10_buurt_openbaarvervoer,stadincijfers.antwerpen.be,URLError,unreachable,2026-09-29
https://stadincijfers.antwerpen.be/viewer?var=p10_buurt_parkeerplaats,stadincijfers.antwerpen.be,URLError,unreachable,2026-09-29
https://stadincijfers.antwerpen.be/viewer?var=p10_buurt_verkeersgedrag,stadincijfers.antwerpen.be,URLError,unreachable,2026-09-29
https://stadincijfers.antwerpen.be/viewer?var=p10_buurt_verkeersinfrastructuur,stadincijfers.antwerpen.be,URLError,unreachable,2026-09-29
https://stadincijfers.antwerpen.be/viewer?var=p10_buurt_voorzieningen_algemeen,stadincijfers.antwerpen.be,URLError,unreachable,2026-09-29
https://stadincijfers.antwerpen.be/viewer?var=p10_buurt_voorzieningen_jongeren,stadincijfers.antwerpen.be,URLError,unreachable,2026-09-29
https://stadincijfers.antwerpen.be/viewer?var=p_beb_voorzieningen_inw,stadincijfers.antwerpen.be,URLError,unreachable,2026-09-29
https://stadincijfers.antwerpen.be/viewer?var=p_boom_plein_wegbaan_inw,stadincijfers.antwerpen.be,URLError,unreachable,2026-09-29
https://stadincijfers.antwerpen.be/viewer?var=p_boom_plein_wegbaan_opp,stadincijfers.antwerpen.be,URLError,unreachable,2026-09-29
https://stadincijfers.antwerpen.be/viewer?var=p_boom_wegbaan_inw,stadincijfers.antwerpen.be,URLError,unreachable,2026-09-29
https://stadincijfers.antwerpen.be/viewer?var=p_buurtvoorzieningen_inw,stadincijfers.antwerpen.be,URLError,unreachable,2026-09-29
https://stadincijfers.antwerpen.be/viewer?var=p_comm_ontspanninghobby,stadincijfers.antwerpen.be,URLError,unreachable,2026-09-29
https://stadincijfers.antwerpen.be/viewer?var=p_grb_wegknoop_bed,stadincijfers.antwerpen.be,URLError,unreachable,2026-09-29
https://stadincijfers.antwerpen.be/viewer?var=p_grb_wegknoop_gnv,stadincijfers.antwerpen.be,URLError,unreachable,2026-09-29
https://stadincijfers.antwerpen.be/viewer?var=p_grb_wegknoop_gro,stadincijfers.antwerpen.be,URLError,unreachable,2026-09-29
https://stadincijfers.antwerpen.be/viewer?var=p_grb_wegknoop_ldb,stadincijfers.antwerpen.be,URLError,unreachable,2026-09-29
https://stadincijfers.antwerpen.be/viewer?var=p_grb_wegknoop_lni,stadincijfers.antwerpen.be,URLError,unreachable,2026-09-29
https://stadincijfers.antwerpen.be/viewer?var=p_grb_wegknoop_opp,stadincijfers.antwerpen.be,URLError,unreachable,2026-09-29
https://stadincijfers.antwerpen.be/viewer?var=p_grb_wegknoop_opp_zonderhaven,stadincijfers.antwerpen.be,URLError,unreachable,2026-09-29
https://stadincijfers.antwerpen.be/viewer?var=p_grb_wegknoop_owa,stadincijfers.antwerpen.be,URLError,unreachable,2026-09-29
https://stadincijfers.antwerpen.be/viewer?var=p_grb_wegknoop_rec,stadincijfers.antwerpen.be,URLError,unreachable,2026-09-29
https://stadincijfers.antwerpen.be/viewer?var=p_grb_wegknoop_won,stadincijfers.antwerpen.be,URLError,unreachable,2026-09-29
https://stadincijfers.antwerpen.be/viewer?var=p_grb_wegknoop_won_streef_label,stadincijfers.antwerpen.be,URLError,unreachable,2026-09-29
https://stadincijfers.antwerpen.be/viewer?var=p_inw_n_boom_plein_wegbaan,stadincijfers.antwerpen.be,URLError,unreachable,2026-09-29
https://stadincijfers.antwerpen.be/viewer?var=p_inw_n_boom_wegbaan,stadincijfers.antwerpen.be,URLError,unreachable,2026-09-29
https://stadincijfers.antwerpen.be/viewer?var=p_l_fietsinfra_inw,stadincijfers.antwerpen.be,URLError,unreachable,2026-09-29
https://stadincijfers.antwerpen.be/viewer?var=p_l_fietsinfra_inw_zonderhaven,stadincijfers.antwerpen.be,URLError,unreachable,2026-09-29
https://stadincijfers.antwerpen.be/viewer?var=p_l_fietspad_inw,stadincijfers.antwerpen.be,URLError,unreachable,2026-09-29
https://stadincijfers.antwerpen.be/viewer?var=p_l_fietspad_inw_zonderhaven,stadincijfers.antwerpen.be,URLError,unreachable,2026-09-29
https://stadincijfers.antwerpen.be/viewer?var=p_l_km_fietsinfra_inw,stadincijfers.antwerpen.be,URLError,unreachable,2026-09-29
https://stadincijfers.antwerpen.be/viewer?var=p_l_km_fietsinfra_inw_zonderhaven,stadincijfers.antwerpen.be,URLError,unreachable,2026-09-29
https://stadincijfers.antwerpen.be/viewer?var=p_l_km_fietspad_inw,stadincijfers.antwerpen.be,URLError,unreachable,2026-09-29
https://stadincijfers.antwerpen.be/viewer?var=p_l_km_fietspad_inw_zonderhaven,stadincijfers.antwerpen.be,URLError,unreachable,2026-09-29
https://stadincijfers.antwerpen.be/viewer?var=p_l_wegenregister_tot_km2,stadincijfers.antwerpen.be,URLError,unreachable,2026-09-29
https://stadincijfers.antwerpen.be/viewer?var=p_l_wegenregister_tot_km2_zonderhaven,stadincijfers.antwerpen.be,URLError,unreachable,2026-09-29
https://stadincijfers.antwerpen.be/viewer?var=p_l_wegenregister_trageweg_inw,stadincijfers.antwerpen.be,URLError,unreachable,2026-09-29
https://stadincijfers.antwerpen.be/viewer?var=p_l_wegenregister_trageweg_inw_zonderhaven,stadincijfers.antwerpen.be,URLError,unreachable,2026-09-29
https://stadincijfers.antwerpen.be/viewer?var=p_l_wegenregister_trageweg_km2,stadincijfers.antwerpen.be,URLError,unreachable,2026-09-29
https://stadincijfers.antwerpen.be/viewer?var=p_l_wegenregister_trageweg_km2_zonderhaven,stadincijfers.antwerpen.be,URLError,unreachable,2026-09-29
https://stadincijfers.antwerpen.be/viewer?var=p_laadpunt_tot_inw,stadincijfers.antwerpen.be,URLError,unreachable,2026-09-29
https://stadincijfers.antwerpen.be/viewer?var=p_n_bouwblok_opp,stadincijfers.antwerpen.be,URLError,unreachable,2026-09-29
https://stadincijfers.antwerpen.be/viewer?var=p_onbeb_voorzieningen_inw,stadincijfers.antwerpen.be,URLError,unreachable,2026-09-29
https://stadincijfers.antwerpen.be/viewer?var=p_opp_buurtsport_inw,stadincijfers.antwerpen.be,URLError,unreachable,2026-09-29
https://stadincijfers.antwerpen.be/viewer?var=p_opp_hondenloopzone_inw,stadincijfers.antwerpen.be,URLError,unreachable,2026-09-29
https://stadincijfers.antwerpen.be/viewer?var=p_opp_speelruimte_lf0_17j,stadincijfers.antwerpen.be,URLError,unreachable,2026-09-29
https://stadincijfers.antwerpen.be/viewer?var=p_opp_sporthal_inw,stadincijfers.antwerpen.be,URLError,unreachable,2026-09-29
https://stadincijfers.antwerpen.be/viewer?var=p_opp_sporthalalle_inw,stadincijfers.antwerpen.be,URLError,unreachable,2026-09-29
https://stadincijfers.antwerpen.be/viewer?var=p_opp_zwembadopenlucht_inw,stadincijfers.antwerpen.be,URLError,unreachable,2026-09-29
https://stadincijfers.antwerpen.be/viewer?var=p_opp_zwembadoverdekt_inw,stadincijfers.antwerpen.be,URLError,unreachable,2026-09-29
https://stadincijfers.antwerpen.be/viewer?var=p_overtreding_roodlicht,stadincijfers.antwerpen.be,URLError,unreachable,2026-09-29
https://stadincijfers.antwerpen.be/viewer?var=p_overtreding_snelheid,stadincijfers.antwerpen.be,URLError,unreachable,2026-09-29
https://stadincijfers.antwerpen.be/viewer?var=p_sdvoorzieningen_inw,stadincijfers.antwerpen.be,URLError,unreachable,2026-09-29
https://stadincijfers.antwerpen.be/viewer?var=p_voorzieningen_inw,stadincijfers.antwerpen.be,URLError,unreachable,2026-09-29
https://stadincijfers.antwerpen.be/viewer?var=p_wijkvoorzieningen_inw,stadincijfers.antwerpen.be,URLError,unreachable,2026-09-29
https://stadincijfers.antwerpen.be/viewer?var=pa_bo,stadincijfers.antwerpen.be,URLError,unreachable,2026-09-29
https://stadincijfers.antwerpen.be/viewer?var=pa_bo_10_19,stadincijfers.antwerpen.be,URLError,unreachable,2026-09-29
https://stadincijfers.antwerpen.be/viewer?var=pa_bo_10_19_p,stadincijfers.antwerpen.be,URLError,unreachable,2026-09-29
https://stadincijfers.antwerpen.be/viewer?var=pa_bo_20_29,stadincijfers.antwerpen.be,URLError,unreachable,2026-09-29
https://stadincijfers.antwerpen.be/viewer?var=pa_bo_20_29_p,stadincijfers.antwerpen.be,URLError,unreachable,2026-09-29
https://stadincijfers.antwerpen.be/viewer?var=pa_bo_30,stadincijfers.antwerpen.be,URLError,unreachable,2026-09-29
https://stadincijfers.antwerpen.be/viewer?var=pa_bo_30_p,stadincijfers.antwerpen.be,URLError,unreachable,2026-09-29
https://stadincijfers.antwerpen.be/viewer?var=pa_bo_5_9,stadincijfers.antwerpen.be,URLError,unreachable,2026-09-29
https://stadincijfers.antwerpen.be/viewer?var=pa_bo_5_9_p,stadincijfers.antwerpen.be,URLError,unreachable,2026-09-29
https://stadincijfers.antwerpen.be/viewer?var=pa_bo_p,stadincijfers.antwerpen.be,URLError,unreachable,2026-09-29
https://stadincijfers.antwerpen.be/viewer?var=pa_bubao,stadincijfers.antwerpen.be,URLError,unreachable,2026-09-29
https://stadincijfers.antwerpen.be/viewer?var=pa_bubao_p,stadincijfers.antwerpen.be,URLError,unreachable,2026-09-29
https://stadincijfers.antwerpen.be/viewer?var=pa_buso,stadincijfers.antwerpen.be,URLError,unreachable,2026-09-29
https://stadincijfers.antwerpen.be/viewer?var=pa_buso_p,stadincijfers.antwerpen.be,URLError,unreachable,2026-09-29
https://stadincijfers.antwerpen.be/viewer?var=pa_dbso,stadincijfers.antwerpen.be,URLError,unreachable,2026-09-29
https://stadincijfers.antwerpen.be/viewer?var=pa_dbso_p,stadincijfers.antwerpen.be,URLError,unreachable,2026-09-29
https://stadincijfers.antwerpen.be/viewer?var=pa_gbo,stadincijfers.antwerpen.be,URLError,unreachable,2026-09-29
https://stadincijfers.antwerpen.be/viewer?var=pa_gbo_p,stadincijfers.antwerpen.be,URLError,unreachable,2026-09-29
https://stadincijfers.antwerpen.be/viewer?var=pa_gvso,stadincijfers.antwerpen.be,URLError,unreachable,2026-09-29
https://stadincijfers.antwerpen.be/viewer?var=pa_gvso_p,stadincijfers.antwerpen.be,URLError,unreachable,2026-09-29
https://stadincijfers.antwerpen.be/viewer?var=pa_so,stadincijfers.antwerpen.be,URLError,unreachable,2026-09-29
https://stadincijfers.antwerpen.be/viewer?var=pa_so_10_19,stadincijfers.antwerpen.be,URLError,unreachable,2026-09-29
https://stadincijfers.antwerpen.be/viewer?var=pa_so_20_29,stadincijfers.antwerpen.be,URLError,unreachable,2026-09-29
https://stadincijfers.antwerpen.be/viewer?var=pa_so_30,stadincijfers.antwerpen.be,URLError,unreachable,2026-09-29
https://stadincijfers.antwerpen.be/viewer?var=pa_so_5_9,stadincijfers.antwerpen.be,URLError,unreachable,2026-09-29
https://stadincijfers.antwerpen.be/viewer?var=pa_so_p,stadincijfers.antwerpen.be,URLError,unreachable,2026-09-29
https://stadincijfers.antwerpen.be/viewer?var=park_ride,stadincijfers.antwerpen.be,URLError,unreachable,2026-09-29
https://stadincijfers.antwerpen.be/viewer?var=park_ride_flex,stadincijfers.antwerpen.be,URLError,unreachable,2026-09-29
https://stadincijfers.antwerpen.be/viewer?var=park_ride_flex_pct,stadincijfers.antwerpen.be,URLError,unreachable,2026-09-29
https://stadincijfers.antwerpen.be/viewer?var=park_ride_ntspits_pct,stadincijfers.antwerpen.be,URLError,unreachable,2026-09-29
https://stadincijfers.antwerpen.be/viewer?var=park_ride_pct,stadincijfers.antwerpen.be,URLError,unreachable,2026-09-29
https://stadincijfers.antwerpen.be/viewer?var=park_ride_spits,stadincijfers.antwerpen.be,URLError,unreachable,2026-09-29
https://stadincijfers.antwerpen.be/viewer?var=park_ride_spits_pct,stadincijfers.antwerpen.be,URLError,unreachable,2026-09-29
https://stadincijfers.antwerpen.be/viewer?var=park_ride_variab,stadincijfers.antwerpen.be,URLError,unreachable,2026-09-29
https://stadincijfers.antwerpen.be/viewer?var=park_ride_variab_pct,stadincijfers.antwerpen.be,URLError,unreachable,2026-09-29
https://stadincijfers.antwerpen.be/viewer?var=parkenride,stadincijfers.antwerpen.be,URLError,unreachable,2026-09-29
https://stadincijfers.antwerpen.be/viewer?var=parkenrideplaats,stadincijfers.antwerpen.be,URLError,unreachable,2026-09-29
https://stadincijfers.antwerpen.be/viewer?var=parkingprobl_werk,stadincijfers.antwerpen.be,URLError,unreachable,2026-09-29
https://stadincijfers.antwerpen.be/viewer?var=parkingprobl_werk_pct,stadincijfers.antwerpen.be,URLError,unreachable,2026-09-29
https://stadincijfers.antwerpen.be/viewer?var=parkingwerk_bedrijf,stadincijfers.antwerpen.be,URLError,unreachable,2026-09-29
https://stadincijfers.antwerpen.be/viewer?var=parkingwerk_bedrijf_pct,stadincijfers.antwerpen.be,URLError,unreachable,2026-09-29
https://stadincijfers.antwerpen.be/viewer?var=parkingwerk_inpandfiets,stadincijfers.antwerpen.be,URLError,unreachable,2026-09-29
https://stadincijfers.antwerpen.be/viewer?var=parkingwerk_inpandfiets_pct,stadincijfers.antwerpen.be,URLError,unreachable,2026-09-29
https://stadincijfers.antwerpen.be/viewer?var=parkingwerk_openbareweg_pct,stadincijfers.antwerpen.be,URLError,unreachable,2026-09-29
https://stadincijfers.antwerpen.be/viewer?var=parkingwerk_overdektfiets_pct,stadincijfers.antwerpen.be,URLError,unreachable,2026-09-29
https://stadincijfers.antwerpen.be/viewer?var=parkingwerk_pr,stadincijfers.antwerpen.be,URLError,unreachable,2026-09-29
https://stadincijfers.antwerpen.be/viewer?var=parkingwerk_pr_pct,stadincijfers.antwerpen.be,URLError,unreachable,2026-09-29
https://stadincijfers.antwerpen.be/viewer?var=parkingwerk_privepark,stadincijfers.antwerpen.be,URLError,unreachable,2026-09-29
https://stadincijfers.antwerpen.be/viewer?var=parkingwerk_privepark_pct,stadincijfers.antwerpen.be,URLError,unreachable,2026-09-29
https://stadincijfers.antwerpen.be/viewer?var=parkingwerk_publiekpark,stadincijfers.antwerpen.be,URLError,unreachable,2026-09-29
https://stadincijfers.antwerpen.be/viewer?var=parkingwerk_publiekpark_pct,stadincijfers.antwerpen.be,URLError,unreachable,2026-09-29
https://stadincijfers.antwerpen.be/viewer?var=passant_meir,stadincijfers.antwerpen.be,URLError,unreachable,2026-09-29
https://stadincijfers.antwerpen.be/viewer?var=passant_meir_week,stadincijfers.antwerpen.be,URLError,unreachable,2026-09-29
https://stadincijfers.antwerpen.be/viewer?var=passant_meir_winkelzon,stadincijfers.antwerpen.be,URLError,unreachable,2026-09-29
https://stadincijfers.antwerpen.be/viewer?var=passant_meir_winkelzon_jaar,stadincijfers.antwerpen.be,URLError,unreachable,2026-09-29
https://stadincijfers.antwerpen.be/viewer?var=passant_meir_winkelzon_maand,stadincijfers.antwerpen.be,URLError,unreachable,2026-09-29
https://stadincijfers.antwerpen.be/viewer?var=passant_meir_zaterdag,stadincijfers.antwerpen.be,URLError,unreachable,2026-09-29
https://stadincijfers.antwerpen.be/viewer?var=passant_verkeer,stadincijfers.antwerpen.be,URLError,unreachable,2026-09-29
https://stadincijfers.antwerpen.be/viewer?var=pax_fietsbus,stadincijfers.antwerpen.be,URLError,unreachable,2026-09-29
https://stadincijfers.antwerpen.be/viewer?var=pax_veerdienst_baz_hemik,stadincijfers.antwerpen.be,URLError,unreachable,2026-09-29
https://stadincijfers.antwerpen.be/viewer?var=pax_veerdienst_kruib_hobo,stadincijfers.antwerpen.be,URLError,unreachable,2026-09-29
https://stadincijfers.antwerpen.be/viewer?var=pax_waterbus,stadincijfers.antwerpen.be,URLError,unreachable,2026-09-29
https://stadincijfers.antwerpen.be/viewer?var=pax_waterbus_fiets,stadincijfers.antwerpen.be,URLError,unreachable,2026-09-29
https://stadincijfers.antwerpen.be/viewer?var=pax_waterbus_zonderfiets,stadincijfers.antwerpen.be,URLError,unreachable,2026-09-29
https://stadincijfers.antwerpen.be/viewer?var=pb_bakker,stadincijfers.antwerpen.be,URLError,unreachable,2026-09-29
https://stadincijfers.antwerpen.be/viewer?var=pb_banken,stadincijfers.antwerpen.be,URLError,unreachable,2026-09-29
https://stadincijfers.antwerpen.be/viewer?var=pb_slagerv,stadincijfers.antwerpen.be,URLError,unreachable,2026-09-29
https://stadincijfers.antwerpen.be/viewer?var=pb_superette,stadincijfers.antwerpen.be,URLError,unreachable,2026-09-29
https://stadincijfers.antwerpen.be/viewer?var=pct_aboov_gezin,stadincijfers.antwerpen.be,URLError,unreachable,2026-09-29
https://stadincijfers.antwerpen.be/viewer?var=pct_ad_boom_kruindekking_,stadincijfers.antwerpen.be,URLError,unreachable,2026-09-29
https://stadincijfers.antwerpen.be/viewer?var=pct_ad_koel_bereik_,stadincijfers.antwerpen.be,URLError,unreachable,2026-09-29
https://stadincijfers.antwerpen.be/viewer?var=pct_ad_onth_publiek_,stadincijfers.antwerpen.be,URLError,unreachable,2026-09-29
https://stadincijfers.antwerpen.be/viewer?var=pct_ad_onth_totaal_,stadincijfers.antwerpen.be,URLError,unreachable,2026-09-29
https://stadincijfers.antwerpen.be/viewer?var=pct_ander_deelsyst,stadincijfers.antwerpen.be,URLError,unreachable,2026-09-29
https://stadincijfers.antwerpen.be/viewer?var=pct_bakfiets1,stadincijfers.antwerpen.be,URLError,unreachable,2026-09-29
https://stadincijfers.antwerpen.be/viewer?var=pct_bakfiets2,stadincijfers.antwerpen.be,URLError,unreachable,2026-09-29
https://stadincijfers.antwerpen.be/viewer?var=pct_bakfiets3,stadincijfers.antwerpen.be,URLError,unreachable,2026-09-29
https://stadincijfers.antwerpen.be/viewer?var=pct_bakfiets_autoch,stadincijfers.antwerpen.be,URLError,unreachable,2026-09-29
https://stadincijfers.antwerpen.be/viewer?var=pct_bakfiets_eenoud,stadincijfers.antwerpen.be,URLError,unreachable,2026-09-29
https://stadincijfers.antwerpen.be/viewer?var=pct_bakfiets_eu,stadincijfers.antwerpen.be,URLError,unreachable,2026-09-29
https://stadincijfers.antwerpen.be/viewer?var=pct_bakfiets_hoogink,stadincijfers.antwerpen.be,URLError,unreachable,2026-09-29
https://stadincijfers.antwerpen.be/viewer?var=pct_bakfiets_laagink,stadincijfers.antwerpen.be,URLError,unreachable,2026-09-29
https://stadincijfers.antwerpen.be/viewer?var=pct_bakfiets_middink,stadincijfers.antwerpen.be,URLError,unreachable,2026-09-29
https://stadincijfers.antwerpen.be/viewer?var=pct_bakfiets_nteu,stadincijfers.antwerpen.be,URLError,unreachable,2026-09-29
https://stadincijfers.antwerpen.be/viewer?var=pct_bakfiets_partn,stadincijfers.antwerpen.be,URLError,unreachable,2026-09-29
https://stadincijfers.antwerpen.be/viewer?var=pct_bakfiets_partn_kdn,stadincijfers.antwerpen.be,URLError,unreachable,2026-09-29
https://stadincijfers.antwerpen.be/viewer?var=pct_bakfiets_single,stadincijfers.antwerpen.be,URLError,unreachable,2026-09-29
https://stadincijfers.antwerpen.be/viewer?var=pct_bedrijfswagen_gezin,stadincijfers.antwerpen.be,URLError,unreachable,2026-09-29
https://stadincijfers.antwerpen.be/viewer?var=pct_beweegnorm,stadincijfers.antwerpen.be,URLError,unreachable,2026-09-29
https://stadincijfers.antwerpen.be/viewer?var=pct_beweegnorm_vrouw,stadincijfers.antwerpen.be,URLError,unreachable,2026-09-29
https://stadincijfers.antwerpen.be/viewer?var=pct_bird,stadincijfers.antwerpen.be,URLError,unreachable,2026-09-29
https://stadincijfers.antwerpen.be/viewer?var=pct_bluebike,stadincijfers.antwerpen.be,URLError,unreachable,2026-09-29
https://stadincijfers.antwerpen.be/viewer?var=pct_bolides,stadincijfers.antwerpen.be,URLError,unreachable,2026-09-29
https://stadincijfers.antwerpen.be/viewer?var=pct_cambio,stadincijfers.antwerpen.be,URLError,unreachable,2026-09-29
https://stadincijfers.antwerpen.be/viewer?var=pct_cargoroo,stadincijfers.antwerpen.be,URLError,unreachable,2026-09-29
https://stadincijfers.antwerpen.be/viewer?var=pct_cloudbike,stadincijfers.antwerpen.be,URLError,unreachable,2026-09-29
https://stadincijfers.antwerpen.be/viewer?var=pct_cozywheels,stadincijfers.antwerpen.be,URLError,unreachable,2026-09-29
https://stadincijfers.antwerpen.be/viewer?var=pct_deelfiets,stadincijfers.antwerpen.be,URLError,unreachable,2026-09-29
https://stadincijfers.antwerpen.be/viewer?var=pct_deelsystemen,stadincijfers.antwerpen.be,URLError,unreachable,2026-09-29
https://stadincijfers.antwerpen.be/viewer?var=pct_deelwagen,stadincijfers.antwerpen.be,URLError,unreachable,2026-09-29
https://stadincijfers.antwerpen.be/viewer?var=pct_degage,stadincijfers.antwerpen.be,URLError,unreachable,2026-09-29
https://stadincijfers.antwerpen.be/viewer?var=pct_delijn_gezin,stadincijfers.antwerpen.be,URLError,unreachable,2026-09-29
https://stadincijfers.antwerpen.be/viewer?var=pct_diabetes,stadincijfers.antwerpen.be,URLError,unreachable,2026-09-29
https://stadincijfers.antwerpen.be/viewer?var=pct_donkey,stadincijfers.antwerpen.be,URLError,unreachable,2026-09-29
https://stadincijfers.antwerpen.be/viewer?var=pct_eigenwagen_gezin,stadincijfers.antwerpen.be,URLError,unreachable,2026-09-29
https://stadincijfers.antwerpen.be/viewer?var=pct_elek_fiets1,stadincijfers.antwerpen.be,URLError,unreachable,2026-09-29
https://stadincijfers.antwerpen.be/viewer?var=pct_elek_fiets2,stadincijfers.antwerpen.be,URLError,unreachable,2026-09-29
https://stadincijfers.antwerpen.be/viewer?var=pct_elek_fiets3,stadincijfers.antwerpen.be,URLError,unreachable,2026-09-29
https://stadincijfers.antwerpen.be/viewer?var=pct_elek_fiets_eenoud,stadincijfers.antwerpen.be,URLError,unreachable,2026-09-29
https://stadincijfers.antwerpen.be/viewer?var=pct_elek_fiets_partn,stadincijfers.antwerpen.be,URLError,unreachable,2026-09-29
https://stadincijfers.antwerpen.be/viewer?var=pct_elek_fiets_partn_kdn,stadincijfers.antwerpen.be,URLError,unreachable,2026-09-29
https://stadincijfers.antwerpen.be/viewer?var=pct_elek_fiets_single,stadincijfers.antwerpen.be,URLError,unreachable,2026-09-29
https://stadincijfers.antwerpen.be/viewer?var=pct_elekfiets_autoch,stadincijfers.antwerpen.be,URLError,unreachable,2026-09-29
https://stadincijfers.antwerpen.be/viewer?var=pct_elekfiets_eu,stadincijfers.antwerpen.be,URLError,unreachable,2026-09-29
https://stadincijfers.antwerpen.be/viewer?var=pct_elekfiets_hoogink,stadincijfers.antwerpen.be,URLError,unreachable,2026-09-29
https://stadincijfers.antwerpen.be/viewer?var=pct_elekfiets_laagink,stadincijfers.antwerpen.be,URLError,unreachable,2026-09-29
https://stadincijfers.antwerpen.be/viewer?var=pct_elekfiets_middink,stadincijfers.antwerpen.be,URLError,unreachable,2026-09-29
https://stadincijfers.antwerpen.be/viewer?var=pct_elekfiets_nteu,stadincijfers.antwerpen.be,URLError,unreachable,2026-09-29
https://stadincijfers.antwerpen.be/viewer?var=pct_estep1,stadincijfers.antwerpen.be,URLError,unreachable,2026-09-29
https://stadincijfers.antwerpen.be/viewer?var=pct_estep2,stadincijfers.antwerpen.be,URLError,unreachable,2026-09-29
https://stadincijfers.antwerpen.be/viewer?var=pct_estep3,stadincijfers.antwerpen.be,URLError,unreachable,2026-09-29
https://stadincijfers.antwerpen.be/viewer?var=pct_estep_autoch,stadincijfers.antwerpen.be,URLError,unreachable,2026-09-29
https://stadincijfers.antwerpen.be/viewer?var=pct_estep_eenoud,stadincijfers.antwerpen.be,URLError,unreachable,2026-09-29
https://stadincijfers.antwerpen.be/viewer?var=pct_estep_eu,stadincijfers.antwerpen.be,URLError,unreachable,2026-09-29
https://stadincijfers.antwerpen.be/viewer?var=pct_estep_hoogink,stadincijfers.antwerpen.be,URLError,unreachable,2026-09-29
https://stadincijfers.antwerpen.be/viewer?var=pct_estep_laagink,stadincijfers.antwerpen.be,URLError,unreachable,2026-09-29
https://stadincijfers.antwerpen.be/viewer?var=pct_estep_middink,stadincijfers.antwerpen.be,URLError,unreachable,2026-09-29
https://stadincijfers.antwerpen.be/viewer?var=pct_estep_nteu,stadincijfers.antwerpen.be,URLError,unreachable,2026-09-29
https://stadincijfers.antwerpen.be/viewer?var=pct_estep_partn,stadincijfers.antwerpen.be,URLError,unreachable,2026-09-29
https://stadincijfers.antwerpen.be/viewer?var=pct_estep_partn_kdn,stadincijfers.antwerpen.be,URLError,unreachable,2026-09-29
https://stadincijfers.antwerpen.be/viewer?var=pct_estep_single,stadincijfers.antwerpen.be,URLError,unreachable,2026-09-29
https://stadincijfers.antwerpen.be/viewer?var=pct_fiets_tot1,stadincijfers.antwerpen.be,URLError,unreachable,2026-09-29
https://stadincijfers.antwerpen.be/viewer?var=pct_fiets_tot2,stadincijfers.antwerpen.be,URLError,unreachable,2026-09-29
https://stadincijfers.antwerpen.be/viewer?var=pct_fiets_tot3,stadincijfers.antwerpen.be,URLError,unreachable,2026-09-29
https://stadincijfers.antwerpen.be/viewer?var=pct_fiets_tot_autoch,stadincijfers.antwerpen.be,URLError,unreachable,2026-09-29
https://stadincijfers.antwerpen.be/viewer?var=pct_fiets_tot_eenoud,stadincijfers.antwerpen.be,URLError,unreachable,2026-09-29
https://stadincijfers.antwerpen.be/viewer?var=pct_fiets_tot_eu,stadincijfers.antwerpen.be,URLError,unreachable,2026-09-29
https://stadincijfers.antwerpen.be/viewer?var=pct_fiets_tot_hoogink,stadincijfers.antwerpen.be,URLError,unreachable,2026-09-29
https://stadincijfers.antwerpen.be/viewer?var=pct_fiets_tot_laagink,stadincijfers.antwerpen.be,URLError,unreachable,2026-09-29
https://stadincijfers.antwerpen.be/viewer?var=pct_fiets_tot_middink,stadincijfers.antwerpen.be,URLError,unreachable,2026-09-29
https://stadincijfers.antwerpen.be/viewer?var=pct_fiets_tot_nteu,stadincijfers.antwerpen.be,URLError,unreachable,2026-09-29
https://stadincijfers.antwerpen.be/viewer?var=pct_fiets_tot_partn,stadincijfers.antwerpen.be,URLError,unreachable,2026-09-29
https://stadincijfers.antwerpen.be/viewer?var=pct_fiets_tot_partn_kdn,stadincijfers.antwerpen.be,URLError,unreachable,2026-09-29
https://stadincijfers.antwerpen.be/viewer?var=pct_fiets_tot_single,stadincijfers.antwerpen.be,URLError,unreachable,2026-09-29
https://stadincijfers.antwerpen.be/viewer?var=pct_fietsoversteek,stadincijfers.antwerpen.be,URLError,unreachable,2026-09-29
https://stadincijfers.antwerpen.be/viewer?var=pct_fietsoversteek_zonderhaven,stadincijfers.antwerpen.be,URLError,unreachable,2026-09-29
https://stadincijfers.antwerpen.be/viewer?var=pct_fietspad,stadincijfers.antwerpen.be,URLError,unreachable,2026-09-29
https://stadincijfers.antwerpen.be/viewer?var=pct_fietspad_aanlig_gelijkg,stadincijfers.antwerpen.be,URLError,unreachable,2026-09-29
https://stadincijfers.antwerpen.be/viewer?var=pct_fietspad_aanlig_gelijkg_zonderhaven,stadincijfers.antwerpen.be,URLError,unreachable,2026-09-29
https://stadincijfers.antwerpen.be/viewer?var=pct_fietspad_aanlig_verhoogd,stadincijfers.antwerpen.be,URLError,unreachable,2026-09-29
https://stadincijfers.antwerpen.be/viewer?var=pct_fietspad_aanlig_verhoogd_zonderhaven,stadincijfers.antwerpen.be,URLError,unreachable,2026-09-29
https://stadincijfers.antwerpen.be/viewer?var=pct_fietspad_brug,stadincijfers.antwerpen.be,URLError,unreachable,2026-09-29
https://stadincijfers.antwerpen.be/viewer?var=pct_fietspad_brug_zonderhaven,stadincijfers.antwerpen.be,URLError,unreachable,2026-09-29
https://stadincijfers.antwerpen.be/viewer?var=pct_fietspad_fietsopstel,stadincijfers.antwerpen.be,URLError,unreachable,2026-09-29
https://stadincijfers.antwerpen.be/viewer?var=pct_fietspad_fietsopstel_zonderhaven,stadincijfers.antwerpen.be,URLError,unreachable,2026-09-29
https://stadincijfers.antwerpen.be/viewer?var=pct_fietspad_fietsweg,stadincijfers.antwerpen.be,URLError,unreachable,2026-09-29
https://stadincijfers.antwerpen.be/viewer?var=pct_fietspad_fietsweg_zonderhaven,stadincijfers.antwerpen.be,URLError,unreachable,2026-09-29
https://stadincijfers.antwerpen.be/viewer?var=pct_fietspad_losliggend,stadincijfers.antwerpen.be,URLError,unreachable,2026-09-29
https://stadincijfers.antwerpen.be/viewer?var=pct_fietspad_losliggend_zonderhaven,stadincijfers.antwerpen.be,URLError,unreachable,2026-09-29
https://stadincijfers.antwerpen.be/viewer?var=pct_fietspad_tunnel,stadincijfers.antwerpen.be,URLError,unreachable,2026-09-29
https://stadincijfers.antwerpen.be/viewer?var=pct_fietspad_tunnel_zonderhaven,stadincijfers.antwerpen.be,URLError,unreachable,2026-09-29
https://stadincijfers.antwerpen.be/viewer?var=pct_fietspad_vrijliggend,stadincijfers.antwerpen.be,URLError,unreachable,2026-09-29
https://stadincijfers.antwerpen.be/viewer?var=pct_fietspad_vrijliggend_zonderhaven,stadincijfers.antwerpen.be,URLError,unreachable,2026-09-29
https://stadincijfers.antwerpen.be/viewer?var=pct_fietspad_zonderhaven,stadincijfers.antwerpen.be,URLError,unreachable,2026-09-29
https://stadincijfers.antwerpen.be/viewer?var=pct_fietsstraat,stadincijfers.antwerpen.be,URLError,unreachable,2026-09-29
https://stadincijfers.antwerpen.be/viewer?var=pct_fietsstraat_zonderhaven,stadincijfers.antwerpen.be,URLError,unreachable,2026-09-29
https://stadincijfers.antwerpen.be/viewer?var=pct_fietsstraat_zonderhaven_tot,stadincijfers.antwerpen.be,URLError,unreachable,2026-09-29
https://stadincijfers.antwerpen.be/viewer?var=pct_fietssug,stadincijfers.antwerpen.be,URLError,unreachable,2026-09-29
https://stadincijfers.antwerpen.be/viewer?var=pct_fietssug_zonderhaven,stadincijfers.antwerpen.be,URLError,unreachable,2026-09-29
https://stadincijfers.antwerpen.be/viewer?var=pct_fietsweg,stadincijfers.antwerpen.be,URLError,unreachable,2026-09-29
https://stadincijfers.antwerpen.be/viewer?var=pct_fietsweg_zonderhaven,stadincijfers.antwerpen.be,URLError,unreachable,2026-09-29
https://stadincijfers.antwerpen.be/viewer?var=pct_gewone_fiets1,stadincijfers.antwerpen.be,URLError,unreachable,2026-09-29
https://stadincijfers.antwerpen.be/viewer?var=pct_gewone_fiets2,stadincijfers.antwerpen.be,URLError,unreachable,2026-09-29
https://stadincijfers.antwerpen.be/viewer?var=pct_gewone_fiets3,stadincijfers.antwerpen.be,URLError,unreachable,2026-09-29
https://stadincijfers.antwerpen.be/viewer?var=pct_gewone_fiets_autoch,stadincijfers.antwerpen.be,URLError,unreachable,2026-09-29
https://stadincijfers.antwerpen.be/viewer?var=pct_gewone_fiets_eenoud,stadincijfers.antwerpen.be,URLError,unreachable,2026-09-29
https://stadincijfers.antwerpen.be/viewer?var=pct_gewone_fiets_eu,stadincijfers.antwerpen.be,URLError,unreachable,2026-09-29
https://stadincijfers.antwerpen.be/viewer?var=pct_gewone_fiets_hoogink,stadincijfers.antwerpen.be,URLError,unreachable,2026-09-29
https://stadincijfers.antwerpen.be/viewer?var=pct_gewone_fiets_laagink,stadincijfers.antwerpen.be,URLError,unreachable,2026-09-29
https://stadincijfers.antwerpen.be/viewer?var=pct_gewone_fiets_middink,stadincijfers.antwerpen.be,URLError,unreachable,2026-09-29
https://stadincijfers.antwerpen.be/viewer?var=pct_gewone_fiets_nteu,stadincijfers.antwerpen.be,URLError,unreachable,2026-09-29
https://stadincijfers.antwerpen.be/viewer?var=pct_gewone_fiets_partn,stadincijfers.antwerpen.be,URLError,unreachable,2026-09-29
https://stadincijfers.antwerpen.be/viewer?var=pct_gewone_fiets_partn_kdn,stadincijfers.antwerpen.be,URLError,unreachable,2026-09-29
https://stadincijfers.antwerpen.be/viewer?var=pct_gewone_fiets_single,stadincijfers.antwerpen.be,URLError,unreachable,2026-09-29
https://stadincijfers.antwerpen.be/viewer?var=pct_gezond_gewicht,stadincijfers.antwerpen.be,URLError,unreachable,2026-09-29
https://stadincijfers.antwerpen.be/viewer?var=pct_gezond_gewicht_man,stadincijfers.antwerpen.be,URLError,unreachable,2026-09-29
https://stadincijfers.antwerpen.be/viewer?var=pct_gezond_gewicht_vrouw,stadincijfers.antwerpen.be,URLError,unreachable,2026-09-29
https://stadincijfers.antwerpen.be/viewer?var=pct_greenmobility,stadincijfers.antwerpen.be,URLError,unreachable,2026-09-29
https://stadincijfers.antwerpen.be/viewer?var=pct_groenortho_agr,stadincijfers.antwerpen.be,URLError,unreachable,2026-09-29
https://stadincijfers.antwerpen.be/viewer?var=pct_groenortho_agr_ont,stadincijfers.antwerpen.be,URLError,unreachable,2026-09-29
https://stadincijfers.antwerpen.be/viewer?var=pct_groenortho_agr_ovw,stadincijfers.antwerpen.be,URLError,unreachable,2026-09-29
https://stadincijfers.antwerpen.be/viewer?var=pct_groenortho_gebruiksgroen,stadincijfers.antwerpen.be,URLError,unreachable,2026-09-29
https://stadincijfers.antwerpen.be/viewer?var=pct_groenortho_gebruiksgroen_ovw,stadincijfers.antwerpen.be,URLError,unreachable,2026-09-29
https://stadincijfers.antwerpen.be/viewer?var=pct_groenortho_hoog_agr,stadincijfers.antwerpen.be,URLError,unreachable,2026-09-29
https://stadincijfers.antwerpen.be/viewer?var=pct_groenortho_hoog_agr_ont,stadincijfers.antwerpen.be,URLError,unreachable,2026-09-29
https://stadincijfers.antwerpen.be/viewer?var=pct_groenortho_hoog_agr_ovw,stadincijfers.antwerpen.be,URLError,unreachable,2026-09-29
https://stadincijfers.antwerpen.be/viewer?var=pct_groenortho_hoog_gebruiksgroen,stadincijfers.antwerpen.be,URLError,unreachable,2026-09-29
https://stadincijfers.antwerpen.be/viewer?var=pct_groenortho_hoog_gebruiksgroen_ovw,stadincijfers.antwerpen.be,URLError,unreachable,2026-09-29
https://stadincijfers.antwerpen.be/viewer?var=pct_groenortho_hoog_natuur,stadincijfers.antwerpen.be,URLError,unreachable,2026-09-29
https://stadincijfers.antwerpen.be/viewer?var=pct_groenortho_hoog_natuur_ont,stadincijfers.antwerpen.be,URLError,unreachable,2026-09-29
https://stadincijfers.antwerpen.be/viewer?var=pct_groenortho_hoog_natuur_ovw,stadincijfers.antwerpen.be,URLError,unreachable,2026-09-29
https://stadincijfers.antwerpen.be/viewer?var=pct_groenortho_hoog_plein,stadincijfers.antwerpen.be,URLError,unreachable,2026-09-29
https://stadincijfers.antwerpen.be/viewer?var=pct_groenortho_hoog_structuur_groot,stadincijfers.antwerpen.be,URLError,unreachable,2026-09-29
https://stadincijfers.antwerpen.be/viewer?var=pct_groenortho_hoog_tot,stadincijfers.antwerpen.be,URLError,unreachable,2026-09-29
https://stadincijfers.antwerpen.be/viewer?var=pct_groenortho_hoog_tot_streef_label,stadincijfers.antwerpen.be,URLError,unreachable,2026-09-29
https://stadincijfers.antwerpen.be/viewer?var=pct_groenortho_hoog_tot_zonderhaven,stadincijfers.antwerpen.be,URLError,unreachable,2026-09-29
https://stadincijfers.antwerpen.be/viewer?var=pct_groenortho_hoog_wegbaan,stadincijfers.antwerpen.be,URLError,unreachable,2026-09-29
https://stadincijfers.antwerpen.be/viewer?var=pct_groenortho_hoog_wegbaan_plein,stadincijfers.antwerpen.be,URLError,unreachable,2026-09-29
https://stadincijfers.antwerpen.be/viewer?var=pct_groenortho_hoog_wegbaan_plein_gebruiksgroen,stadincijfers.antwerpen.be,URLError,unreachable,2026-09-29
https://stadincijfers.antwerpen.be/viewer?var=pct_groenortho_laag_agr,stadincijfers.antwerpen.be,URLError,unreachable,2026-09-29
https://stadincijfers.antwerpen.be/viewer?var=pct_groenortho_laag_agr_ont,stadincijfers.antwerpen.be,URLError,unreachable,2026-09-29
https://stadincijfers.antwerpen.be/viewer?var=pct_groenortho_laag_agr_ovw,stadincijfers.antwerpen.be,URLError,unreachable,2026-09-29
https://stadincijfers.antwerpen.be/viewer?var=pct_groenortho_laag_gebruiksgroen,stadincijfers.antwerpen.be,URLError,unreachable,2026-09-29
https://stadincijfers.antwerpen.be/viewer?var=pct_groenortho_laag_gebruiksgroen_ovw,stadincijfers.antwerpen.be,URLError,unreachable,2026-09-29
https://stadincijfers.antwerpen.be/viewer?var=pct_groenortho_laag_natuur,stadincijfers.antwerpen.be,URLError,unreachable,2026-09-29
https://stadincijfers.antwerpen.be/viewer?var=pct_groenortho_laag_natuur_ont,stadincijfers.antwerpen.be,URLError,unreachable,2026-09-29
https://stadincijfers.antwerpen.be/viewer?var=pct_groenortho_laag_natuur_ovw,stadincijfers.antwerpen.be,URLError,unreachable,2026-09-29
https://stadincijfers.antwerpen.be/viewer?var=pct_groenortho_laag_plein,stadincijfers.antwerpen.be,URLError,unreachable,2026-09-29
https://stadincijfers.antwerpen.be/viewer?var=pct_groenortho_laag_structuur_groot,stadincijfers.antwerpen.be,URLError,unreachable,2026-09-29
https://stadincijfers.antwerpen.be/viewer?var=pct_groenortho_laag_tot,stadincijfers.antwerpen.be,URLError,unreachable,2026-09-29
https://stadincijfers.antwerpen.be/viewer?var=pct_groenortho_laag_tot_zonderhaven,stadincijfers.antwerpen.be,URLError,unreachable,2026-09-29
https://stadincijfers.antwerpen.be/viewer?var=pct_groenortho_laag_wegbaan,stadincijfers.antwerpen.be,URLError,unreachable,2026-09-29
https://stadincijfers.antwerpen.be/viewer?var=pct_groenortho_laaghelfthoog_tot,stadincijfers.antwerpen.be,URLError,unreachable,2026-09-29
https://stadincijfers.antwerpen.be/viewer?var=pct_groenortho_laaghelfthoog_tot_zonderhaven,stadincijfers.antwerpen.be,URLError,unreachable,2026-09-29
https://stadincijfers.antwerpen.be/viewer?var=pct_groenortho_laaghoog_tot,stadincijfers.antwerpen.be,URLError,unreachable,2026-09-29
https://stadincijfers.antwerpen.be/viewer?var=pct_groenortho_laaghoog_tot_zonderhaven,stadincijfers.antwerpen.be,URLError,unreachable,2026-09-29
https://stadincijfers.antwerpen.be/viewer?var=pct_groenortho_natuur,stadincijfers.antwerpen.be,URLError,unreachable,2026-09-29
https://stadincijfers.antwerpen.be/viewer?var=pct_groenortho_natuur_ont,stadincijfers.antwerpen.be,URLError,unreachable,2026-09-29
https://stadincijfers.antwerpen.be/viewer?var=pct_groenortho_natuur_ovw,stadincijfers.antwerpen.be,URLError,unreachable,2026-09-29
https://stadincijfers.antwerpen.be/viewer?var=pct_groenortho_plein,stadincijfers.antwerpen.be,URLError,unreachable,2026-09-29
https://stadincijfers.antwerpen.be/viewer?var=pct_groenortho_structuur_groot,stadincijfers.antwerpen.be,URLError,unreachable,2026-09-29
https://stadincijfers.antwerpen.be/viewer?var=pct_groenortho_wegbaan,stadincijfers.antwerpen.be,URLError,unreachable,2026-09-29
https://stadincijfers.antwerpen.be/viewer?var=pct_hh_hittestress_geen,stadincijfers.antwerpen.be,URLError,unreachable,2026-09-29
https://stadincijfers.antwerpen.be/viewer?var=pct_hh_hittestress_matig,stadincijfers.antwerpen.be,URLError,unreachable,2026-09-29
https://stadincijfers.antwerpen.be/viewer?var=pct_hh_hittestress_matig_sterk,stadincijfers.antwerpen.be,URLError,unreachable,2026-09-29
https://stadincijfers.antwerpen.be/viewer?var=pct_hh_hittestress_sterk,stadincijfers.antwerpen.be,URLError,unreachable,2026-09-29
https://stadincijfers.antwerpen.be/viewer?var=pct_inw_hittestress_geen,stadincijfers.antwerpen.be,URLError,unreachable,2026-09-29
https://stadincijfers.antwerpen.be/viewer?var=pct_inw_hittestress_matig,stadincijfers.antwerpen.be,URLError,unreachable,2026-09-29
https://stadincijfers.antwerpen.be/viewer?var=pct_inw_hittestress_matig_sterk,stadincijfers.antwerpen.be,URLError,unreachable,2026-09-29
https://stadincijfers.antwerpen.be/viewer?var=pct_inw_hittestress_sterk,stadincijfers.antwerpen.be,URLError,unreachable,2026-09-29
https://stadincijfers.antwerpen.be/viewer?var=pct_lf0_5j_hittestress_geen,stadincijfers.antwerpen.be,URLError,unreachable,2026-09-29
https://stadincijfers.antwerpen.be/viewer?var=pct_lf0_5j_hittestress_matig,stadincijfers.antwerpen.be,URLError,unreachable,2026-09-29
https://stadincijfers.antwerpen.be/viewer?var=pct_lf0_5j_hittestress_matig_sterk,stadincijfers.antwerpen.be,URLError,unreachable,2026-09-29
https://stadincijfers.antwerpen.be/viewer?var=pct_lf0_5j_hittestress_sterk,stadincijfers.antwerpen.be,URLError,unreachable,2026-09-29
https://stadincijfers.antwerpen.be/viewer?var=pct_lf65jeo_hittestress_geen,stadincijfers.antwerpen.be,URLError,unreachable,2026-09-29
https://stadincijfers.antwerpen.be/viewer?var=pct_lf65jeo_hittestress_matig,stadincijfers.antwerpen.be,URLError,unreachable,2026-09-29
https://stadincijfers.antwerpen.be/viewer?var=pct_lf65jeo_hittestress_matig_sterk,stadincijfers.antwerpen.be,URLError,unreachable,2026-09-29
https://stadincijfers.antwerpen.be/viewer?var=pct_lf65jeo_hittestress_sterk,stadincijfers.antwerpen.be,URLError,unreachable,2026-09-29
https://stadincijfers.antwerpen.be/viewer?var=pct_longtail1,stadincijfers.antwerpen.be,URLError,unreachable,2026-09-29
https://stadincijfers.antwerpen.be/viewer?var=pct_longtail2,stadincijfers.antwerpen.be,URLError,unreachable,2026-09-29
https://stadincijfers.antwerpen.be/viewer?var=pct_longtail3,stadincijfers.antwerpen.be,URLError,unreachable,2026-09-29
https://stadincijfers.antwerpen.be/viewer?var=pct_longtail_autoch,stadincijfers.antwerpen.be,URLError,unreachable,2026-09-29
https://stadincijfers.antwerpen.be/viewer?var=pct_longtail_eenoud,stadincijfers.antwerpen.be,URLError,unreachable,2026-09-29
https://stadincijfers.antwerpen.be/viewer?var=pct_longtail_eu,stadincijfers.antwerpen.be,URLError,unreachable,2026-09-29
https://stadincijfers.antwerpen.be/viewer?var=pct_longtail_hoogink,stadincijfers.antwerpen.be,URLError,unreachable,2026-09-29
https://stadincijfers.antwerpen.be/viewer?var=pct_longtail_laagink,stadincijfers.antwerpen.be,URLError,unreachable,2026-09-29
https://stadincijfers.antwerpen.be/viewer?var=pct_longtail_middink,stadincijfers.antwerpen.be,URLError,unreachable,2026-09-29
https://stadincijfers.antwerpen.be/viewer?var=pct_longtail_nteu,stadincijfers.antwerpen.be,URLError,unreachable,2026-09-29
https://stadincijfers.antwerpen.be/viewer?var=pct_longtail_partn,stadincijfers.antwerpen.be,URLError,unreachable,2026-09-29
https://stadincijfers.antwerpen.be/viewer?var=pct_longtail_partn_kdn,stadincijfers.antwerpen.be,URLError,unreachable,2026-09-29
https://stadincijfers.antwerpen.be/viewer?var=pct_mbt_autoch,stadincijfers.antwerpen.be,URLError,unreachable,2026-09-29
https://stadincijfers.antwerpen.be/viewer?var=pct_mbt_eu,stadincijfers.antwerpen.be,URLError,unreachable,2026-09-29
https://stadincijfers.antwerpen.be/viewer?var=pct_mbt_hoogink,stadincijfers.antwerpen.be,URLError,unreachable,2026-09-29
https://stadincijfers.antwerpen.be/viewer?var=pct_mbt_laagink,stadincijfers.antwerpen.be,URLError,unreachable,2026-09-29
https://stadincijfers.antwerpen.be/viewer?var=pct_mbt_middink,stadincijfers.antwerpen.be,URLError,unreachable,2026-09-29
https://stadincijfers.antwerpen.be/viewer?var=pct_mbt_nteu,stadincijfers.antwerpen.be,URLError,unreachable,2026-09-29
https://stadincijfers.antwerpen.be/viewer?var=pct_mi_mob_mod_spl_woonwerk_,stadincijfers.antwerpen.be,URLError,unreachable,2026-09-29
https://stadincijfers.antwerpen.be/viewer?var=pct_milesmobility,stadincijfers.antwerpen.be,URLError,unreachable,2026-09-29
https://stadincijfers.antwerpen.be/viewer?var=pct_mobit,stadincijfers.antwerpen.be,URLError,unreachable,2026-09-29
https://stadincijfers.antwerpen.be/viewer?var=pct_moto1,stadincijfers.antwerpen.be,URLError,unreachable,2026-09-29
https://stadincijfers.antwerpen.be/viewer?var=pct_moto2,stadincijfers.antwerpen.be,URLError,unreachable,2026-09-29
https://stadincijfers.antwerpen.be/viewer?var=pct_moto3,stadincijfers.antwerpen.be,URLError,unreachable,2026-09-29
https://stadincijfers.antwerpen.be/viewer?var=pct_motobrom1,stadincijfers.antwerpen.be,URLError,unreachable,2026-09-29
https://stadincijfers.antwerpen.be/viewer?var=pct_motobrom2,stadincijfers.antwerpen.be,URLError,unreachable,2026-09-29
https://stadincijfers.antwerpen.be/viewer?var=pct_motobrom3,stadincijfers.antwerpen.be,URLError,unreachable,2026-09-29
https://stadincijfers.antwerpen.be/viewer?var=pct_motobrom_autoch,stadincijfers.antwerpen.be,URLError,unreachable,2026-09-29
https://stadincijfers.antwerpen.be/viewer?var=pct_motobrom_eenoud,stadincijfers.antwerpen.be,URLError,unreachable,2026-09-29
https://stadincijfers.antwerpen.be/viewer?var=pct_motobrom_eu,stadincijfers.antwerpen.be,URLError,unreachable,2026-09-29
https://stadincijfers.antwerpen.be/viewer?var=pct_motobrom_hoogink,stadincijfers.antwerpen.be,URLError,unreachable,2026-09-29
https://stadincijfers.antwerpen.be/viewer?var=pct_motobrom_laagink,stadincijfers.antwerpen.be,URLError,unreachable,2026-09-29
https://stadincijfers.antwerpen.be/viewer?var=pct_motobrom_middink,stadincijfers.antwerpen.be,URLError,unreachable,2026-09-29
https://stadincijfers.antwerpen.be/viewer?var=pct_motobrom_nteu,stadincijfers.antwerpen.be,URLError,unreachable,2026-09-29
https://stadincijfers.antwerpen.be/viewer?var=pct_motobrom_partn,stadincijfers.antwerpen.be,URLError,unreachable,2026-09-29
https://stadincijfers.antwerpen.be/viewer?var=pct_motobrom_partn_kdn,stadincijfers.antwerpen.be,URLError,unreachable,2026-09-29
https://stadincijfers.antwerpen.be/viewer?var=pct_motobrom_single,stadincijfers.antwerpen.be,URLError,unreachable,2026-09-29
https://stadincijfers.antwerpen.be/viewer?var=pct_mtb1,stadincijfers.antwerpen.be,URLError,unreachable,2026-09-29
https://stadincijfers.antwerpen.be/viewer?var=pct_mtb2,stadincijfers.antwerpen.be,URLError,unreachable,2026-09-29
https://stadincijfers.antwerpen.be/viewer?var=pct_mtb3,stadincijfers.antwerpen.be,URLError,unreachable,2026-09-29
https://stadincijfers.antwerpen.be/viewer?var=pct_mtb_eenoud,stadincijfers.antwerpen.be,URLError,unreachable,2026-09-29
https://stadincijfers.antwerpen.be/viewer?var=pct_mtb_partn,stadincijfers.antwerpen.be,URLError,unreachable,2026-09-29
https://stadincijfers.antwerpen.be/viewer?var=pct_mtb_partn_kdn,stadincijfers.antwerpen.be,URLError,unreachable,2026-09-29
https://stadincijfers.antwerpen.be/viewer?var=pct_mtb_single,stadincijfers.antwerpen.be,URLError,unreachable,2026-09-29
https://stadincijfers.antwerpen.be/viewer?var=pct_nmbs_gezin,stadincijfers.antwerpen.be,URLError,unreachable,2026-09-29
https://stadincijfers.antwerpen.be/viewer?var=pct_obesitas,stadincijfers.antwerpen.be,URLError,unreachable,2026-09-29
https://stadincijfers.antwerpen.be/viewer?var=pct_obesitas_man,stadincijfers.antwerpen.be,URLError,unreachable,2026-09-29
https://stadincijfers.antwerpen.be/viewer?var=pct_obesitas_vrouw,stadincijfers.antwerpen.be,URLError,unreachable,2026-09-29
https://stadincijfers.antwerpen.be/viewer?var=pct_opp_hittestress_geen,stadincijfers.antwerpen.be,URLError,unreachable,2026-09-29
https://stadincijfers.antwerpen.be/viewer?var=pct_opp_hittestress_matig,stadincijfers.antwerpen.be,URLError,unreachable,2026-09-29
https://stadincijfers.antwerpen.be/viewer?var=pct_opp_hittestress_matig_sterk,stadincijfers.antwerpen.be,URLError,unreachable,2026-09-29
https://stadincijfers.antwerpen.be/viewer?var=pct_opp_hittestress_sterk,stadincijfers.antwerpen.be,URLError,unreachable,2026-09-29
https://stadincijfers.antwerpen.be/viewer?var=pct_opp_parkeervak_betaald,stadincijfers.antwerpen.be,URLError,unreachable,2026-09-29
https://stadincijfers.antwerpen.be/viewer?var=pct_opp_parkeervak_betaald_blauw,stadincijfers.antwerpen.be,URLError,unreachable,2026-09-29
https://stadincijfers.antwerpen.be/viewer?var=pct_opp_parkeervak_betaald_blauw_zonderhaven,stadincijfers.antwerpen.be,URLError,unreachable,2026-09-29
https://stadincijfers.antwerpen.be/viewer?var=pct_opp_parkeervak_betaald_donkergroen,stadincijfers.antwerpen.be,URLError,unreachable,2026-09-29
https://stadincijfers.antwerpen.be/viewer?var=pct_opp_parkeervak_betaald_donkergroen_zonderhaven,stadincijfers.antwerpen.be,URLError,unreachable,2026-09-29
https://stadincijfers.antwerpen.be/viewer?var=pct_opp_parkeervak_betaald_geel,stadincijfers.antwerpen.be,URLError,unreachable,2026-09-29
https://stadincijfers.antwerpen.be/viewer?var=pct_opp_parkeervak_betaald_geel_zonderhaven,stadincijfers.antwerpen.be,URLError,unreachable,2026-09-29
https://stadincijfers.antwerpen.be/viewer?var=pct_opp_parkeervak_betaald_geen,stadincijfers.antwerpen.be,URLError,unreachable,2026-09-29
https://stadincijfers.antwerpen.be/viewer?var=pct_opp_parkeervak_betaald_geen_zonderhaven,stadincijfers.antwerpen.be,URLError,unreachable,2026-09-29
https://stadincijfers.antwerpen.be/viewer?var=pct_opp_parkeervak_betaald_lichtgroen,stadincijfers.antwerpen.be,URLError,unreachable,2026-09-29
https://stadincijfers.antwerpen.be/viewer?var=pct_opp_parkeervak_betaald_lichtgroen_zonderhaven,stadincijfers.antwerpen.be,URLError,unreachable,2026-09-29
https://stadincijfers.antwerpen.be/viewer?var=pct_opp_parkeervak_betaald_rood,stadincijfers.antwerpen.be,URLError,unreachable,2026-09-29
https://stadincijfers.antwerpen.be/viewer?var=pct_opp_parkeervak_betaald_rood_zonderhaven,stadincijfers.antwerpen.be,URLError,unreachable,2026-09-29
https://stadincijfers.antwerpen.be/viewer?var=pct_opp_parkeervak_betaald_roze,stadincijfers.antwerpen.be,URLError,unreachable,2026-09-29
https://stadincijfers.antwerpen.be/viewer?var=pct_opp_parkeervak_betaald_roze_zonderhaven,stadincijfers.antwerpen.be,URLError,unreachable,2026-09-29
https://stadincijfers.antwerpen.be/viewer?var=pct_opp_parkeervak_betaald_shopgo,stadincijfers.antwerpen.be,URLError,unreachable,2026-09-29
https://stadincijfers.antwerpen.be/viewer?var=pct_opp_parkeervak_betaald_shopgo_zonderhaven,stadincijfers.antwerpen.be,URLError,unreachable,2026-09-29
https://stadincijfers.antwerpen.be/viewer?var=pct_opp_parkeervak_betaald_vergunning,stadincijfers.antwerpen.be,URLError,unreachable,2026-09-29
https://stadincijfers.antwerpen.be/viewer?var=pct_opp_parkeervak_betaald_vergunning_zonderhaven,stadincijfers.antwerpen.be,URLError,unreachable,2026-09-29
https://stadincijfers.antwerpen.be/viewer?var=pct_opp_parkeervak_betaald_zonderhaven,stadincijfers.antwerpen.be,URLError,unreachable,2026-09-29
https://stadincijfers.antwerpen.be/viewer?var=pct_parkeervak_betaald_blauw,stadincijfers.antwerpen.be,URLError,unreachable,2026-09-29
https://stadincijfers.antwerpen.be/viewer?var=pct_parkeervak_betaald_donkergroen,stadincijfers.antwerpen.be,URLError,unreachable,2026-09-29
https://stadincijfers.antwerpen.be/viewer?var=pct_parkeervak_betaald_geel,stadincijfers.antwerpen.be,URLError,unreachable,2026-09-29
https://stadincijfers.antwerpen.be/viewer?var=pct_parkeervak_betaald_geen,stadincijfers.antwerpen.be,URLError,unreachable,2026-09-29
https://stadincijfers.antwerpen.be/viewer?var=pct_parkeervak_betaald_lichtgroen,stadincijfers.antwerpen.be,URLError,unreachable,2026-09-29
https://stadincijfers.antwerpen.be/viewer?var=pct_parkeervak_betaald_rood,stadincijfers.antwerpen.be,URLError,unreachable,2026-09-29
https://stadincijfers.antwerpen.be/viewer?var=pct_parkeervak_betaald_roze,stadincijfers.antwerpen.be,URLError,unreachable,2026-09-29
https://stadincijfers.antwerpen.be/viewer?var=pct_parkeervak_betaald_shopgo,stadincijfers.antwerpen.be,URLError,unreachable,2026-09-29
https://stadincijfers.antwerpen.be/viewer?var=pct_parkeervak_betaald_vergunning,stadincijfers.antwerpen.be,URLError,unreachable,2026-09-29
https://stadincijfers.antwerpen.be/viewer?var=pct_parkingthuis_garage_ander,stadincijfers.antwerpen.be,URLError,unreachable,2026-09-29
https://stadincijfers.antwerpen.be/viewer?var=pct_parkingthuis_garage_woning,stadincijfers.antwerpen.be,URLError,unreachable,2026-09-29
https://stadincijfers.antwerpen.be/viewer?var=pct_parkingthuis_oprit,stadincijfers.antwerpen.be,URLError,unreachable,2026-09-29
https://stadincijfers.antwerpen.be/viewer?var=pct_parkingthuis_straat_bewk,stadincijfers.antwerpen.be,URLError,unreachable,2026-09-29
https://stadincijfers.antwerpen.be/viewer?var=pct_parkingthuis_straat_zonderbewk,stadincijfers.antwerpen.be,URLError,unreachable,2026-09-29
https://stadincijfers.antwerpen.be/viewer?var=pct_part_autodelen,stadincijfers.antwerpen.be,URLError,unreachable,2026-09-29
https://stadincijfers.antwerpen.be/viewer?var=pct_pax_waterbus_fiets,stadincijfers.antwerpen.be,URLError,unreachable,2026-09-29
https://stadincijfers.antwerpen.be/viewer?var=pct_poppy,stadincijfers.antwerpen.be,URLError,unreachable,2026-09-29
https://stadincijfers.antwerpen.be/viewer?var=pct_racefiets1,stadincijfers.antwerpen.be,URLError,unreachable,2026-09-29
https://stadincijfers.antwerpen.be/viewer?var=pct_racefiets2,stadincijfers.antwerpen.be,URLError,unreachable,2026-09-29
https://stadincijfers.antwerpen.be/viewer?var=pct_racefiets3,stadincijfers.antwerpen.be,URLError,unreachable,2026-09-29
https://stadincijfers.antwerpen.be/viewer?var=pct_racefiets_autoch,stadincijfers.antwerpen.be,URLError,unreachable,2026-09-29
https://stadincijfers.antwerpen.be/viewer?var=pct_racefiets_eenoud,stadincijfers.antwerpen.be,URLError,unreachable,2026-09-29
https://stadincijfers.antwerpen.be/viewer?var=pct_racefiets_eu,stadincijfers.antwerpen.be,URLError,unreachable,2026-09-29
https://stadincijfers.antwerpen.be/viewer?var=pct_racefiets_hoogink,stadincijfers.antwerpen.be,URLError,unreachable,2026-09-29
https://stadincijfers.antwerpen.be/viewer?var=pct_racefiets_laagink,stadincijfers.antwerpen.be,URLError,unreachable,2026-09-29
https://stadincijfers.antwerpen.be/viewer?var=pct_racefiets_middink,stadincijfers.antwerpen.be,URLError,unreachable,2026-09-29
https://stadincijfers.antwerpen.be/viewer?var=pct_racefiets_nteu,stadincijfers.antwerpen.be,URLError,unreachable,2026-09-29
https://stadincijfers.antwerpen.be/viewer?var=pct_racefiets_partn,stadincijfers.antwerpen.be,URLError,unreachable,2026-09-29
https://stadincijfers.antwerpen.be/viewer?var=pct_racefiets_partn_kdn,stadincijfers.antwerpen.be,URLError,unreachable,2026-09-29
https://stadincijfers.antwerpen.be/viewer?var=pct_racefiets_single,stadincijfers.antwerpen.be,URLError,unreachable,2026-09-29
https://stadincijfers.antwerpen.be/viewer?var=pct_schoolstraat,stadincijfers.antwerpen.be,URLError,unreachable,2026-09-29
https://stadincijfers.antwerpen.be/viewer?var=pct_scooter1,stadincijfers.antwerpen.be,URLError,unreachable,2026-09-29
https://stadincijfers.antwerpen.be/viewer?var=pct_scooter2,stadincijfers.antwerpen.be,URLError,unreachable,2026-09-29
https://stadincijfers.antwerpen.be/viewer?var=pct_scooter3,stadincijfers.antwerpen.be,URLError,unreachable,2026-09-29
https://stadincijfers.antwerpen.be/viewer?var=pct_scooty,stadincijfers.antwerpen.be,URLError,unreachable,2026-09-29
https://stadincijfers.antwerpen.be/viewer?var=pct_screen_ddk,stadincijfers.antwerpen.be,URLError,unreachable,2026-09-29
https://stadincijfers.antwerpen.be/viewer?var=pct_snelheid_5070kmu_fietspad_aanlig_verhogd_zhavt,stadincijfers.antwerpen.be,URLError,unreachable,2026-09-29
https://stadincijfers.antwerpen.be/viewer?var=pct_snelheid_5070kmu_fietspad_vrijlig_zonderhavent,stadincijfers.antwerpen.be,URLError,unreachable,2026-09-29
https://stadincijfers.antwerpen.be/viewer?var=pct_snelheid_50kmu_fietspad,stadincijfers.antwerpen.be,URLError,unreachable,2026-09-29
https://stadincijfers.antwerpen.be/viewer?var=pct_snelheid_50kmu_fietspad_aanlig_gelijkg,stadincijfers.antwerpen.be,URLError,unreachable,2026-09-29
https://stadincijfers.antwerpen.be/viewer?var=pct_snelheid_50kmu_fietspad_aanlig_verhoogd,stadincijfers.antwerpen.be,URLError,unreachable,2026-09-29
https://stadincijfers.antwerpen.be/viewer?var=pct_snelheid_50kmu_fietspad_aanlig_verhoogd_zhav,stadincijfers.antwerpen.be,URLError,unreachable,2026-09-29
https://stadincijfers.antwerpen.be/viewer?var=pct_snelheid_50kmu_fietspad_aanlig_verhoogd_zhavt,stadincijfers.antwerpen.be,URLError,unreachable,2026-09-29
https://stadincijfers.antwerpen.be/viewer?var=pct_snelheid_50kmu_fietspad_vrijlig,stadincijfers.antwerpen.be,URLError,unreachable,2026-09-29
https://stadincijfers.antwerpen.be/viewer?var=pct_snelheid_50kmu_fietspad_vrijlig_zonderhaven,stadincijfers.antwerpen.be,URLError,unreachable,2026-09-29
https://stadincijfers.antwerpen.be/viewer?var=pct_snelheid_50kmu_fietspad_vrijlig_zonderhaventot,stadincijfers.antwerpen.be,URLError,unreachable,2026-09-29
https://stadincijfers.antwerpen.be/viewer?var=pct_snelheid_50kmu_fietspad_zonderhaven,stadincijfers.antwerpen.be,URLError,unreachable,2026-09-29
https://stadincijfers.antwerpen.be/viewer?var=pct_snelheid_50kmu_fietssug,stadincijfers.antwerpen.be,URLError,unreachable,2026-09-29
https://stadincijfers.antwerpen.be/viewer?var=pct_snelheid_50kmu_fietssug_zonderhaven,stadincijfers.antwerpen.be,URLError,unreachable,2026-09-29
https://stadincijfers.antwerpen.be/viewer?var=pct_snelheid_50kmu_geenfietsinfra,stadincijfers.antwerpen.be,URLError,unreachable,2026-09-29
https://stadincijfers.antwerpen.be/viewer?var=pct_snelheid_50kmu_geenfietsinfra_zonderhaven,stadincijfers.antwerpen.be,URLError,unreachable,2026-09-29
https://stadincijfers.antwerpen.be/viewer?var=pct_snelheid_70kmu_fietspad,stadincijfers.antwerpen.be,URLError,unreachable,2026-09-29
https://stadincijfers.antwerpen.be/viewer?var=pct_snelheid_70kmu_fietspad_aanlig_gelijkg,stadincijfers.antwerpen.be,URLError,unreachable,2026-09-29
https://stadincijfers.antwerpen.be/viewer?var=pct_snelheid_70kmu_fietspad_aanlig_gelijkg_zhaven,stadincijfers.antwerpen.be,URLError,unreachable,2026-09-29
https://stadincijfers.antwerpen.be/viewer?var=pct_snelheid_70kmu_fietspad_aanlig_verhoogd,stadincijfers.antwerpen.be,URLError,unreachable,2026-09-29
https://stadincijfers.antwerpen.be/viewer?var=pct_snelheid_70kmu_fietspad_aanlig_verhoogd_zhav,stadincijfers.antwerpen.be,URLError,unreachable,2026-09-29
https://stadincijfers.antwerpen.be/viewer?var=pct_snelheid_70kmu_fietspad_aanlig_verhoogd_zhavt,stadincijfers.antwerpen.be,URLError,unreachable,2026-09-29
https://stadincijfers.antwerpen.be/viewer?var=pct_snelheid_70kmu_fietspad_vrijlig,stadincijfers.antwerpen.be,URLError,unreachable,2026-09-29
https://stadincijfers.antwerpen.be/viewer?var=pct_snelheid_70kmu_fietspad_vrijlig_zonderhaven,stadincijfers.antwerpen.be,URLError,unreachable,2026-09-29
https://stadincijfers.antwerpen.be/viewer?var=pct_snelheid_70kmu_fietspad_vrijlig_zonderhaventot,stadincijfers.antwerpen.be,URLError,unreachable,2026-09-29
https://stadincijfers.antwerpen.be/viewer?var=pct_snelheid_70kmu_fietspad_zonderhaven,stadincijfers.antwerpen.be,URLError,unreachable,2026-09-29
https://stadincijfers.antwerpen.be/viewer?var=pct_snelheid_70kmu_geenfietsinfra,stadincijfers.antwerpen.be,URLError,unreachable,2026-09-29
https://stadincijfers.antwerpen.be/viewer?var=pct_snelheid_70kmu_geenfietsinfra_zonderhaven,stadincijfers.antwerpen.be,URLError,unreachable,2026-09-29
https://stadincijfers.antwerpen.be/viewer?var=pct_speedped1,stadincijfers.antwerpen.be,URLError,unreachable,2026-09-29
https://stadincijfers.antwerpen.be/viewer?var=pct_speedped2,stadincijfers.antwerpen.be,URLError,unreachable,2026-09-29
https://stadincijfers.antwerpen.be/viewer?var=pct_speedped3,stadincijfers.antwerpen.be,URLError,unreachable,2026-09-29
https://stadincijfers.antwerpen.be/viewer?var=pct_speedped_autoch,stadincijfers.antwerpen.be,URLError,unreachable,2026-09-29
https://stadincijfers.antwerpen.be/viewer?var=pct_speedped_eenoud,stadincijfers.antwerpen.be,URLError,unreachable,2026-09-29
https://stadincijfers.antwerpen.be/viewer?var=pct_speedped_eu,stadincijfers.antwerpen.be,URLError,unreachable,2026-09-29
https://stadincijfers.antwerpen.be/viewer?var=pct_speedped_hoogink,stadincijfers.antwerpen.be,URLError,unreachable,2026-09-29
https://stadincijfers.antwerpen.be/viewer?var=pct_speedped_laagink,stadincijfers.antwerpen.be,URLError,unreachable,2026-09-29
https://stadincijfers.antwerpen.be/viewer?var=pct_speedped_middink,stadincijfers.antwerpen.be,URLError,unreachable,2026-09-29
https://stadincijfers.antwerpen.be/viewer?var=pct_speedped_nteu,stadincijfers.antwerpen.be,URLError,unreachable,2026-09-29
https://stadincijfers.antwerpen.be/viewer?var=pct_speedped_partn,stadincijfers.antwerpen.be,URLError,unreachable,2026-09-29
https://stadincijfers.antwerpen.be/viewer?var=pct_speedped_partn_kdn,stadincijfers.antwerpen.be,URLError,unreachable,2026-09-29
https://stadincijfers.antwerpen.be/viewer?var=pct_speedped_single,stadincijfers.antwerpen.be,URLError,unreachable,2026-09-29
https://stadincijfers.antwerpen.be/viewer?var=pct_velo,stadincijfers.antwerpen.be,URLError,unreachable,2026-09-29
https://stadincijfers.antwerpen.be/viewer?var=pct_vouwfiets1,stadincijfers.antwerpen.be,URLError,unreachable,2026-09-29
https://stadincijfers.antwerpen.be/viewer?var=pct_vouwfiets2,stadincijfers.antwerpen.be,URLError,unreachable,2026-09-29
https://stadincijfers.antwerpen.be/viewer?var=pct_vouwfiets3,stadincijfers.antwerpen.be,URLError,unreachable,2026-09-29
https://stadincijfers.antwerpen.be/viewer?var=pct_vouwfiets_autoch,stadincijfers.antwerpen.be,URLError,unreachable,2026-09-29
https://stadincijfers.antwerpen.be/viewer?var=pct_vouwfiets_eenoud,stadincijfers.antwerpen.be,URLError,unreachable,2026-09-29
https://stadincijfers.antwerpen.be/viewer?var=pct_vouwfiets_eu,stadincijfers.antwerpen.be,URLError,unreachable,2026-09-29
https://stadincijfers.antwerpen.be/viewer?var=pct_vouwfiets_hoogink,stadincijfers.antwerpen.be,URLError,unreachable,2026-09-29
https://stadincijfers.antwerpen.be/viewer?var=pct_vouwfiets_laagink,stadincijfers.antwerpen.be,URLError,unreachable,2026-09-29
https://stadincijfers.antwerpen.be/viewer?var=pct_vouwfiets_middink,stadincijfers.antwerpen.be,URLError,unreachable,2026-09-29
https://stadincijfers.antwerpen.be/viewer?var=pct_vouwfiets_nteu,stadincijfers.antwerpen.be,URLError,unreachable,2026-09-29
https://stadincijfers.antwerpen.be/viewer?var=pct_vouwfiets_partn,stadincijfers.antwerpen.be,URLError,unreachable,2026-09-29
https://stadincijfers.antwerpen.be/viewer?var=pct_vouwfiets_partn_kdn,stadincijfers.antwerpen.be,URLError,unreachable,2026-09-29
https://stadincijfers.antwerpen.be/viewer?var=pct_vouwfiets_single,stadincijfers.antwerpen.be,URLError,unreachable,2026-09-29
https://stadincijfers.antwerpen.be/viewer?var=pct_vt_fiets,stadincijfers.antwerpen.be,URLError,unreachable,2026-09-29
https://stadincijfers.antwerpen.be/viewer?var=pct_vt_fiets_1625j,stadincijfers.antwerpen.be,URLError,unreachable,2026-09-29
https://stadincijfers.antwerpen.be/viewer?var=pct_vt_fiets_2635j,stadincijfers.antwerpen.be,URLError,unreachable,2026-09-29
https://stadincijfers.antwerpen.be/viewer?var=pct_vt_fiets_3645j,stadincijfers.antwerpen.be,URLError,unreachable,2026-09-29
https://stadincijfers.antwerpen.be/viewer?var=pct_vt_fiets_4655j,stadincijfers.antwerpen.be,URLError,unreachable,2026-09-29
https://stadincijfers.antwerpen.be/viewer?var=pct_vt_fiets_5665j,stadincijfers.antwerpen.be,URLError,unreachable,2026-09-29
https://stadincijfers.antwerpen.be/viewer?var=pct_vt_fiets_6675j,stadincijfers.antwerpen.be,URLError,unreachable,2026-09-29
https://stadincijfers.antwerpen.be/viewer?var=pct_vt_fiets_75j,stadincijfers.antwerpen.be,URLError,unreachable,2026-09-29
https://stadincijfers.antwerpen.be/viewer?var=pct_vt_fiets_m,stadincijfers.antwerpen.be,URLError,unreachable,2026-09-29
https://stadincijfers.antwerpen.be/viewer?var=pct_vt_fiets_v,stadincijfers.antwerpen.be,URLError,unreachable,2026-09-29
https://stadincijfers.antwerpen.be/viewer?var=pct_wagen_gezin,stadincijfers.antwerpen.be,URLError,unreachable,2026-09-29
https://stadincijfers.antwerpen.be/viewer?var=pct_wegenregister_bovenlokaal,stadincijfers.antwerpen.be,URLError,unreachable,2026-09-29
https://stadincijfers.antwerpen.be/viewer?var=pct_wegenregister_gemeente,stadincijfers.antwerpen.be,URLError,unreachable,2026-09-29
https://stadincijfers.antwerpen.be/viewer?var=pct_wegenregister_gemeente_bovenlokaal,stadincijfers.antwerpen.be,URLError,unreachable,2026-09-29
https://stadincijfers.antwerpen.be/viewer?var=pct_wegenregister_gemeente_lokaal,stadincijfers.antwerpen.be,URLError,unreachable,2026-09-29
https://stadincijfers.antwerpen.be/viewer?var=pct_wegenregister_gewest_bovenlokaal,stadincijfers.antwerpen.be,URLError,unreachable,2026-09-29
https://stadincijfers.antwerpen.be/viewer?var=pct_wegenregister_haven,stadincijfers.antwerpen.be,URLError,unreachable,2026-09-29
https://stadincijfers.antwerpen.be/viewer?var=pct_woonerf,stadincijfers.antwerpen.be,URLError,unreachable,2026-09-29
https://stadincijfers.antwerpen.be/viewer?var=pct_ws_fiets,stadincijfers.antwerpen.be,URLError,unreachable,2026-09-29
https://stadincijfers.antwerpen.be/viewer?var=pct_ws_fiets_m,stadincijfers.antwerpen.be,URLError,unreachable,2026-09-29
https://stadincijfers.antwerpen.be/viewer?var=pct_ws_fiets_v,stadincijfers.antwerpen.be,URLError,unreachable,2026-09-29
https://stadincijfers.antwerpen.be/viewer?var=pct_ww_fiets,stadincijfers.antwerpen.be,URLError,unreachable,2026-09-29
https://stadincijfers.antwerpen.be/viewer?var=pct_ww_fiets_1625j,stadincijfers.antwerpen.be,URLError,unreachable,2026-09-29
https://stadincijfers.antwerpen.be/viewer?var=pct_ww_fiets_2635j,stadincijfers.antwerpen.be,URLError,unreachable,2026-09-29
https://stadincijfers.antwerpen.be/viewer?var=pct_ww_fiets_3645j,stadincijfers.antwerpen.be,URLError,unreachable,2026-09-29
https://stadincijfers.antwerpen.be/viewer?var=pct_ww_fiets_4655j,stadincijfers.antwerpen.be,URLError,unreachable,2026-09-29
https://stadincijfers.antwerpen.be/viewer?var=pct_ww_fiets_5665j,stadincijfers.antwerpen.be,URLError,unreachable,2026-09-29
https://stadincijfers.antwerpen.be/viewer?var=pct_ww_fiets_6675j,stadincijfers.antwerpen.be,URLError,unreachable,2026-09-29
https://stadincijfers.antwerpen.be/viewer?var=pct_ww_fiets_75j,stadincijfers.antwerpen.be,URLError,unreachable,2026-09-29
https://stadincijfers.antwerpen.be/viewer?var=pct_ww_fiets_m,stadincijfers.antwerpen.be,URLError,unreachable,2026-09-29
https://stadincijfers.antwerpen.be/viewer?var=pct_ww_fiets_v,stadincijfers.antwerpen.be,URLError,unreachable,2026-09-29
https://stadincijfers.antwerpen.be/viewer?var=pct_zelf_fiets,stadincijfers.antwerpen.be,URLError,unreachable,2026-09-29
https://stadincijfers.antwerpen.be/viewer?var=pct_zelf_fiets_1625j,stadincijfers.antwerpen.be,URLError,unreachable,2026-09-29
https://stadincijfers.antwerpen.be/viewer?var=pct_zelf_fiets_2635j,stadincijfers.antwerpen.be,URLError,unreachable,2026-09-29
https://stadincijfers.antwerpen.be/viewer?var=pct_zelf_fiets_3645j,stadincijfers.antwerpen.be,URLError,unreachable,2026-09-29
https://stadincijfers.antwerpen.be/viewer?var=pct_zelf_fiets_4655j,stadincijfers.antwerpen.be,URLError,unreachable,2026-09-29
https://stadincijfers.antwerpen.be/viewer?var=pct_zelf_fiets_5665j,stadincijfers.antwerpen.be,URLError,unreachable,2026-09-29
https://stadincijfers.antwerpen.be/viewer?var=pct_zelf_fiets_6675j,stadincijfers.antwerpen.be,URLError,unreachable,2026-09-29
https://stadincijfers.antwerpen.be/viewer?var=pct_zelf_fiets_75j,stadincijfers.antwerpen.be,URLError,unreachable,2026-09-29
https://stadincijfers.antwerpen.be/viewer?var=pct_zelf_fiets_autoch,stadincijfers.antwerpen.be,URLError,unreachable,2026-09-29
https://stadincijfers.antwerpen.be/viewer?var=pct_zelf_fiets_eu,stadincijfers.antwerpen.be,URLError,unreachable,2026-09-29
https://stadincijfers.antwerpen.be/viewer?var=pct_zelf_fiets_hoogink,stadincijfers.antwerpen.be,URLError,unreachable,2026-09-29
https://stadincijfers.antwerpen.be/viewer?var=pct_zelf_fiets_laagink,stadincijfers.antwerpen.be,URLError,unreachable,2026-09-29
https://stadincijfers.antwerpen.be/viewer?var=pct_zelf_fiets_m,stadincijfers.antwerpen.be,URLError,unreachable,2026-09-29
https://stadincijfers.antwerpen.be/viewer?var=pct_zelf_fiets_middink,stadincijfers.antwerpen.be,URLError,unreachable,2026-09-29
https://stadincijfers.antwerpen.be/viewer?var=pct_zelf_fiets_nteu,stadincijfers.antwerpen.be,URLError,unreachable,2026-09-29
https://stadincijfers.antwerpen.be/viewer?var=pct_zelf_fiets_v,stadincijfers.antwerpen.be,URLError,unreachable,2026-09-29
https://stadincijfers.antwerpen.be/viewer?var=pheno,stadincijfers.antwerpen.be,URLError,unreachable,2026-09-29
https://stadincijfers.antwerpen.be/viewer?var=pl_fietsstal_bewaakt,stadincijfers.antwerpen.be,URLError,unreachable,2026-09-29
https://stadincijfers.antwerpen.be/viewer?var=pnd_inw_won_geb,stadincijfers.antwerpen.be,URLError,unreachable,2026-09-29
https://stadincijfers.antwerpen.be/viewer?var=pprior_gewelddief,stadincijfers.antwerpen.be,URLError,unreachable,2026-09-29
https://stadincijfers.antwerpen.be/viewer?var=prc_autodeel_cambio,stadincijfers.antwerpen.be,URLError,unreachable,2026-09-29
https://stadincijfers.antwerpen.be/viewer?var=prc_autodeel_particulier,stadincijfers.antwerpen.be,URLError,unreachable,2026-09-29
https://stadincijfers.antwerpen.be/viewer?var=prc_autodeelplaatsen_cambio,stadincijfers.antwerpen.be,URLError,unreachable,2026-09-29
https://stadincijfers.antwerpen.be/viewer?var=prc_autodeelplaatsen_particulier,stadincijfers.antwerpen.be,URLError,unreachable,2026-09-29
https://stadincijfers.antwerpen.be/viewer?var=prc_bereik_apotheker_inw,stadincijfers.antwerpen.be,URLError,unreachable,2026-09-29
https://stadincijfers.antwerpen.be/viewer?var=prc_bereik_autodeel_400m_inw,stadincijfers.antwerpen.be,URLError,unreachable,2026-09-29
https://stadincijfers.antwerpen.be/viewer?var=prc_bereik_bakker_inw,stadincijfers.antwerpen.be,URLError,unreachable,2026-09-29
https://stadincijfers.antwerpen.be/viewer?var=prc_bereik_bank_inw,stadincijfers.antwerpen.be,URLError,unreachable,2026-09-29
https://stadincijfers.antwerpen.be/viewer?var=prc_bereik_basisschool_lf3_11j,stadincijfers.antwerpen.be,URLError,unreachable,2026-09-29
https://stadincijfers.antwerpen.be/viewer?var=prc_bereik_bib_basisschool,stadincijfers.antwerpen.be,URLError,unreachable,2026-09-29
https://stadincijfers.antwerpen.be/viewer?var=prc_bereik_bib_inw,stadincijfers.antwerpen.be,URLError,unreachable,2026-09-29
https://stadincijfers.antwerpen.be/viewer?var=prc_bereik_bib_secschool,stadincijfers.antwerpen.be,URLError,unreachable,2026-09-29
https://stadincijfers.antwerpen.be/viewer?var=prc_bereik_bus_400m_inw,stadincijfers.antwerpen.be,URLError,unreachable,2026-09-29
https://stadincijfers.antwerpen.be/viewer?var=prc_bereik_buurtfietsstalling_150m_inw,stadincijfers.antwerpen.be,URLError,unreachable,2026-09-29
https://stadincijfers.antwerpen.be/viewer?var=prc_bereik_buurtgroen_inw,stadincijfers.antwerpen.be,URLError,unreachable,2026-09-29
https://stadincijfers.antwerpen.be/viewer?var=prc_bereik_buurtgroenruim_inw,stadincijfers.antwerpen.be,URLError,unreachable,2026-09-29
https://stadincijfers.antwerpen.be/viewer?var=prc_bereik_buurtgroenruimw_inw,stadincijfers.antwerpen.be,URLError,unreachable,2026-09-29
https://stadincijfers.antwerpen.be/viewer?var=prc_bereik_buurtor_inw,stadincijfers.antwerpen.be,URLError,unreachable,2026-09-29
https://stadincijfers.antwerpen.be/viewer?var=prc_bereik_buurtorruim_inw,stadincijfers.antwerpen.be,URLError,unreachable,2026-09-29
https://stadincijfers.antwerpen.be/viewer?var=prc_bereik_buurtparking_400m_inw,stadincijfers.antwerpen.be,URLError,unreachable,2026-09-29
https://stadincijfers.antwerpen.be/viewer?var=prc_bereik_buurtsport_inw,stadincijfers.antwerpen.be,URLError,unreachable,2026-09-29
https://stadincijfers.antwerpen.be/viewer?var=prc_bereik_cc_inw,stadincijfers.antwerpen.be,URLError,unreachable,2026-09-29
https://stadincijfers.antwerpen.be/viewer?var=prc_bereik_dienstencentrum_lf65jeo,stadincijfers.antwerpen.be,URLError,unreachable,2026-09-29
https://stadincijfers.antwerpen.be/viewer?var=prc_bereik_districtshuis_stadskantoor_inw,stadincijfers.antwerpen.be,URLError,unreachable,2026-09-29
https://stadincijfers.antwerpen.be/viewer?var=prc_bereik_dkobeeld_inw,stadincijfers.antwerpen.be,URLError,unreachable,2026-09-29
https://stadincijfers.antwerpen.be/viewer?var=prc_bereik_dkomuziek_inw,stadincijfers.antwerpen.be,URLError,unreachable,2026-09-29
https://stadincijfers.antwerpen.be/viewer?var=prc_bereik_fietsstal_bewaakt_15min_fiets_inw,stadincijfers.antwerpen.be,URLError,unreachable,2026-09-29
https://stadincijfers.antwerpen.be/viewer?var=prc_bereik_fietsstal_bewaakt_1km_inw,stadincijfers.antwerpen.be,URLError,unreachable,2026-09-29
https://stadincijfers.antwerpen.be/viewer?var=prc_bereik_fietsstal_bewaakt_400m_inw,stadincijfers.antwerpen.be,URLError,unreachable,2026-09-29
https://stadincijfers.antwerpen.be/viewer?var=prc_bereik_fietsstal_straat_150m_inw,stadincijfers.antwerpen.be,URLError,unreachable,2026-09-29
https://stadincijfers.antwerpen.be/viewer?var=prc_bereik_fuifruimte_lf16_24j,stadincijfers.antwerpen.be,URLError,unreachable,2026-09-29
https://stadincijfers.antwerpen.be/viewer?var=prc_bereik_groen_bb_inw,stadincijfers.antwerpen.be,URLError,unreachable,2026-09-29
https://stadincijfers.antwerpen.be/viewer?var=prc_bereik_groen_r_bb_inw,stadincijfers.antwerpen.be,URLError,unreachable,2026-09-29
https://stadincijfers.antwerpen.be/viewer?var=prc_bereik_hondenloopzone_inw,stadincijfers.antwerpen.be,URLError,unreachable,2026-09-29
https://stadincijfers.antwerpen.be/viewer?var=prc_bereik_hooggroen_inw,stadincijfers.antwerpen.be,URLError,unreachable,2026-09-29
https://stadincijfers.antwerpen.be/viewer?var=prc_bereik_hooggroen_priv_inw,stadincijfers.antwerpen.be,URLError,unreachable,2026-09-29
https://stadincijfers.antwerpen.be/viewer?var=prc_bereik_hooggroen_pub_inw,stadincijfers.antwerpen.be,URLError,unreachable,2026-09-29
https://stadincijfers.antwerpen.be/viewer?var=prc_bereik_horeca_inw,stadincijfers.antwerpen.be,URLError,unreachable,2026-09-29
https://stadincijfers.antwerpen.be/viewer?var=prc_bereik_huisarts_inw,stadincijfers.antwerpen.be,URLError,unreachable,2026-09-29
https://stadincijfers.antwerpen.be/viewer?var=prc_bereik_jeugdcentrum_jeugdhuis_lf16_24j,stadincijfers.antwerpen.be,URLError,unreachable,2026-09-29
https://stadincijfers.antwerpen.be/viewer?var=prc_bereik_jeugdcentrum_lf16_24j,stadincijfers.antwerpen.be,URLError,unreachable,2026-09-29
https://stadincijfers.antwerpen.be/viewer?var=prc_bereik_kinderopvang_lf0_2j,stadincijfers.antwerpen.be,URLError,unreachable,2026-09-29
https://stadincijfers.antwerpen.be/viewer?var=prc_bereik_koelteplek_inw,stadincijfers.antwerpen.be,URLError,unreachable,2026-09-29
https://stadincijfers.antwerpen.be/viewer?var=prc_bereik_koelteplek_inw_streef_label,stadincijfers.antwerpen.be,URLError,unreachable,2026-09-29
https://stadincijfers.antwerpen.be/viewer?var=prc_bereik_luwteplek_inw,stadincijfers.antwerpen.be,URLError,unreachable,2026-09-29
https://stadincijfers.antwerpen.be/viewer?var=prc_bereik_markt_inw,stadincijfers.antwerpen.be,URLError,unreachable,2026-09-29
https://stadincijfers.antwerpen.be/viewer?var=prc_bereik_middenschool_lf12_15j,stadincijfers.antwerpen.be,URLError,unreachable,2026-09-29
https://stadincijfers.antwerpen.be/viewer?var=prc_bereik_or_bb_inw,stadincijfers.antwerpen.be,URLError,unreachable,2026-09-29
https://stadincijfers.antwerpen.be/viewer?var=prc_bereik_or_r_bb_inw,stadincijfers.antwerpen.be,URLError,unreachable,2026-09-29
https://stadincijfers.antwerpen.be/viewer?var=prc_bereik_or_r_bb_inw_streef_label,stadincijfers.antwerpen.be,URLError,unreachable,2026-09-29
https://stadincijfers.antwerpen.be/viewer?var=prc_bereik_or_rw_bb_inw,stadincijfers.antwerpen.be,URLError,unreachable,2026-09-29
https://stadincijfers.antwerpen.be/viewer?var=prc_bereik_p_r_15min_fiets_inw,stadincijfers.antwerpen.be,URLError,unreachable,2026-09-29
https://stadincijfers.antwerpen.be/viewer?var=prc_bereik_p_r_15min_tram_inw,stadincijfers.antwerpen.be,URLError,unreachable,2026-09-29
https://stadincijfers.antwerpen.be/viewer?var=prc_bereik_p_r_15min_tramtevoet_inw,stadincijfers.antwerpen.be,URLError,unreachable,2026-09-29
https://stadincijfers.antwerpen.be/viewer?var=prc_bereik_p_r_1km_inw,stadincijfers.antwerpen.be,URLError,unreachable,2026-09-29
https://stadincijfers.antwerpen.be/viewer?var=prc_bereik_p_r_400m_inw,stadincijfers.antwerpen.be,URLError,unreachable,2026-09-29
https://stadincijfers.antwerpen.be/viewer?var=prc_bereik_politiekantoor_inw,stadincijfers.antwerpen.be,URLError,unreachable,2026-09-29
https://stadincijfers.antwerpen.be/viewer?var=prc_bereik_recyclagecentrum_inw,stadincijfers.antwerpen.be,URLError,unreachable,2026-09-29
https://stadincijfers.antwerpen.be/viewer?var=prc_bereik_samen_volkstuin_inw,stadincijfers.antwerpen.be,URLError,unreachable,2026-09-29
https://stadincijfers.antwerpen.be/viewer?var=prc_bereik_samentuin_inw,stadincijfers.antwerpen.be,URLError,unreachable,2026-09-29
https://stadincijfers.antwerpen.be/viewer?var=prc_bereik_slager_inw,stadincijfers.antwerpen.be,URLError,unreachable,2026-09-29
https://stadincijfers.antwerpen.be/viewer?var=prc_bereik_speelruimte_lf0_17j,stadincijfers.antwerpen.be,URLError,unreachable,2026-09-29
https://stadincijfers.antwerpen.be/viewer?var=prc_bereik_speelterrein_lf0_11j,stadincijfers.antwerpen.be,URLError,unreachable,2026-09-29
https://stadincijfers.antwerpen.be/viewer?var=prc_bereik_sporthalalle_inw,stadincijfers.antwerpen.be,URLError,unreachable,2026-09-29
https://stadincijfers.antwerpen.be/viewer?var=prc_bereik_sporthalgroot_inw,stadincijfers.antwerpen.be,URLError,unreachable,2026-09-29
https://stadincijfers.antwerpen.be/viewer?var=prc_bereik_stadsdeelor_inw,stadincijfers.antwerpen.be,URLError,unreachable,2026-09-29
https://stadincijfers.antwerpen.be/viewer?var=prc_bereik_stadsdeelor_inw_streef_label,stadincijfers.antwerpen.be,URLError,unreachable,2026-09-29
https://stadincijfers.antwerpen.be/viewer?var=prc_bereik_stadsdeelorruim_inw,stadincijfers.antwerpen.be,URLError,unreachable,2026-09-29
https://stadincijfers.antwerpen.be/viewer?var=prc_bereik_stadsdeelorruimw_inw,stadincijfers.antwerpen.be,URLError,unreachable,2026-09-29
https://stadincijfers.antwerpen.be/viewer?var=prc_bereik_supermarkt_inw,stadincijfers.antwerpen.be,URLError,unreachable,2026-09-29
https://stadincijfers.antwerpen.be/viewer?var=prc_bereik_supermarkt_superette_inw,stadincijfers.antwerpen.be,URLError,unreachable,2026-09-29
https://stadincijfers.antwerpen.be/viewer?var=prc_bereik_tandarts_inw,stadincijfers.antwerpen.be,URLError,unreachable,2026-09-29
https://stadincijfers.antwerpen.be/viewer?var=prc_bereik_tram_400m_inw,stadincijfers.antwerpen.be,URLError,unreachable,2026-09-29
https://stadincijfers.antwerpen.be/viewer?var=prc_bereik_trambus_400m_inw,stadincijfers.antwerpen.be,URLError,unreachable,2026-09-29
https://stadincijfers.antwerpen.be/viewer?var=prc_bereik_trambustrein_400m_inw,stadincijfers.antwerpen.be,URLError,unreachable,2026-09-29
https://stadincijfers.antwerpen.be/viewer?var=prc_bereik_tramtrein_400m_inw,stadincijfers.antwerpen.be,URLError,unreachable,2026-09-29
https://stadincijfers.antwerpen.be/viewer?var=prc_bereik_tramtrein_400m_inw_streef,stadincijfers.antwerpen.be,URLError,unreachable,2026-09-29
https://stadincijfers.antwerpen.be/viewer?var=prc_bereik_tramtrein_400m_inw_streef_label,stadincijfers.antwerpen.be,URLError,unreachable,2026-09-29
https://stadincijfers.antwerpen.be/viewer?var=prc_bereik_trein_1km_inw,stadincijfers.antwerpen.be,URLError,unreachable,2026-09-29
https://stadincijfers.antwerpen.be/viewer?var=prc_bereik_trein_400m_inw,stadincijfers.antwerpen.be,URLError,unreachable,2026-09-29
https://stadincijfers.antwerpen.be/viewer?var=prc_bereik_treincebezu_15min_fiets_inw,stadincijfers.antwerpen.be,URLError,unreachable,2026-09-29
https://stadincijfers.antwerpen.be/viewer?var=prc_bereik_treincebezu_15min_tram_inw,stadincijfers.antwerpen.be,URLError,unreachable,2026-09-29
https://stadincijfers.antwerpen.be/viewer?var=prc_bereik_treincebezu_15min_tramtevoet_inw,stadincijfers.antwerpen.be,URLError,unreachable,2026-09-29
https://stadincijfers.antwerpen.be/viewer?var=prc_bereik_velo_400m_inw,stadincijfers.antwerpen.be,URLError,unreachable,2026-09-29
https://stadincijfers.antwerpen.be/viewer?var=prc_bereik_volkstuin_inw,stadincijfers.antwerpen.be,URLError,unreachable,2026-09-29
https://stadincijfers.antwerpen.be/viewer?var=prc_bereik_waterbus_1km_inw,stadincijfers.antwerpen.be,URLError,unreachable,2026-09-29
https://stadincijfers.antwerpen.be/viewer?var=prc_bereik_wijkgroen_inw,stadincijfers.antwerpen.be,URLError,unreachable,2026-09-29
https://stadincijfers.antwerpen.be/viewer?var=prc_bereik_wijkgroen_inw_streef_label,stadincijfers.antwerpen.be,URLError,unreachable,2026-09-29
https://stadincijfers.antwerpen.be/viewer?var=prc_bereik_wijkgroenruim_inw,stadincijfers.antwerpen.be,URLError,unreachable,2026-09-29
https://stadincijfers.antwerpen.be/viewer?var=prc_bereik_wijkgroenruimw_inw,stadincijfers.antwerpen.be,URLError,unreachable,2026-09-29
https://stadincijfers.antwerpen.be/viewer?var=prc_bereik_wijkor_inw,stadincijfers.antwerpen.be,URLError,unreachable,2026-09-29
https://stadincijfers.antwerpen.be/viewer?var=prc_bereik_wijkorruim_inw,stadincijfers.antwerpen.be,URLError,unreachable,2026-09-29
https://stadincijfers.antwerpen.be/viewer?var=prc_bereik_wijkorruimw_inw,stadincijfers.antwerpen.be,URLError,unreachable,2026-09-29
https://stadincijfers.antwerpen.be/viewer?var=prc_bereik_winkelstraat_inw,stadincijfers.antwerpen.be,URLError,unreachable,2026-09-29
https://stadincijfers.antwerpen.be/viewer?var=prc_bereik_woonbuurtgroen_inw,stadincijfers.antwerpen.be,URLError,unreachable,2026-09-29
https://stadincijfers.antwerpen.be/viewer?var=prc_bereik_woonbuurtgroen_inw_streef_label,stadincijfers.antwerpen.be,URLError,unreachable,2026-09-29
https://stadincijfers.antwerpen.be/viewer?var=prc_bereik_woonbuurtgroenruim_inw,stadincijfers.antwerpen.be,URLError,unreachable,2026-09-29
https://stadincijfers.antwerpen.be/viewer?var=prc_bereik_woonbuurtgroenruimw_inw,stadincijfers.antwerpen.be,URLError,unreachable,2026-09-29
https://stadincijfers.antwerpen.be/viewer?var=prc_bereik_woonbuurtor_inw,stadincijfers.antwerpen.be,URLError,unreachable,2026-09-29
https://stadincijfers.antwerpen.be/viewer?var=prc_bereik_woonbuurtorruim_inw,stadincijfers.antwerpen.be,URLError,unreachable,2026-09-29
https://stadincijfers.antwerpen.be/viewer?var=prc_bereik_woonbuurtorruimw_inw,stadincijfers.antwerpen.be,URLError,unreachable,2026-09-29
https://stadincijfers.antwerpen.be/viewer?var=prc_bereik_zichtgroen_inw,stadincijfers.antwerpen.be,URLError,unreachable,2026-09-29
https://stadincijfers.antwerpen.be/viewer?var=prc_bereik_zwembadopenlucht_inw,stadincijfers.antwerpen.be,URLError,unreachable,2026-09-29
https://stadincijfers.antwerpen.be/viewer?var=prc_bereik_zwembadoverdekt_inw,stadincijfers.antwerpen.be,URLError,unreachable,2026-09-29
https://stadincijfers.antwerpen.be/viewer?var=prc_boom_acer,stadincijfers.antwerpen.be,URLError,unreachable,2026-09-29
https://stadincijfers.antwerpen.be/viewer?var=prc_boom_aesculus,stadincijfers.antwerpen.be,URLError,unreachable,2026-09-29
https://stadincijfers.antwerpen.be/viewer?var=prc_boom_alnus,stadincijfers.antwerpen.be,URLError,unreachable,2026-09-29
https://stadincijfers.antwerpen.be/viewer?var=prc_boom_carpinus,stadincijfers.antwerpen.be,URLError,unreachable,2026-09-29
https://stadincijfers.antwerpen.be/viewer?var=prc_boom_corylus,stadincijfers.antwerpen.be,URLError,unreachable,2026-09-29
https://stadincijfers.antwerpen.be/viewer?var=prc_boom_fraxinus,stadincijfers.antwerpen.be,URLError,unreachable,2026-09-29
https://stadincijfers.antwerpen.be/viewer?var=prc_boom_gebruiksgroen,stadincijfers.antwerpen.be,URLError,unreachable,2026-09-29
https://stadincijfers.antwerpen.be/viewer?var=prc_boom_grootte1,stadincijfers.antwerpen.be,URLError,unreachable,2026-09-29
https://stadincijfers.antwerpen.be/viewer?var=prc_boom_grootte2,stadincijfers.antwerpen.be,URLError,unreachable,2026-09-29
https://stadincijfers.antwerpen.be/viewer?var=prc_boom_grootte3,stadincijfers.antwerpen.be,URLError,unreachable,2026-09-29
https://stadincijfers.antwerpen.be/viewer?var=prc_boom_liquidambar,stadincijfers.antwerpen.be,URLError,unreachable,2026-09-29
https://stadincijfers.antwerpen.be/viewer?var=prc_boom_malus,stadincijfers.antwerpen.be,URLError,unreachable,2026-09-29
https://stadincijfers.antwerpen.be/viewer?var=prc_boom_platanus,stadincijfers.antwerpen.be,URLError,unreachable,2026-09-29
https://stadincijfers.antwerpen.be/viewer?var=prc_boom_plein,stadincijfers.antwerpen.be,URLError,unreachable,2026-09-29
https://stadincijfers.antwerpen.be/viewer?var=prc_boom_populus,stadincijfers.antwerpen.be,URLError,unreachable,2026-09-29
https://stadincijfers.antwerpen.be/viewer?var=prc_boom_prunus,stadincijfers.antwerpen.be,URLError,unreachable,2026-09-29
https://stadincijfers.antwerpen.be/viewer?var=prc_boom_pyrus,stadincijfers.antwerpen.be,URLError,unreachable,2026-09-29
https://stadincijfers.antwerpen.be/viewer?var=prc_boom_quercus,stadincijfers.antwerpen.be,URLError,unreachable,2026-09-29
https://stadincijfers.antwerpen.be/viewer?var=prc_boom_robinia,stadincijfers.antwerpen.be,URLError,unreachable,2026-09-29
https://stadincijfers.antwerpen.be/viewer?var=prc_boom_salix,stadincijfers.antwerpen.be,URLError,unreachable,2026-09-29
https://stadincijfers.antwerpen.be/viewer?var=prc_boom_sorbus,stadincijfers.antwerpen.be,URLError,unreachable,2026-09-29
https://stadincijfers.antwerpen.be/viewer?var=prc_boom_stamomtrek1,stadincijfers.antwerpen.be,URLError,unreachable,2026-09-29
https://stadincijfers.antwerpen.be/viewer?var=prc_boom_stamomtrek2,stadincijfers.antwerpen.be,URLError,unreachable,2026-09-29
https://stadincijfers.antwerpen.be/viewer?var=prc_boom_stamomtrek3,stadincijfers.antwerpen.be,URLError,unreachable,2026-09-29
https://stadincijfers.antwerpen.be/viewer?var=prc_boom_tilia,stadincijfers.antwerpen.be,URLError,unreachable,2026-09-29
https://stadincijfers.antwerpen.be/viewer?var=prc_boom_toekomst,stadincijfers.antwerpen.be,URLError,unreachable,2026-09-29
https://stadincijfers.antwerpen.be/viewer?var=prc_boom_ulmus,stadincijfers.antwerpen.be,URLError,unreachable,2026-09-29
https://stadincijfers.antwerpen.be/viewer?var=prc_boom_wegbaan,stadincijfers.antwerpen.be,URLError,unreachable,2026-09-29
https://stadincijfers.antwerpen.be/viewer?var=prc_gemidd_groenortho,stadincijfers.antwerpen.be,URLError,unreachable,2026-09-29
https://stadincijfers.antwerpen.be/viewer?var=prc_gemidd_groenortho_nis_ander,stadincijfers.antwerpen.be,URLError,unreachable,2026-09-29
https://stadincijfers.antwerpen.be/viewer?var=prc_gemidd_groenortho_nis_appartementsgebouw,stadincijfers.antwerpen.be,URLError,unreachable,2026-09-29
https://stadincijfers.antwerpen.be/viewer?var=prc_gemidd_groenortho_nis_commercieel,stadincijfers.antwerpen.be,URLError,unreachable,2026-09-29
https://stadincijfers.antwerpen.be/viewer?var=prc_gemidd_groenortho_nis_huis,stadincijfers.antwerpen.be,URLError,unreachable,2026-09-29
https://stadincijfers.antwerpen.be/viewer?var=prc_gemidd_groenortho_nis_industrie,stadincijfers.antwerpen.be,URLError,unreachable,2026-09-29
https://stadincijfers.antwerpen.be/viewer?var=prc_gemidd_groenortho_nis_kantoor,stadincijfers.antwerpen.be,URLError,unreachable,2026-09-29
https://stadincijfers.antwerpen.be/viewer?var=prc_gemidd_groenortho_nis_onbebouwd,stadincijfers.antwerpen.be,URLError,unreachable,2026-09-29
https://stadincijfers.antwerpen.be/viewer?var=prc_gemidd_groenortho_nis_opslag,stadincijfers.antwerpen.be,URLError,unreachable,2026-09-29
https://stadincijfers.antwerpen.be/viewer?var=prc_gemidd_groenortho_nis_werken,stadincijfers.antwerpen.be,URLError,unreachable,2026-09-29
https://stadincijfers.antwerpen.be/viewer?var=prc_gemidd_groenortho_nis_wonen,stadincijfers.antwerpen.be,URLError,unreachable,2026-09-29
https://stadincijfers.antwerpen.be/viewer?var=prc_grb_wegbaan_onverhard,stadincijfers.antwerpen.be,URLError,unreachable,2026-09-29
https://stadincijfers.antwerpen.be/viewer?var=prc_grb_wegbaan_plein_onverhard,stadincijfers.antwerpen.be,URLError,unreachable,2026-09-29
https://stadincijfers.antwerpen.be/viewer?var=prc_grb_wegbaan_plein_onverhard_bgr,stadincijfers.antwerpen.be,URLError,unreachable,2026-09-29
https://stadincijfers.antwerpen.be/viewer?var=prc_grb_wegbaan_plein_onverhard_bgr_tot,stadincijfers.antwerpen.be,URLError,unreachable,2026-09-29
https://stadincijfers.antwerpen.be/viewer?var=prc_grb_wegbaan_plein_onverhard_tot,stadincijfers.antwerpen.be,URLError,unreachable,2026-09-29
https://stadincijfers.antwerpen.be/viewer?var=prc_grb_wegbaan_plein_verhard,stadincijfers.antwerpen.be,URLError,unreachable,2026-09-29
https://stadincijfers.antwerpen.be/viewer?var=prc_grb_wegbaan_plein_verhard_tot,stadincijfers.antwerpen.be,URLError,unreachable,2026-09-29
https://stadincijfers.antwerpen.be/viewer?var=prc_grb_wegbaan_verhard,stadincijfers.antwerpen.be,URLError,unreachable,2026-09-29
https://stadincijfers.antwerpen.be/viewer?var=prc_gro_geb,stadincijfers.antwerpen.be,URLError,unreachable,2026-09-29
https://stadincijfers.antwerpen.be/viewer?var=prc_gro_owa_geb,stadincijfers.antwerpen.be,URLError,unreachable,2026-09-29
https://stadincijfers.antwerpen.be/viewer?var=prc_groen,stadincijfers.antwerpen.be,URLError,unreachable,2026-09-29
https://stadincijfers.antwerpen.be/viewer?var=prc_groen_agr,stadincijfers.antwerpen.be,URLError,unreachable,2026-09-29
https://stadincijfers.antwerpen.be/viewer?var=prc_groen_agr_ovw,stadincijfers.antwerpen.be,URLError,unreachable,2026-09-29
https://stadincijfers.antwerpen.be/viewer?var=prc_groen_agr_ovw_bgr_r,stadincijfers.antwerpen.be,URLError,unreachable,2026-09-29
https://stadincijfers.antwerpen.be/viewer?var=prc_groen_agr_ovw_tot,stadincijfers.antwerpen.be,URLError,unreachable,2026-09-29
https://stadincijfers.antwerpen.be/viewer?var=prc_groen_agr_tot,stadincijfers.antwerpen.be,URLError,unreachable,2026-09-29
https://stadincijfers.antwerpen.be/viewer?var=prc_groen_gebruik,stadincijfers.antwerpen.be,URLError,unreachable,2026-09-29
https://stadincijfers.antwerpen.be/viewer?var=prc_groen_gebruik_ovw,stadincijfers.antwerpen.be,URLError,unreachable,2026-09-29
https://stadincijfers.antwerpen.be/viewer?var=prc_groen_gebruik_ovw_tot,stadincijfers.antwerpen.be,URLError,unreachable,2026-09-29
https://stadincijfers.antwerpen.be/viewer?var=prc_groen_gebruik_toeg,stadincijfers.antwerpen.be,URLError,unreachable,2026-09-29
https://stadincijfers.antwerpen.be/viewer?var=prc_groen_gebruik_tot,stadincijfers.antwerpen.be,URLError,unreachable,2026-09-29
https://stadincijfers.antwerpen.be/viewer?var=prc_groen_natuur,stadincijfers.antwerpen.be,URLError,unreachable,2026-09-29
https://stadincijfers.antwerpen.be/viewer?var=prc_groen_natuur_ont,stadincijfers.antwerpen.be,URLError,unreachable,2026-09-29
https://stadincijfers.antwerpen.be/viewer?var=prc_groen_natuur_ont_tot,stadincijfers.antwerpen.be,URLError,unreachable,2026-09-29
https://stadincijfers.antwerpen.be/viewer?var=prc_groen_natuur_ovw,stadincijfers.antwerpen.be,URLError,unreachable,2026-09-29
https://stadincijfers.antwerpen.be/viewer?var=prc_groen_natuur_ovw_bgr_r,stadincijfers.antwerpen.be,URLError,unreachable,2026-09-29
https://stadincijfers.antwerpen.be/viewer?var=prc_groen_natuur_ovw_tot,stadincijfers.antwerpen.be,URLError,unreachable,2026-09-29
https://stadincijfers.antwerpen.be/viewer?var=prc_groen_natuur_tot,stadincijfers.antwerpen.be,URLError,unreachable,2026-09-29
https://stadincijfers.antwerpen.be/viewer?var=prc_groen_prive,stadincijfers.antwerpen.be,URLError,unreachable,2026-09-29
https://stadincijfers.antwerpen.be/viewer?var=prc_groen_streef,stadincijfers.antwerpen.be,URLError,unreachable,2026-09-29
https://stadincijfers.antwerpen.be/viewer?var=prc_groen_streef_label,stadincijfers.antwerpen.be,URLError,unreachable,2026-09-29
https://stadincijfers.antwerpen.be/viewer?var=prc_groen_structuur,stadincijfers.antwerpen.be,URLError,unreachable,2026-09-29
https://stadincijfers.antwerpen.be/viewer?var=prc_groen_structuur_tot,stadincijfers.antwerpen.be,URLError,unreachable,2026-09-29
https://stadincijfers.antwerpen.be/viewer?var=prc_groen_wacht,stadincijfers.antwerpen.be,URLError,unreachable,2026-09-29
https://stadincijfers.antwerpen.be/viewer?var=prc_groen_wacht_tot,stadincijfers.antwerpen.be,URLError,unreachable,2026-09-29
https://stadincijfers.antwerpen.be/viewer?var=prc_groen_water,stadincijfers.antwerpen.be,URLError,unreachable,2026-09-29
https://stadincijfers.antwerpen.be/viewer?var=prc_groenortho,stadincijfers.antwerpen.be,URLError,unreachable,2026-09-29
https://stadincijfers.antwerpen.be/viewer?var=prc_groenortho_ha,stadincijfers.antwerpen.be,URLError,unreachable,2026-09-29
https://stadincijfers.antwerpen.be/viewer?var=prc_groenortho_hoog,stadincijfers.antwerpen.be,URLError,unreachable,2026-09-29
https://stadincijfers.antwerpen.be/viewer?var=prc_groenortho_hoog_nis_ander,stadincijfers.antwerpen.be,URLError,unreachable,2026-09-29
https://stadincijfers.antwerpen.be/viewer?var=prc_groenortho_hoog_nis_appartementsgebouw,stadincijfers.antwerpen.be,URLError,unreachable,2026-09-29
https://stadincijfers.antwerpen.be/viewer?var=prc_groenortho_hoog_nis_commercieel,stadincijfers.antwerpen.be,URLError,unreachable,2026-09-29
https://stadincijfers.antwerpen.be/viewer?var=prc_groenortho_hoog_nis_huis,stadincijfers.antwerpen.be,URLError,unreachable,2026-09-29
https://stadincijfers.antwerpen.be/viewer?var=prc_groenortho_hoog_nis_industrie,stadincijfers.antwerpen.be,URLError,unreachable,2026-09-29
https://stadincijfers.antwerpen.be/viewer?var=prc_groenortho_hoog_nis_kantoor,stadincijfers.antwerpen.be,URLError,unreachable,2026-09-29
https://stadincijfers.antwerpen.be/viewer?var=prc_groenortho_hoog_nis_onbebouwd,stadincijfers.antwerpen.be,URLError,unreachable,2026-09-29
https://stadincijfers.antwerpen.be/viewer?var=prc_groenortho_hoog_nis_opslag,stadincijfers.antwerpen.be,URLError,unreachable,2026-09-29
https://stadincijfers.antwerpen.be/viewer?var=prc_groenortho_hoog_nis_werken,stadincijfers.antwerpen.be,URLError,unreachable,2026-09-29
https://stadincijfers.antwerpen.be/viewer?var=prc_groenortho_hoog_nis_wonen,stadincijfers.antwerpen.be,URLError,unreachable,2026-09-29
https://stadincijfers.antwerpen.be/viewer?var=prc_groenortho_hoog_nis_wonen_werken,stadincijfers.antwerpen.be,URLError,unreachable,2026-09-29
https://stadincijfers.antwerpen.be/viewer?var=prc_groenortho_hoog_nis_wonen_werken_ander,stadincijfers.antwerpen.be,URLError,unreachable,2026-09-29
https://stadincijfers.antwerpen.be/viewer?var=prc_groenortho_nis_ander,stadincijfers.antwerpen.be,URLError,unreachable,2026-09-29
https://stadincijfers.antwerpen.be/viewer?var=prc_groenortho_nis_appartementsgebouw,stadincijfers.antwerpen.be,URLError,unreachable,2026-09-29
https://stadincijfers.antwerpen.be/viewer?var=prc_groenortho_nis_kantoor,stadincijfers.antwerpen.be,URLError,unreachable,2026-09-29
https://stadincijfers.antwerpen.be/viewer?var=prc_groenortho_nis_onbebouwd,stadincijfers.antwerpen.be,URLError,unreachable,2026-09-29
https://stadincijfers.antwerpen.be/viewer?var=prc_groenortho_nis_werken,stadincijfers.antwerpen.be,URLError,unreachable,2026-09-29
https://stadincijfers.antwerpen.be/viewer?var=prc_groenortho_nis_wonen,stadincijfers.antwerpen.be,URLError,unreachable,2026-09-29
https://stadincijfers.antwerpen.be/viewer?var=prc_groenortho_nis_wonen_ha,stadincijfers.antwerpen.be,URLError,unreachable,2026-09-29
https://stadincijfers.antwerpen.be/viewer?var=prc_groenortho_nis_wonen_hh,stadincijfers.antwerpen.be,URLError,unreachable,2026-09-29
https://stadincijfers.antwerpen.be/viewer?var=prc_groenortho_nis_wonen_inw,stadincijfers.antwerpen.be,URLError,unreachable,2026-09-29
https://stadincijfers.antwerpen.be/viewer?var=prc_groenortho_nis_wonen_werken_ander,stadincijfers.antwerpen.be,URLError,unreachable,2026-09-29
https://stadincijfers.antwerpen.be/viewer?var=prc_groenortho_nis_wonen_werken_ander_ha,stadincijfers.antwerpen.be,URLError,unreachable,2026-09-29
https://stadincijfers.antwerpen.be/viewer?var=prc_groenortho_nis_wonen_wng,stadincijfers.antwerpen.be,URLError,unreachable,2026-09-29
https://stadincijfers.antwerpen.be/viewer?var=prc_inw_boven20_no2,stadincijfers.antwerpen.be,URLError,unreachable,2026-09-29
https://stadincijfers.antwerpen.be/viewer?var=prc_inw_bovennorm_no2,stadincijfers.antwerpen.be,URLError,unreachable,2026-09-29
https://stadincijfers.antwerpen.be/viewer?var=prc_inw_onder20_no2,stadincijfers.antwerpen.be,URLError,unreachable,2026-09-29
https://stadincijfers.antwerpen.be/viewer?var=prc_inw_ondernorm_no2,stadincijfers.antwerpen.be,URLError,unreachable,2026-09-29
https://stadincijfers.antwerpen.be/viewer?var=prc_inw_ondernorm_no2_streef_label,stadincijfers.antwerpen.be,URLError,unreachable,2026-09-29
https://stadincijfers.antwerpen.be/viewer?var=prc_koelteplek_gebruiksgroen,stadincijfers.antwerpen.be,URLError,unreachable,2026-09-29
https://stadincijfers.antwerpen.be/viewer?var=prc_koelteplek_natuurovw,stadincijfers.antwerpen.be,URLError,unreachable,2026-09-29
https://stadincijfers.antwerpen.be/viewer?var=prc_koelteplek_plein,stadincijfers.antwerpen.be,URLError,unreachable,2026-09-29
https://stadincijfers.antwerpen.be/viewer?var=prc_l_wegbreedte_brederdan40m,stadincijfers.antwerpen.be,URLError,unreachable,2026-09-29
https://stadincijfers.antwerpen.be/viewer?var=prc_l_wegbreedte_smallerdan10m,stadincijfers.antwerpen.be,URLError,unreachable,2026-09-29
https://stadincijfers.antwerpen.be/viewer?var=prc_l_wegbreedte_tss10en14m,stadincijfers.antwerpen.be,URLError,unreachable,2026-09-29
https://stadincijfers.antwerpen.be/viewer?var=prc_l_wegbreedte_tss14en20m,stadincijfers.antwerpen.be,URLError,unreachable,2026-09-29
https://stadincijfers.antwerpen.be/viewer?var=prc_l_wegbreedte_tss20en40m,stadincijfers.antwerpen.be,URLError,unreachable,2026-09-29
https://stadincijfers.antwerpen.be/viewer?var=prc_l_wegenreg_straat_autoluwezone,stadincijfers.antwerpen.be,URLError,unreachable,2026-09-29
https://stadincijfers.antwerpen.be/viewer?var=prc_l_wegenreg_straat_voetgangerszone,stadincijfers.antwerpen.be,URLError,unreachable,2026-09-29
https://stadincijfers.antwerpen.be/viewer?var=prc_l_wegenreg_voetgangerszone_autoluwezone,stadincijfers.antwerpen.be,URLError,unreachable,2026-09-29
https://stadincijfers.antwerpen.be/viewer?var=prc_l_wegenregister_trageweg,stadincijfers.antwerpen.be,URLError,unreachable,2026-09-29
https://stadincijfers.antwerpen.be/viewer?var=prc_l_wegenregister_trageweg_zonderhaven,stadincijfers.antwerpen.be,URLError,unreachable,2026-09-29
https://stadincijfers.antwerpen.be/viewer?var=prc_l_wegenregister_voetgangerszone,stadincijfers.antwerpen.be,URLError,unreachable,2026-09-29
https://stadincijfers.antwerpen.be/viewer?var=prc_legislat_opp_grb_wegbaan_heraanleg,stadincijfers.antwerpen.be,URLError,unreachable,2026-09-29
https://stadincijfers.antwerpen.be/viewer?var=prc_legislat_opp_grb_wegbaan_plein_heraanleg,stadincijfers.antwerpen.be,URLError,unreachable,2026-09-29
https://stadincijfers.antwerpen.be/viewer?var=prc_legislat_opp_groen_heraanleg,stadincijfers.antwerpen.be,URLError,unreachable,2026-09-29
https://stadincijfers.antwerpen.be/viewer?var=prc_legislat_opp_heraanleg_tot,stadincijfers.antwerpen.be,URLError,unreachable,2026-09-29
https://stadincijfers.antwerpen.be/viewer?var=prc_legislat_opp_plein_heraanleg,stadincijfers.antwerpen.be,URLError,unreachable,2026-09-29
https://stadincijfers.antwerpen.be/viewer?var=prc_lf0_17j_boven20_no2,stadincijfers.antwerpen.be,URLError,unreachable,2026-09-29
https://stadincijfers.antwerpen.be/viewer?var=prc_lf0_17j_bovennorm_no2,stadincijfers.antwerpen.be,URLError,unreachable,2026-09-29
https://stadincijfers.antwerpen.be/viewer?var=prc_lf65jeo_boven20_no2,stadincijfers.antwerpen.be,URLError,unreachable,2026-09-29
https://stadincijfers.antwerpen.be/viewer?var=prc_lf65jeo_bovennorm_no2,stadincijfers.antwerpen.be,URLError,unreachable,2026-09-29
https://stadincijfers.antwerpen.be/viewer?var=prc_lni_geb,stadincijfers.antwerpen.be,URLError,unreachable,2026-09-29
https://stadincijfers.antwerpen.be/viewer?var=prc_luwteplek_gebruiksgroen,stadincijfers.antwerpen.be,URLError,unreachable,2026-09-29
https://stadincijfers.antwerpen.be/viewer?var=prc_luwteplek_natuurovw,stadincijfers.antwerpen.be,URLError,unreachable,2026-09-29
https://stadincijfers.antwerpen.be/viewer?var=prc_luwteplek_plein,stadincijfers.antwerpen.be,URLError,unreachable,2026-09-29
https://stadincijfers.antwerpen.be/viewer?var=prc_m3_opp_grb_wegbaan_heraanleg,stadincijfers.antwerpen.be,URLError,unreachable,2026-09-29
https://stadincijfers.antwerpen.be/viewer?var=prc_m3_opp_grb_wegbaan_plein_heraanleg,stadincijfers.antwerpen.be,URLError,unreachable,2026-09-29
https://stadincijfers.antwerpen.be/viewer?var=prc_m3_opp_groen_heraanleg,stadincijfers.antwerpen.be,URLError,unreachable,2026-09-29
https://stadincijfers.antwerpen.be/viewer?var=prc_m3_opp_heraanleg_tot,stadincijfers.antwerpen.be,URLError,unreachable,2026-09-29
https://stadincijfers.antwerpen.be/viewer?var=prc_m3_opp_plein_heraanleg,stadincijfers.antwerpen.be,URLError,unreachable,2026-09-29
https://stadincijfers.antwerpen.be/viewer?var=prc_m6_opp_grb_wegbaan_heraanleg,stadincijfers.antwerpen.be,URLError,unreachable,2026-09-29
https://stadincijfers.antwerpen.be/viewer?var=prc_m6_opp_grb_wegbaan_plein_heraanleg,stadincijfers.antwerpen.be,URLError,unreachable,2026-09-29
https://stadincijfers.antwerpen.be/viewer?var=prc_m6_opp_groen_heraanleg,stadincijfers.antwerpen.be,URLError,unreachable,2026-09-29
https://stadincijfers.antwerpen.be/viewer?var=prc_m6_opp_heraanleg_tot,stadincijfers.antwerpen.be,URLError,unreachable,2026-09-29
https://stadincijfers.antwerpen.be/viewer?var=prc_m6_opp_plein_heraanleg,stadincijfers.antwerpen.be,URLError,unreachable,2026-09-29
https://stadincijfers.antwerpen.be/viewer?var=prc_onverhard,stadincijfers.antwerpen.be,URLError,unreachable,2026-09-29
https://stadincijfers.antwerpen.be/viewer?var=prc_opp_bgr,stadincijfers.antwerpen.be,URLError,unreachable,2026-09-29
https://stadincijfers.antwerpen.be/viewer?var=prc_opp_bgr_bg_r,stadincijfers.antwerpen.be,URLError,unreachable,2026-09-29
https://stadincijfers.antwerpen.be/viewer?var=prc_opp_bgr_r,stadincijfers.antwerpen.be,URLError,unreachable,2026-09-29
https://stadincijfers.antwerpen.be/viewer?var=prc_opp_bor,stadincijfers.antwerpen.be,URLError,unreachable,2026-09-29
https://stadincijfers.antwerpen.be/viewer?var=prc_opp_bouwblokgr,stadincijfers.antwerpen.be,URLError,unreachable,2026-09-29
https://stadincijfers.antwerpen.be/viewer?var=prc_opp_boven20_no2,stadincijfers.antwerpen.be,URLError,unreachable,2026-09-29
https://stadincijfers.antwerpen.be/viewer?var=prc_opp_bovennorm_no2,stadincijfers.antwerpen.be,URLError,unreachable,2026-09-29
https://stadincijfers.antwerpen.be/viewer?var=prc_opp_buurtgr,stadincijfers.antwerpen.be,URLError,unreachable,2026-09-29
https://stadincijfers.antwerpen.be/viewer?var=prc_opp_buurtgr_r,stadincijfers.antwerpen.be,URLError,unreachable,2026-09-29
https://stadincijfers.antwerpen.be/viewer?var=prc_opp_buurtgr_rw,stadincijfers.antwerpen.be,URLError,unreachable,2026-09-29
https://stadincijfers.antwerpen.be/viewer?var=prc_opp_buurtor,stadincijfers.antwerpen.be,URLError,unreachable,2026-09-29
https://stadincijfers.antwerpen.be/viewer?var=prc_opp_buurtor_r,stadincijfers.antwerpen.be,URLError,unreachable,2026-09-29
https://stadincijfers.antwerpen.be/viewer?var=prc_opp_buurtor_rw,stadincijfers.antwerpen.be,URLError,unreachable,2026-09-29
https://stadincijfers.antwerpen.be/viewer?var=prc_opp_gebruiksgroen_50tot55db,stadincijfers.antwerpen.be,URLError,unreachable,2026-09-29
https://stadincijfers.antwerpen.be/viewer?var=prc_opp_gebruiksgroen_55tot60db,stadincijfers.antwerpen.be,URLError,unreachable,2026-09-29
https://stadincijfers.antwerpen.be/viewer?var=prc_opp_gebruiksgroen_60tot65db,stadincijfers.antwerpen.be,URLError,unreachable,2026-09-29
https://stadincijfers.antwerpen.be/viewer?var=prc_opp_gebruiksgroen_65tot70db,stadincijfers.antwerpen.be,URLError,unreachable,2026-09-29
https://stadincijfers.antwerpen.be/viewer?var=prc_opp_gebruiksgroen_70tot75db,stadincijfers.antwerpen.be,URLError,unreachable,2026-09-29
https://stadincijfers.antwerpen.be/viewer?var=prc_opp_gebruiksgroen_boven55db,stadincijfers.antwerpen.be,URLError,unreachable,2026-09-29
https://stadincijfers.antwerpen.be/viewer?var=prc_opp_gebruiksgroen_boven60db,stadincijfers.antwerpen.be,URLError,unreachable,2026-09-29
https://stadincijfers.antwerpen.be/viewer?var=prc_opp_gebruiksgroen_boven65db,stadincijfers.antwerpen.be,URLError,unreachable,2026-09-29
https://stadincijfers.antwerpen.be/viewer?var=prc_opp_gebruiksgroen_boven70db,stadincijfers.antwerpen.be,URLError,unreachable,2026-09-29
https://stadincijfers.antwerpen.be/viewer?var=prc_opp_gebruiksgroen_boven75db,stadincijfers.antwerpen.be,URLError,unreachable,2026-09-29
https://stadincijfers.antwerpen.be/viewer?var=prc_opp_gebruiksgroen_onder50db,stadincijfers.antwerpen.be,URLError,unreachable,2026-09-29
https://stadincijfers.antwerpen.be/viewer?var=prc_opp_grb_wegbaan,stadincijfers.antwerpen.be,URLError,unreachable,2026-09-29
https://stadincijfers.antwerpen.be/viewer?var=prc_opp_grb_wegbaan_heraanleg,stadincijfers.antwerpen.be,URLError,unreachable,2026-09-29
https://stadincijfers.antwerpen.be/viewer?var=prc_opp_grb_wegbaan_plein,stadincijfers.antwerpen.be,URLError,unreachable,2026-09-29
https://stadincijfers.antwerpen.be/viewer?var=prc_opp_grb_wegbaan_plein_bgr,stadincijfers.antwerpen.be,URLError,unreachable,2026-09-29
https://stadincijfers.antwerpen.be/viewer?var=prc_opp_grb_wegbaan_plein_heraanleg,stadincijfers.antwerpen.be,URLError,unreachable,2026-09-29
https://stadincijfers.antwerpen.be/viewer?var=prc_opp_groen_heraanleg,stadincijfers.antwerpen.be,URLError,unreachable,2026-09-29
https://stadincijfers.antwerpen.be/viewer?var=prc_opp_heraanleg_tot,stadincijfers.antwerpen.be,URLError,unreachable,2026-09-29
https://stadincijfers.antwerpen.be/viewer?var=prc_opp_luwteplek_plein_gebruiksgroen,stadincijfers.antwerpen.be,URLError,unreachable,2026-09-29
https://stadincijfers.antwerpen.be/viewer?var=prc_opp_luwteplek_plein_gebruiksgroen_natuurovw,stadincijfers.antwerpen.be,URLError,unreachable,2026-09-29
https://stadincijfers.antwerpen.be/viewer?var=prc_opp_natuurovw_50tot55db,stadincijfers.antwerpen.be,URLError,unreachable,2026-09-29
https://stadincijfers.antwerpen.be/viewer?var=prc_opp_natuurovw_55tot60db,stadincijfers.antwerpen.be,URLError,unreachable,2026-09-29
https://stadincijfers.antwerpen.be/viewer?var=prc_opp_natuurovw_5tot70db,stadincijfers.antwerpen.be,URLError,unreachable,2026-09-29
https://stadincijfers.antwerpen.be/viewer?var=prc_opp_natuurovw_60tot65db,stadincijfers.antwerpen.be,URLError,unreachable,2026-09-29
https://stadincijfers.antwerpen.be/viewer?var=prc_opp_natuurovw_70tot75db,stadincijfers.antwerpen.be,URLError,unreachable,2026-09-29
https://stadincijfers.antwerpen.be/viewer?var=prc_opp_natuurovw_boven55db,stadincijfers.antwerpen.be,URLError,unreachable,2026-09-29
https://stadincijfers.antwerpen.be/viewer?var=prc_opp_natuurovw_boven60db,stadincijfers.antwerpen.be,URLError,unreachable,2026-09-29
https://stadincijfers.antwerpen.be/viewer?var=prc_opp_natuurovw_boven65db,stadincijfers.antwerpen.be,URLError,unreachable,2026-09-29
https://stadincijfers.antwerpen.be/viewer?var=prc_opp_natuurovw_boven70db,stadincijfers.antwerpen.be,URLError,unreachable,2026-09-29
https://stadincijfers.antwerpen.be/viewer?var=prc_opp_natuurovw_boven75db,stadincijfers.antwerpen.be,URLError,unreachable,2026-09-29
https://stadincijfers.antwerpen.be/viewer?var=prc_opp_natuurovw_onder50db,stadincijfers.antwerpen.be,URLError,unreachable,2026-09-29
https://stadincijfers.antwerpen.be/viewer?var=prc_opp_plein,stadincijfers.antwerpen.be,URLError,unreachable,2026-09-29
https://stadincijfers.antwerpen.be/viewer?var=prc_opp_plein_gebruiksgroen_boven55db,stadincijfers.antwerpen.be,URLError,unreachable,2026-09-29
https://stadincijfers.antwerpen.be/viewer?var=prc_opp_plein_gebruiksgroen_boven60db,stadincijfers.antwerpen.be,URLError,unreachable,2026-09-29
https://stadincijfers.antwerpen.be/viewer?var=prc_opp_plein_gebruiksgroen_boven65db,stadincijfers.antwerpen.be,URLError,unreachable,2026-09-29
https://stadincijfers.antwerpen.be/viewer?var=prc_opp_plein_gebruiksgroen_boven70db,stadincijfers.antwerpen.be,URLError,unreachable,2026-09-29
https://stadincijfers.antwerpen.be/viewer?var=prc_opp_plein_gebruiksgroen_natuurovw_boven55db,stadincijfers.antwerpen.be,URLError,unreachable,2026-09-29
https://stadincijfers.antwerpen.be/viewer?var=prc_opp_plein_gebruiksgroen_natuurovw_boven60db,stadincijfers.antwerpen.be,URLError,unreachable,2026-09-29
https://stadincijfers.antwerpen.be/viewer?var=prc_opp_plein_gebruiksgroen_natuurovw_boven65db,stadincijfers.antwerpen.be,URLError,unreachable,2026-09-29
https://stadincijfers.antwerpen.be/viewer?var=prc_opp_plein_gebruiksgroen_natuurovw_boven70db,stadincijfers.antwerpen.be,URLError,unreachable,2026-09-29
https://stadincijfers.antwerpen.be/viewer?var=prc_opp_plein_heraanleg,stadincijfers.antwerpen.be,URLError,unreachable,2026-09-29
https://stadincijfers.antwerpen.be/viewer?var=prc_opp_sdgr,stadincijfers.antwerpen.be,URLError,unreachable,2026-09-29
https://stadincijfers.antwerpen.be/viewer?var=prc_opp_sdor_r,stadincijfers.antwerpen.be,URLError,unreachable,2026-09-29
https://stadincijfers.antwerpen.be/viewer?var=prc_opp_sdor_rw,stadincijfers.antwerpen.be,URLError,unreachable,2026-09-29
https://stadincijfers.antwerpen.be/viewer?var=prc_opp_speelterrein_groot,stadincijfers.antwerpen.be,URLError,unreachable,2026-09-29
https://stadincijfers.antwerpen.be/viewer?var=prc_opp_speelterrein_klein,stadincijfers.antwerpen.be,URLError,unreachable,2026-09-29
https://stadincijfers.antwerpen.be/viewer?var=prc_opp_wgr,stadincijfers.antwerpen.be,URLError,unreachable,2026-09-29
https://stadincijfers.antwerpen.be/viewer?var=prc_opp_wgr_r,stadincijfers.antwerpen.be,URLError,unreachable,2026-09-29
https://stadincijfers.antwerpen.be/viewer?var=prc_opp_wgr_rw,stadincijfers.antwerpen.be,URLError,unreachable,2026-09-29
https://stadincijfers.antwerpen.be/viewer?var=prc_opp_wor,stadincijfers.antwerpen.be,URLError,unreachable,2026-09-29
https://stadincijfers.antwerpen.be/viewer?var=prc_opp_wor_r,stadincijfers.antwerpen.be,URLError,unreachable,2026-09-29
https://stadincijfers.antwerpen.be/viewer?var=prc_opp_wor_rw,stadincijfers.antwerpen.be,URLError,unreachable,2026-09-29
https://stadincijfers.antwerpen.be/viewer?var=prc_opp_zone30,stadincijfers.antwerpen.be,URLError,unreachable,2026-09-29
https://stadincijfers.antwerpen.be/viewer?var=prc_opp_zone30_zonderhaven,stadincijfers.antwerpen.be,URLError,unreachable,2026-09-29
https://stadincijfers.antwerpen.be/viewer?var=prc_oppbgr_rw,stadincijfers.antwerpen.be,URLError,unreachable,2026-09-29
https://stadincijfers.antwerpen.be/viewer?var=prc_oppbor_r,stadincijfers.antwerpen.be,URLError,unreachable,2026-09-29
https://stadincijfers.antwerpen.be/viewer?var=prc_oppbor_rw,stadincijfers.antwerpen.be,URLError,unreachable,2026-09-29
https://stadincijfers.antwerpen.be/viewer?var=prc_plein_onverhard,stadincijfers.antwerpen.be,URLError,unreachable,2026-09-29
https://stadincijfers.antwerpen.be/viewer?var=prc_plein_verhard,stadincijfers.antwerpen.be,URLError,unreachable,2026-09-29
https://stadincijfers.antwerpen.be/viewer?var=prc_rec_geb,stadincijfers.antwerpen.be,URLError,unreachable,2026-09-29
https://stadincijfers.antwerpen.be/viewer?var=prc_rotatieparkingbuurt,stadincijfers.antwerpen.be,URLError,unreachable,2026-09-29
https://stadincijfers.antwerpen.be/viewer?var=prc_rotatieparkingbuurtplaats,stadincijfers.antwerpen.be,URLError,unreachable,2026-09-29
https://stadincijfers.antwerpen.be/viewer?var=prc_snelheid_100kmu,stadincijfers.antwerpen.be,URLError,unreachable,2026-09-29
https://stadincijfers.antwerpen.be/viewer?var=prc_snelheid_100kmu_zonderhaven,stadincijfers.antwerpen.be,URLError,unreachable,2026-09-29
https://stadincijfers.antwerpen.be/viewer?var=prc_snelheid_120kmu,stadincijfers.antwerpen.be,URLError,unreachable,2026-09-29
https://stadincijfers.antwerpen.be/viewer?var=prc_snelheid_120kmu_zonderhaven,stadincijfers.antwerpen.be,URLError,unreachable,2026-09-29
https://stadincijfers.antwerpen.be/viewer?var=prc_snelheid_20kmu,stadincijfers.antwerpen.be,URLError,unreachable,2026-09-29
https://stadincijfers.antwerpen.be/viewer?var=prc_snelheid_20kmu_zonderhaven,stadincijfers.antwerpen.be,URLError,unreachable,2026-09-29
https://stadincijfers.antwerpen.be/viewer?var=prc_snelheid_30kmu,stadincijfers.antwerpen.be,URLError,unreachable,2026-09-29
https://stadincijfers.antwerpen.be/viewer?var=prc_snelheid_30kmu_zonderhaven,stadincijfers.antwerpen.be,URLError,unreachable,2026-09-29
https://stadincijfers.antwerpen.be/viewer?var=prc_snelheid_30kmubeperkt,stadincijfers.antwerpen.be,URLError,unreachable,2026-09-29
https://stadincijfers.antwerpen.be/viewer?var=prc_snelheid_30kmubeperkt_zonderhaven,stadincijfers.antwerpen.be,URLError,unreachable,2026-09-29
https://stadincijfers.antwerpen.be/viewer?var=prc_snelheid_50kmu,stadincijfers.antwerpen.be,URLError,unreachable,2026-09-29
https://stadincijfers.antwerpen.be/viewer?var=prc_snelheid_50kmu_zonderhaven,stadincijfers.antwerpen.be,URLError,unreachable,2026-09-29
https://stadincijfers.antwerpen.be/viewer?var=prc_snelheid_70kmu,stadincijfers.antwerpen.be,URLError,unreachable,2026-09-29
https://stadincijfers.antwerpen.be/viewer?var=prc_snelheid_70kmu_zonderhaven,stadincijfers.antwerpen.be,URLError,unreachable,2026-09-29
https://stadincijfers.antwerpen.be/viewer?var=prc_snelheid_90kmu,stadincijfers.antwerpen.be,URLError,unreachable,2026-09-29
https://stadincijfers.antwerpen.be/viewer?var=prc_snelheid_90kmu_zonderhaven,stadincijfers.antwerpen.be,URLError,unreachable,2026-09-29
https://stadincijfers.antwerpen.be/viewer?var=prc_snelheid_fietser,stadincijfers.antwerpen.be,URLError,unreachable,2026-09-29
https://stadincijfers.antwerpen.be/viewer?var=prc_snelheid_fietser_streef,stadincijfers.antwerpen.be,URLError,unreachable,2026-09-29
https://stadincijfers.antwerpen.be/viewer?var=prc_snelheid_fietser_streef_label,stadincijfers.antwerpen.be,URLError,unreachable,2026-09-29
https://stadincijfers.antwerpen.be/viewer?var=prc_snelheid_fietser_zonderhaven,stadincijfers.antwerpen.be,URLError,unreachable,2026-09-29
https://stadincijfers.antwerpen.be/viewer?var=prc_snelheid_fietser_zonderhaven_streef_label,stadincijfers.antwerpen.be,URLError,unreachable,2026-09-29
https://stadincijfers.antwerpen.be/viewer?var=prc_snelheid_onbekend,stadincijfers.antwerpen.be,URLError,unreachable,2026-09-29
https://stadincijfers.antwerpen.be/viewer?var=prc_snelheid_onbekend_zonderhaven,stadincijfers.antwerpen.be,URLError,unreachable,2026-09-29
https://stadincijfers.antwerpen.be/viewer?var=prc_snelheid_straat_20kmu,stadincijfers.antwerpen.be,URLError,unreachable,2026-09-29
https://stadincijfers.antwerpen.be/viewer?var=prc_snelheid_straat_30kmubeperkt,stadincijfers.antwerpen.be,URLError,unreachable,2026-09-29
https://stadincijfers.antwerpen.be/viewer?var=prc_snelheid_straat_tot20kmu,stadincijfers.antwerpen.be,URLError,unreachable,2026-09-29
https://stadincijfers.antwerpen.be/viewer?var=prc_snelheid_straat_voetganger,stadincijfers.antwerpen.be,URLError,unreachable,2026-09-29
https://stadincijfers.antwerpen.be/viewer?var=prc_snelheid_tot20kmu,stadincijfers.antwerpen.be,URLError,unreachable,2026-09-29
https://stadincijfers.antwerpen.be/viewer?var=prc_snelheid_tot20kmu_zonderhaven,stadincijfers.antwerpen.be,URLError,unreachable,2026-09-29
https://stadincijfers.antwerpen.be/viewer?var=prc_snelheid_voetganger,stadincijfers.antwerpen.be,URLError,unreachable,2026-09-29
https://stadincijfers.antwerpen.be/viewer?var=prc_snelheid_voetganger_zonderhaven,stadincijfers.antwerpen.be,URLError,unreachable,2026-09-29
https://stadincijfers.antwerpen.be/viewer?var=prc_speelterrein_groot,stadincijfers.antwerpen.be,URLError,unreachable,2026-09-29
https://stadincijfers.antwerpen.be/viewer?var=prc_speelterrein_klein,stadincijfers.antwerpen.be,URLError,unreachable,2026-09-29
https://stadincijfers.antwerpen.be/viewer?var=prc_water,stadincijfers.antwerpen.be,URLError,unreachable,2026-09-29
https://stadincijfers.antwerpen.be/viewer?var=prc_woningen_geenparking,stadincijfers.antwerpen.be,URLError,unreachable,2026-09-29
https://stadincijfers.antwerpen.be/viewer?var=prc_woningen_netgenoegparking,stadincijfers.antwerpen.be,URLError,unreachable,2026-09-29
https://stadincijfers.antwerpen.be/viewer?var=prc_woningen_parkeeroverschot,stadincijfers.antwerpen.be,URLError,unreachable,2026-09-29
https://stadincijfers.antwerpen.be/viewer?var=prc_woningen_teweinigparking,stadincijfers.antwerpen.be,URLError,unreachable,2026-09-29
https://stadincijfers.antwerpen.be/viewer?var=prc_woon_parkeren,stadincijfers.antwerpen.be,URLError,unreachable,2026-09-29
https://stadincijfers.antwerpen.be/viewer?var=prc_zone30_inw,stadincijfers.antwerpen.be,URLError,unreachable,2026-09-29
https://stadincijfers.antwerpen.be/viewer?var=prca_groenortho,stadincijfers.antwerpen.be,URLError,unreachable,2026-09-29
https://stadincijfers.antwerpen.be/viewer?var=prca_groenortho_nis_ander,stadincijfers.antwerpen.be,URLError,unreachable,2026-09-29
https://stadincijfers.antwerpen.be/viewer?var=prca_groenortho_nis_appartementsgebouw,stadincijfers.antwerpen.be,URLError,unreachable,2026-09-29
https://stadincijfers.antwerpen.be/viewer?var=prca_groenortho_nis_huis,stadincijfers.antwerpen.be,URLError,unreachable,2026-09-29
https://stadincijfers.antwerpen.be/viewer?var=prca_groenortho_nis_industrie,stadincijfers.antwerpen.be,URLError,unreachable,2026-09-29
https://stadincijfers.antwerpen.be/viewer?var=prca_groenortho_nis_kantoor,stadincijfers.antwerpen.be,URLError,unreachable,2026-09-29
https://stadincijfers.antwerpen.be/viewer?var=prca_groenortho_nis_werken,stadincijfers.antwerpen.be,URLError,unreachable,2026-09-29
https://stadincijfers.antwerpen.be/viewer?var=prca_groenortho_nis_wonen,stadincijfers.antwerpen.be,URLError,unreachable,2026-09-29
https://stadincijfers.antwerpen.be/viewer?var=prca_groenortho_nis_wonen_werken_ander,stadincijfers.antwerpen.be,URLError,unreachable,2026-09-29
https://stadincijfers.antwerpen.be/viewer?var=prca_zondergroenortho,stadincijfers.antwerpen.be,URLError,unreachable,2026-09-29
https://stadincijfers.antwerpen.be/viewer?var=prca_zondergroenortho_nis_appartementsgebouw,stadincijfers.antwerpen.be,URLError,unreachable,2026-09-29
https://stadincijfers.antwerpen.be/viewer?var=prca_zondergroenortho_nis_wonen,stadincijfers.antwerpen.be,URLError,unreachable,2026-09-29
https://stadincijfers.antwerpen.be/viewer?var=prca_zondergroenortho_nis_wonen_werken_ander,stadincijfers.antwerpen.be,URLError,unreachable,2026-09-29
https://stadincijfers.antwerpen.be/viewer?var=prcap_groenortho,stadincijfers.antwerpen.be,URLError,unreachable,2026-09-29
https://stadincijfers.antwerpen.be/viewer?var=prcap_groenortho_nis_ander,stadincijfers.antwerpen.be,URLError,unreachable,2026-09-29
https://stadincijfers.antwerpen.be/viewer?var=prcap_groenortho_nis_appartementsgebouw,stadincijfers.antwerpen.be,URLError,unreachable,2026-09-29
https://stadincijfers.antwerpen.be/viewer?var=prcap_groenortho_nis_commercieel,stadincijfers.antwerpen.be,URLError,unreachable,2026-09-29
https://stadincijfers.antwerpen.be/viewer?var=prcap_groenortho_nis_huis,stadincijfers.antwerpen.be,URLError,unreachable,2026-09-29
https://stadincijfers.antwerpen.be/viewer?var=prcap_groenortho_nis_industrie,stadincijfers.antwerpen.be,URLError,unreachable,2026-09-29
https://stadincijfers.antwerpen.be/viewer?var=prcap_groenortho_nis_kantoor,stadincijfers.antwerpen.be,URLError,unreachable,2026-09-29
https://stadincijfers.antwerpen.be/viewer?var=prcap_groenortho_nis_opslag,stadincijfers.antwerpen.be,URLError,unreachable,2026-09-29
https://stadincijfers.antwerpen.be/viewer?var=prcap_groenortho_nis_werken,stadincijfers.antwerpen.be,URLError,unreachable,2026-09-29
https://stadincijfers.antwerpen.be/viewer?var=prcap_groenortho_nis_wonen,stadincijfers.antwerpen.be,URLError,unreachable,2026-09-29
https://stadincijfers.antwerpen.be/viewer?var=prcap_groenortho_nis_wonen_werken_ander,stadincijfers.antwerpen.be,URLError,unreachable,2026-09-29
https://stadincijfers.antwerpen.be/viewer?var=prcap_zondergroenortho,stadincijfers.antwerpen.be,URLError,unreachable,2026-09-29
https://stadincijfers.antwerpen.be/viewer?var=prcap_zondergroenortho_nis_ander,stadincijfers.antwerpen.be,URLError,unreachable,2026-09-29
https://stadincijfers.antwerpen.be/viewer?var=prcap_zondergroenortho_nis_appartementsgebouw,stadincijfers.antwerpen.be,URLError,unreachable,2026-09-29
https://stadincijfers.antwerpen.be/viewer?var=prcap_zondergroenortho_nis_huis,stadincijfers.antwerpen.be,URLError,unreachable,2026-09-29
https://stadincijfers.antwerpen.be/viewer?var=prcap_zondergroenortho_nis_industrie,stadincijfers.antwerpen.be,URLError,unreachable,2026-09-29
https://stadincijfers.antwerpen.be/viewer?var=prcap_zondergroenortho_nis_kantoor,stadincijfers.antwerpen.be,URLError,unreachable,2026-09-29
https://stadincijfers.antwerpen.be/viewer?var=prcap_zondergroenortho_nis_werken,stadincijfers.antwerpen.be,URLError,unreachable,2026-09-29
https://stadincijfers.antwerpen.be/viewer?var=prcap_zondergroenortho_nis_wonen,stadincijfers.antwerpen.be,URLError,unreachable,2026-09-29
https://stadincijfers.antwerpen.be/viewer?var=prcap_zondergroenortho_nis_wonen_werken_ander,stadincijfers.antwerpen.be,URLError,unreachable,2026-09-29
https://stadincijfers.antwerpen.be/viewer?var=prcp_bebouwd,stadincijfers.antwerpen.be,URLError,unreachable,2026-09-29
https://stadincijfers.antwerpen.be/viewer?var=prcp_groenortho,stadincijfers.antwerpen.be,URLError,unreachable,2026-09-29
https://stadincijfers.antwerpen.be/viewer?var=prcp_groenortho_ander_tot,stadincijfers.antwerpen.be,URLError,unreachable,2026-09-29
https://stadincijfers.antwerpen.be/viewer?var=prcp_groenortho_hoog,stadincijfers.antwerpen.be,URLError,unreachable,2026-09-29
https://stadincijfers.antwerpen.be/viewer?var=prcp_groenortho_hoog_nis_ander,stadincijfers.antwerpen.be,URLError,unreachable,2026-09-29
https://stadincijfers.antwerpen.be/viewer?var=prcp_groenortho_hoog_nis_appartementsgebouw,stadincijfers.antwerpen.be,URLError,unreachable,2026-09-29
https://stadincijfers.antwerpen.be/viewer?var=prcp_groenortho_hoog_nis_commercieel,stadincijfers.antwerpen.be,URLError,unreachable,2026-09-29
https://stadincijfers.antwerpen.be/viewer?var=prcp_groenortho_hoog_nis_huis,stadincijfers.antwerpen.be,URLError,unreachable,2026-09-29
https://stadincijfers.antwerpen.be/viewer?var=prcp_groenortho_hoog_nis_industrie,stadincijfers.antwerpen.be,URLError,unreachable,2026-09-29
https://stadincijfers.antwerpen.be/viewer?var=prcp_groenortho_hoog_nis_kantoor,stadincijfers.antwerpen.be,URLError,unreachable,2026-09-29
https://stadincijfers.antwerpen.be/viewer?var=prcp_groenortho_hoog_nis_onbebouwd,stadincijfers.antwerpen.be,URLError,unreachable,2026-09-29
https://stadincijfers.antwerpen.be/viewer?var=prcp_groenortho_hoog_nis_opslag,stadincijfers.antwerpen.be,URLError,unreachable,2026-09-29
https://stadincijfers.antwerpen.be/viewer?var=prcp_groenortho_hoog_nis_werken,stadincijfers.antwerpen.be,URLError,unreachable,2026-09-29
https://stadincijfers.antwerpen.be/viewer?var=prcp_groenortho_hoog_nis_wonen,stadincijfers.antwerpen.be,URLError,unreachable,2026-09-29
https://stadincijfers.antwerpen.be/viewer?var=prcp_groenortho_hoog_nis_wonen_werken,stadincijfers.antwerpen.be,URLError,unreachable,2026-09-29
https://stadincijfers.antwerpen.be/viewer?var=prcp_groenortho_hoog_nis_wonen_werken_ander,stadincijfers.antwerpen.be,URLError,unreachable,2026-09-29
https://stadincijfers.antwerpen.be/viewer?var=prcp_groenortho_nis_ander,stadincijfers.antwerpen.be,URLError,unreachable,2026-09-29
https://stadincijfers.antwerpen.be/viewer?var=prcp_groenortho_nis_appartementsgebouw,stadincijfers.antwerpen.be,URLError,unreachable,2026-09-29
https://stadincijfers.antwerpen.be/viewer?var=prcp_groenortho_nis_commercieel,stadincijfers.antwerpen.be,URLError,unreachable,2026-09-29
https://stadincijfers.antwerpen.be/viewer?var=prcp_groenortho_nis_huis,stadincijfers.antwerpen.be,URLError,unreachable,2026-09-29
https://stadincijfers.antwerpen.be/viewer?var=prcp_groenortho_nis_industrie,stadincijfers.antwerpen.be,URLError,unreachable,2026-09-29
https://stadincijfers.antwerpen.be/viewer?var=prcp_groenortho_nis_kantoor,stadincijfers.antwerpen.be,URLError,unreachable,2026-09-29
https://stadincijfers.antwerpen.be/viewer?var=prcp_groenortho_nis_onbebouwd,stadincijfers.antwerpen.be,URLError,unreachable,2026-09-29
https://stadincijfers.antwerpen.be/viewer?var=prcp_groenortho_nis_opslag,stadincijfers.antwerpen.be,URLError,unreachable,2026-09-29
https://stadincijfers.antwerpen.be/viewer?var=prcp_groenortho_nis_werken,stadincijfers.antwerpen.be,URLError,unreachable,2026-09-29
https://stadincijfers.antwerpen.be/viewer?var=prcp_groenortho_nis_werken_tot,stadincijfers.antwerpen.be,URLError,unreachable,2026-09-29
https://stadincijfers.antwerpen.be/viewer?var=prcp_groenortho_nis_wonen,stadincijfers.antwerpen.be,URLError,unreachable,2026-09-29
https://stadincijfers.antwerpen.be/viewer?var=prcp_groenortho_nis_wonen_tot,stadincijfers.antwerpen.be,URLError,unreachable,2026-09-29
https://stadincijfers.antwerpen.be/viewer?var=prcp_groenortho_nis_wonen_werken,stadincijfers.antwerpen.be,URLError,unreachable,2026-09-29
https://stadincijfers.antwerpen.be/viewer?var=prcp_groenortho_nis_wonen_werken_ander,stadincijfers.antwerpen.be,URLError,unreachable,2026-09-29
https://stadincijfers.antwerpen.be/viewer?var=prcp_groenortho_nis_wonen_werken_ander_tot,stadincijfers.antwerpen.be,URLError,unreachable,2026-09-29
https://stadincijfers.antwerpen.be/viewer?var=prcp_groenortho_nis_wonen_werken_tot,stadincijfers.antwerpen.be,URLError,unreachable,2026-09-29
https://stadincijfers.antwerpen.be/viewer?var=prcp_groenortho_onbebouwdgrb,stadincijfers.antwerpen.be,URLError,unreachable,2026-09-29
https://stadincijfers.antwerpen.be/viewer?var=prcp_groenortho_onbebouwdgrb_nis_ander,stadincijfers.antwerpen.be,URLError,unreachable,2026-09-29
https://stadincijfers.antwerpen.be/viewer?var=prcp_groenortho_onbebouwdgrb_nis_appartementsgebou,stadincijfers.antwerpen.be,URLError,unreachable,2026-09-29
https://stadincijfers.antwerpen.be/viewer?var=prcp_groenortho_onbebouwdgrb_nis_commercieel,stadincijfers.antwerpen.be,URLError,unreachable,2026-09-29
https://stadincijfers.antwerpen.be/viewer?var=prcp_groenortho_onbebouwdgrb_nis_huis,stadincijfers.antwerpen.be,URLError,unreachable,2026-09-29
https://stadincijfers.antwerpen.be/viewer?var=prcp_groenortho_onbebouwdgrb_nis_industrie,stadincijfers.antwerpen.be,URLError,unreachable,2026-09-29
https://stadincijfers.antwerpen.be/viewer?var=prcp_groenortho_onbebouwdgrb_nis_kantoor,stadincijfers.antwerpen.be,URLError,unreachable,2026-09-29
https://stadincijfers.antwerpen.be/viewer?var=prcp_groenortho_onbebouwdgrb_nis_onbebouwd,stadincijfers.antwerpen.be,URLError,unreachable,2026-09-29
https://stadincijfers.antwerpen.be/viewer?var=prcp_groenortho_onbebouwdgrb_nis_opslag,stadincijfers.antwerpen.be,URLError,unreachable,2026-09-29
https://stadincijfers.antwerpen.be/viewer?var=prcp_groenortho_onbebouwdgrb_nis_werken,stadincijfers.antwerpen.be,URLError,unreachable,2026-09-29
https://stadincijfers.antwerpen.be/viewer?var=prcp_groenortho_onbebouwdgrb_nis_wonen,stadincijfers.antwerpen.be,URLError,unreachable,2026-09-29
https://stadincijfers.antwerpen.be/viewer?var=prcp_groenortho_tot,stadincijfers.antwerpen.be,URLError,unreachable,2026-09-29
https://stadincijfers.antwerpen.be/viewer?var=prcp_parkeersaldo,stadincijfers.antwerpen.be,URLError,unreachable,2026-09-29
https://stadincijfers.antwerpen.be/viewer?var=prcp_verhard_nis_wonen_werken,stadincijfers.antwerpen.be,URLError,unreachable,2026-09-29
https://stadincijfers.antwerpen.be/viewer?var=prcp_verhard_nis_wonen_werken_ander,stadincijfers.antwerpen.be,URLError,unreachable,2026-09-29
https://stadincijfers.antwerpen.be/viewer?var=prcp_verhard_nis_wonen_werken_ander_tot,stadincijfers.antwerpen.be,URLError,unreachable,2026-09-29
https://stadincijfers.antwerpen.be/viewer?var=prcp_verhard_nis_wonen_werken_tot,stadincijfers.antwerpen.be,URLError,unreachable,2026-09-29
https://stadincijfers.antwerpen.be/viewer?var=prcp_verhardtot_nis_appartementsgebouw,stadincijfers.antwerpen.be,URLError,unreachable,2026-09-29
https://stadincijfers.antwerpen.be/viewer?var=prcp_verhardtot_nis_wonen_werken,stadincijfers.antwerpen.be,URLError,unreachable,2026-09-29
https://stadincijfers.antwerpen.be/viewer?var=prcp_verhardtot_nis_wonen_werken_ander,stadincijfers.antwerpen.be,URLError,unreachable,2026-09-29
https://stadincijfers.antwerpen.be/viewer?var=prcp_verhardtot_nis_wonen_werken_ander_tot,stadincijfers.antwerpen.be,URLError,unreachable,2026-09-29
https://stadincijfers.antwerpen.be/viewer?var=prcp_verhardtot_nis_wonen_werken_tot,stadincijfers.antwerpen.be,URLError,unreachable,2026-09-29
https://stadincijfers.antwerpen.be/viewer?var=prcp_woningen_geenparking,stadincijfers.antwerpen.be,URLError,unreachable,2026-09-29
https://stadincijfers.antwerpen.be/viewer?var=prcp_woningen_netgenoegparking,stadincijfers.antwerpen.be,URLError,unreachable,2026-09-29
https://stadincijfers.antwerpen.be/viewer?var=prcp_woningen_parkeeroverschot,stadincijfers.antwerpen.be,URLError,unreachable,2026-09-29
https://stadincijfers.antwerpen.be/viewer?var=prcp_woningen_teweinigparking,stadincijfers.antwerpen.be,URLError,unreachable,2026-09-29
https://stadincijfers.antwerpen.be/viewer?var=prcp_woon_parkeren,stadincijfers.antwerpen.be,URLError,unreachable,2026-09-29
https://stadincijfers.antwerpen.be/viewer?var=prior_bev_gewelddief,stadincijfers.antwerpen.be,URLError,unreachable,2026-09-29
https://stadincijfers.antwerpen.be/viewer?var=prior_gewelddief,stadincijfers.antwerpen.be,URLError,unreachable,2026-09-29
https://stadincijfers.antwerpen.be/viewer?var=prv_hoeproperstraat_l30d_p,stadincijfers.antwerpen.be,URLError,unreachable,2026-09-29
https://stadincijfers.antwerpen.be/viewer?var=prv_inspanningenbewoners_p,stadincijfers.antwerpen.be,URLError,unreachable,2026-09-29
https://stadincijfers.antwerpen.be/viewer?var=prv_inspanningenstadsbestuur_p,stadincijfers.antwerpen.be,URLError,unreachable,2026-09-29
https://stadincijfers.antwerpen.be/viewer?var=prv_onveiliggevoelbuurt_p,stadincijfers.antwerpen.be,URLError,unreachable,2026-09-29
https://stadincijfers.antwerpen.be/viewer?var=prv_onveiliggevoelstad_p,stadincijfers.antwerpen.be,URLError,unreachable,2026-09-29
https://stadincijfers.antwerpen.be/viewer?var=prv_overlastl30d_agressiefverkeersgedrag_p,stadincijfers.antwerpen.be,URLError,unreachable,2026-09-29
https://stadincijfers.antwerpen.be/viewer?var=prv_overlastl30d_dooralcoholdruggebruikers_p,stadincijfers.antwerpen.be,URLError,unreachable,2026-09-29
https://stadincijfers.antwerpen.be/viewer?var=prv_overlastl30d_lastiggevallenopstraat_p,stadincijfers.antwerpen.be,URLError,unreachable,2026-09-29
https://stadincijfers.antwerpen.be/viewer?var=prv_overlastl30d_onaangepastesnelheidverkeer_p,stadincijfers.antwerpen.be,URLError,unreachable,2026-09-29
https://stadincijfers.antwerpen.be/viewer?var=prv_overlastl30d_rijgedragfietsersonaangepast_p,stadincijfers.antwerpen.be,URLError,unreachable,2026-09-29
https://stadincijfers.antwerpen.be/viewer?var=prv_overlastl30d_rommelopstraat_p,stadincijfers.antwerpen.be,URLError,unreachable,2026-09-29
https://stadincijfers.antwerpen.be/viewer?var=prv_perceptierisico_diefstalstraat_p,stadincijfers.antwerpen.be,URLError,unreachable,2026-09-29
https://stadincijfers.antwerpen.be/viewer?var=prv_perceptierisico_lastiggevallen_p,stadincijfers.antwerpen.be,URLError,unreachable,2026-09-29
https://stadincijfers.antwerpen.be/viewer?var=prv_perceptierisico_verkeersongeval_p,stadincijfers.antwerpen.be,URLError,unreachable,2026-09-29
https://stadincijfers.antwerpen.be/viewer?var=racefiets_pct,stadincijfers.antwerpen.be,URLError,unreachable,2026-09-29
https://stadincijfers.antwerpen.be/viewer?var=ranking_veiligheid_top10,stadincijfers.antwerpen.be,URLError,unreachable,2026-09-29
https://stadincijfers.antwerpen.be/viewer?var=ranking_veiligheid_top5,stadincijfers.antwerpen.be,URLError,unreachable,2026-09-29
https://stadincijfers.antwerpen.be/viewer?var=ranking_wijk,stadincijfers.antwerpen.be,URLError,unreachable,2026-09-29
https://stadincijfers.antwerpen.be/viewer?var=rec_geb,stadincijfers.antwerpen.be,URLError,unreachable,2026-09-29
https://stadincijfers.antwerpen.be/viewer?var=rec_geb_31dec,stadincijfers.antwerpen.be,URLError,unreachable,2026-09-29
https://stadincijfers.antwerpen.be/viewer?var=rec_geb_ha,stadincijfers.antwerpen.be,URLError,unreachable,2026-09-29
https://stadincijfers.antwerpen.be/viewer?var=reistijd_h10,stadincijfers.antwerpen.be,URLError,unreachable,2026-09-29
https://stadincijfers.antwerpen.be/viewer?var=reistijd_h10_pct,stadincijfers.antwerpen.be,URLError,unreachable,2026-09-29
https://stadincijfers.antwerpen.be/viewer?var=reistijd_h1120,stadincijfers.antwerpen.be,URLError,unreachable,2026-09-29
https://stadincijfers.antwerpen.be/viewer?var=reistijd_h1120_pct,stadincijfers.antwerpen.be,URLError,unreachable,2026-09-29
https://stadincijfers.antwerpen.be/viewer?var=reistijd_h2130,stadincijfers.antwerpen.be,URLError,unreachable,2026-09-29
https://stadincijfers.antwerpen.be/viewer?var=reistijd_h2130_pct,stadincijfers.antwerpen.be,URLError,unreachable,2026-09-29
https://stadincijfers.antwerpen.be/viewer?var=reistijd_h3145,stadincijfers.antwerpen.be,URLError,unreachable,2026-09-29
https://stadincijfers.antwerpen.be/viewer?var=reistijd_h3145_pct,stadincijfers.antwerpen.be,URLError,unreachable,2026-09-29
https://stadincijfers.antwerpen.be/viewer?var=reistijd_h4660,stadincijfers.antwerpen.be,URLError,unreachable,2026-09-29
https://stadincijfers.antwerpen.be/viewer?var=reistijd_h4660_pct,stadincijfers.antwerpen.be,URLError,unreachable,2026-09-29
https://stadincijfers.antwerpen.be/viewer?var=reistijd_h6190,stadincijfers.antwerpen.be,URLError,unreachable,2026-09-29
https://stadincijfers.antwerpen.be/viewer?var=reistijd_h6190_pct,stadincijfers.antwerpen.be,URLError,unreachable,2026-09-29
https://stadincijfers.antwerpen.be/viewer?var=reistijd_h91,stadincijfers.antwerpen.be,URLError,unreachable,2026-09-29
https://stadincijfers.antwerpen.be/viewer?var=reistijd_h91_pct,stadincijfers.antwerpen.be,URLError,unreachable,2026-09-29
https://stadincijfers.antwerpen.be/viewer?var=reistijd_t10,stadincijfers.antwerpen.be,URLError,unreachable,2026-09-29
https://stadincijfers.antwerpen.be/viewer?var=reistijd_t10_pct,stadincijfers.antwerpen.be,URLError,unreachable,2026-09-29
https://stadincijfers.antwerpen.be/viewer?var=reistijd_t1120,stadincijfers.antwerpen.be,URLError,unreachable,2026-09-29
https://stadincijfers.antwerpen.be/viewer?var=reistijd_t1120_pct,stadincijfers.antwerpen.be,URLError,unreachable,2026-09-29
https://stadincijfers.antwerpen.be/viewer?var=reistijd_t2130,stadincijfers.antwerpen.be,URLError,unreachable,2026-09-29
https://stadincijfers.antwerpen.be/viewer?var=reistijd_t2130_pct,stadincijfers.antwerpen.be,URLError,unreachable,2026-09-29
https://stadincijfers.antwerpen.be/viewer?var=reistijd_t3145,stadincijfers.antwerpen.be,URLError,unreachable,2026-09-29
https://stadincijfers.antwerpen.be/viewer?var=reistijd_t3145_pct,stadincijfers.antwerpen.be,URLError,unreachable,2026-09-29
https://stadincijfers.antwerpen.be/viewer?var=reistijd_t4660,stadincijfers.antwerpen.be,URLError,unreachable,2026-09-29
https://stadincijfers.antwerpen.be/viewer?var=reistijd_t4660_pct,stadincijfers.antwerpen.be,URLError,unreachable,2026-09-29
https://stadincijfers.antwerpen.be/viewer?var=reistijd_t6190,stadincijfers.antwerpen.be,URLError,unreachable,2026-09-29
https://stadincijfers.antwerpen.be/viewer?var=reistijd_t6190_pct,stadincijfers.antwerpen.be,URLError,unreachable,2026-09-29
https://stadincijfers.antwerpen.be/viewer?var=reistijd_t91,stadincijfers.antwerpen.be,URLError,unreachable,2026-09-29
https://stadincijfers.antwerpen.be/viewer?var=reistijd_t91_pct,stadincijfers.antwerpen.be,URLError,unreachable,2026-09-29
https://stadincijfers.antwerpen.be/viewer?var=rotatieparkingbuurt,stadincijfers.antwerpen.be,URLError,unreachable,2026-09-29
https://stadincijfers.antwerpen.be/viewer?var=rotatieparkingbuurtplaats,stadincijfers.antwerpen.be,URLError,unreachable,2026-09-29
https://stadincijfers.antwerpen.be/viewer?var=safety_growth,stadincijfers.antwerpen.be,URLError,unreachable,2026-09-29
https://stadincijfers.antwerpen.be/viewer?var=safety_growth_klasse,stadincijfers.antwerpen.be,URLError,unreachable,2026-09-29
https://stadincijfers.antwerpen.be/viewer?var=safety_impact,stadincijfers.antwerpen.be,URLError,unreachable,2026-09-29
https://stadincijfers.antwerpen.be/viewer?var=safety_impact_klasse,stadincijfers.antwerpen.be,URLError,unreachable,2026-09-29
https://stadincijfers.antwerpen.be/viewer?var=safety_pheno,stadincijfers.antwerpen.be,URLError,unreachable,2026-09-29
https://stadincijfers.antwerpen.be/viewer?var=safety_pheno_klasse,stadincijfers.antwerpen.be,URLError,unreachable,2026-09-29
https://stadincijfers.antwerpen.be/viewer?var=schaalscore_antwerpen_onveiligheid,stadincijfers.antwerpen.be,URLError,unreachable,2026-09-29
https://stadincijfers.antwerpen.be/viewer?var=scholen_boven20_no2,stadincijfers.antwerpen.be,URLError,unreachable,2026-09-29
https://stadincijfers.antwerpen.be/viewer?var=scholen_bovennorm_no2,stadincijfers.antwerpen.be,URLError,unreachable,2026-09-29
https://stadincijfers.antwerpen.be/viewer?var=score_education,stadincijfers.antwerpen.be,URLError,unreachable,2026-09-29
https://stadincijfers.antwerpen.be/viewer?var=score_safety,stadincijfers.antwerpen.be,URLError,unreachable,2026-09-29
https://stadincijfers.antwerpen.be/viewer?var=score_safety_klasse,stadincijfers.antwerpen.be,URLError,unreachable,2026-09-29
https://stadincijfers.antwerpen.be/viewer?var=score_social,stadincijfers.antwerpen.be,URLError,unreachable,2026-09-29
https://stadincijfers.antwerpen.be/viewer?var=sdgr_tekort_norm,stadincijfers.antwerpen.be,URLError,unreachable,2026-09-29
https://stadincijfers.antwerpen.be/viewer?var=sdgr_tekort_norm_ha,stadincijfers.antwerpen.be,URLError,unreachable,2026-09-29
https://stadincijfers.antwerpen.be/viewer?var=sdgr_tekort_norm_tss,stadincijfers.antwerpen.be,URLError,unreachable,2026-09-29
https://stadincijfers.antwerpen.be/viewer?var=slachtofferongevallen,stadincijfers.antwerpen.be,URLError,unreachable,2026-09-29
https://stadincijfers.antwerpen.be/viewer?var=slachtofferongevallen_p,stadincijfers.antwerpen.be,URLError,unreachable,2026-09-29
https://stadincijfers.antwerpen.be/viewer?var=sm_cv_bospark_bezocht_ander,stadincijfers.antwerpen.be,URLError,unreachable,2026-09-29
https://stadincijfers.antwerpen.be/viewer?var=sm_cv_bospark_bezocht_ander_clt,stadincijfers.antwerpen.be,URLError,unreachable,2026-09-29
https://stadincijfers.antwerpen.be/viewer?var=sm_cv_bospark_bezocht_ander_clt_og,stadincijfers.antwerpen.be,URLError,unreachable,2026-09-29
https://stadincijfers.antwerpen.be/viewer?var=sm_cv_bospark_bezocht_ander_sum,stadincijfers.antwerpen.be,URLError,unreachable,2026-09-29
https://stadincijfers.antwerpen.be/viewer?var=sm_cv_bospark_bezocht_ander_sum_og,stadincijfers.antwerpen.be,URLError,unreachable,2026-09-29
https://stadincijfers.antwerpen.be/viewer?var=sm_cv_bospark_bezocht_stad,stadincijfers.antwerpen.be,URLError,unreachable,2026-09-29
https://stadincijfers.antwerpen.be/viewer?var=sm_cv_bospark_bezocht_stad_clt,stadincijfers.antwerpen.be,URLError,unreachable,2026-09-29
https://stadincijfers.antwerpen.be/viewer?var=sm_cv_bospark_bezocht_stad_clt_og,stadincijfers.antwerpen.be,URLError,unreachable,2026-09-29
https://stadincijfers.antwerpen.be/viewer?var=sm_cv_bospark_bezocht_stad_sum,stadincijfers.antwerpen.be,URLError,unreachable,2026-09-29
https://stadincijfers.antwerpen.be/viewer?var=sm_cv_bospark_bezocht_stad_sum_og,stadincijfers.antwerpen.be,URLError,unreachable,2026-09-29
https://stadincijfers.antwerpen.be/viewer?var=sm_cv_festival_bezocht,stadincijfers.antwerpen.be,URLError,unreachable,2026-09-29
https://stadincijfers.antwerpen.be/viewer?var=sm_cv_festival_bezocht_clt,stadincijfers.antwerpen.be,URLError,unreachable,2026-09-29
https://stadincijfers.antwerpen.be/viewer?var=sm_cv_festival_bezocht_sum,stadincijfers.antwerpen.be,URLError,unreachable,2026-09-29
https://stadincijfers.antwerpen.be/viewer?var=sm_cv_park_bezocht,stadincijfers.antwerpen.be,URLError,unreachable,2026-09-29
https://stadincijfers.antwerpen.be/viewer?var=sm_cv_park_bezocht_clt,stadincijfers.antwerpen.be,URLError,unreachable,2026-09-29
https://stadincijfers.antwerpen.be/viewer?var=sm_cv_park_bezocht_sum,stadincijfers.antwerpen.be,URLError,unreachable,2026-09-29
https://stadincijfers.antwerpen.be/viewer?var=sm_cv_speelterrein_ander,stadincijfers.antwerpen.be,URLError,unreachable,2026-09-29
https://stadincijfers.antwerpen.be/viewer?var=sm_cv_speelterrein_ander_clt,stadincijfers.antwerpen.be,URLError,unreachable,2026-09-29
https://stadincijfers.antwerpen.be/viewer?var=sm_cv_speelterrein_ander_clt_og,stadincijfers.antwerpen.be,URLError,unreachable,2026-09-29
https://stadincijfers.antwerpen.be/viewer?var=sm_cv_speelterrein_ander_sum,stadincijfers.antwerpen.be,URLError,unreachable,2026-09-29
https://stadincijfers.antwerpen.be/viewer?var=sm_cv_speelterrein_ander_sum_og,stadincijfers.antwerpen.be,URLError,unreachable,2026-09-29
https://stadincijfers.antwerpen.be/viewer?var=sm_cv_speelterrein_stad,stadincijfers.antwerpen.be,URLError,unreachable,2026-09-29
https://stadincijfers.antwerpen.be/viewer?var=sm_cv_speelterrein_stad_clt,stadincijfers.antwerpen.be,URLError,unreachable,2026-09-29
https://stadincijfers.antwerpen.be/viewer?var=sm_cv_speelterrein_stad_clt_og,stadincijfers.antwerpen.be,URLError,unreachable,2026-09-29
https://stadincijfers.antwerpen.be/viewer?var=sm_cv_speelterrein_stad_sum,stadincijfers.antwerpen.be,URLError,unreachable,2026-09-29
https://stadincijfers.antwerpen.be/viewer?var=sm_cv_speelterrein_stad_sum_og,stadincijfers.antwerpen.be,URLError,unreachable,2026-09-29
https://stadincijfers.antwerpen.be/viewer?var=sm_cv_speeltuin_bezocht,stadincijfers.antwerpen.be,URLError,unreachable,2026-09-29
https://stadincijfers.antwerpen.be/viewer?var=sm_cv_speeltuin_bezocht_clt,stadincijfers.antwerpen.be,URLError,unreachable,2026-09-29
https://stadincijfers.antwerpen.be/viewer?var=sm_cv_speeltuin_bezocht_sum,stadincijfers.antwerpen.be,URLError,unreachable,2026-09-29
https://stadincijfers.antwerpen.be/viewer?var=sm_cv_sporten_ander,stadincijfers.antwerpen.be,URLError,unreachable,2026-09-29
https://stadincijfers.antwerpen.be/viewer?var=sm_cv_sporten_ander_clt,stadincijfers.antwerpen.be,URLError,unreachable,2026-09-29
https://stadincijfers.antwerpen.be/viewer?var=sm_cv_sporten_ander_clt_og,stadincijfers.antwerpen.be,URLError,unreachable,2026-09-29
https://stadincijfers.antwerpen.be/viewer?var=sm_cv_sporten_ander_sum,stadincijfers.antwerpen.be,URLError,unreachable,2026-09-29
https://stadincijfers.antwerpen.be/viewer?var=sm_cv_sporten_ander_sum_og,stadincijfers.antwerpen.be,URLError,unreachable,2026-09-29
https://stadincijfers.antwerpen.be/viewer?var=sm_cv_sporten_stad,stadincijfers.antwerpen.be,URLError,unreachable,2026-09-29
https://stadincijfers.antwerpen.be/viewer?var=sm_cv_sporten_stad_clt,stadincijfers.antwerpen.be,URLError,unreachable,2026-09-29
https://stadincijfers.antwerpen.be/viewer?var=sm_cv_sporten_stad_clt_og,stadincijfers.antwerpen.be,URLError,unreachable,2026-09-29
https://stadincijfers.antwerpen.be/viewer?var=sm_cv_sporten_stad_sum,stadincijfers.antwerpen.be,URLError,unreachable,2026-09-29
https://stadincijfers.antwerpen.be/viewer?var=sm_cv_sporten_stad_sum_og,stadincijfers.antwerpen.be,URLError,unreachable,2026-09-29
https://stadincijfers.antwerpen.be/viewer?var=sm_cv_sporteven_bijgewoond,stadincijfers.antwerpen.be,URLError,unreachable,2026-09-29
https://stadincijfers.antwerpen.be/viewer?var=sm_cv_sporteven_bijgewoond_clt,stadincijfers.antwerpen.be,URLError,unreachable,2026-09-29
https://stadincijfers.antwerpen.be/viewer?var=sm_cv_sporteven_bijgewoond_sum,stadincijfers.antwerpen.be,URLError,unreachable,2026-09-29
https://stadincijfers.antwerpen.be/viewer?var=sm_cv_sportevenement_ander,stadincijfers.antwerpen.be,URLError,unreachable,2026-09-29
https://stadincijfers.antwerpen.be/viewer?var=sm_cv_sportevenement_ander_clt,stadincijfers.antwerpen.be,URLError,unreachable,2026-09-29
https://stadincijfers.antwerpen.be/viewer?var=sm_cv_sportevenement_ander_clt_og,stadincijfers.antwerpen.be,URLError,unreachable,2026-09-29
https://stadincijfers.antwerpen.be/viewer?var=sm_cv_sportevenement_ander_sum,stadincijfers.antwerpen.be,URLError,unreachable,2026-09-29
https://stadincijfers.antwerpen.be/viewer?var=sm_cv_sportevenement_ander_sum_og,stadincijfers.antwerpen.be,URLError,unreachable,2026-09-29
https://stadincijfers.antwerpen.be/viewer?var=sm_cv_sportevenement_stad,stadincijfers.antwerpen.be,URLError,unreachable,2026-09-29
https://stadincijfers.antwerpen.be/viewer?var=sm_cv_sportevenement_stad_clt,stadincijfers.antwerpen.be,URLError,unreachable,2026-09-29
https://stadincijfers.antwerpen.be/viewer?var=sm_cv_sportevenement_stad_clt_og,stadincijfers.antwerpen.be,URLError,unreachable,2026-09-29
https://stadincijfers.antwerpen.be/viewer?var=sm_cv_sportevenement_stad_sum,stadincijfers.antwerpen.be,URLError,unreachable,2026-09-29
https://stadincijfers.antwerpen.be/viewer?var=sm_cv_sportevenement_stad_sum_og,stadincijfers.antwerpen.be,URLError,unreachable,2026-09-29
https://stadincijfers.antwerpen.be/viewer?var=sm_cv_sportpart_sportwek,stadincijfers.antwerpen.be,URLError,unreachable,2026-09-29
https://stadincijfers.antwerpen.be/viewer?var=sm_cv_sportpart_sportwek_clt,stadincijfers.antwerpen.be,URLError,unreachable,2026-09-29
https://stadincijfers.antwerpen.be/viewer?var=sm_cv_sportpart_sportwek_clt_og,stadincijfers.antwerpen.be,URLError,unreachable,2026-09-29
https://stadincijfers.antwerpen.be/viewer?var=sm_cv_sportpart_sportwek_sum,stadincijfers.antwerpen.be,URLError,unreachable,2026-09-29
https://stadincijfers.antwerpen.be/viewer?var=sm_cv_sportpart_sportwek_sum_og,stadincijfers.antwerpen.be,URLError,unreachable,2026-09-29
https://stadincijfers.antwerpen.be/viewer?var=sm_cv_tevr_kindspelen,stadincijfers.antwerpen.be,URLError,unreachable,2026-09-29
https://stadincijfers.antwerpen.be/viewer?var=sm_cv_tevr_kindspelen_clt,stadincijfers.antwerpen.be,URLError,unreachable,2026-09-29
https://stadincijfers.antwerpen.be/viewer?var=sm_cv_tevr_kindspelen_clt_og,stadincijfers.antwerpen.be,URLError,unreachable,2026-09-29
https://stadincijfers.antwerpen.be/viewer?var=sm_cv_tevr_kindspelen_sum,stadincijfers.antwerpen.be,URLError,unreachable,2026-09-29
https://stadincijfers.antwerpen.be/viewer?var=sm_cv_tevr_kindspelen_sum_og,stadincijfers.antwerpen.be,URLError,unreachable,2026-09-29
https://stadincijfers.antwerpen.be/viewer?var=sm_cv_tevr_plekjeugd,stadincijfers.antwerpen.be,URLError,unreachable,2026-09-29
https://stadincijfers.antwerpen.be/viewer?var=sm_cv_tevr_plekjeugd_clt,stadincijfers.antwerpen.be,URLError,unreachable,2026-09-29
https://stadincijfers.antwerpen.be/viewer?var=sm_cv_tevr_plekjeugd_clt_og,stadincijfers.antwerpen.be,URLError,unreachable,2026-09-29
https://stadincijfers.antwerpen.be/viewer?var=sm_cv_tevr_plekjeugd_sum,stadincijfers.antwerpen.be,URLError,unreachable,2026-09-29
https://stadincijfers.antwerpen.be/viewer?var=sm_cv_tevr_plekjeugd_sum_og,stadincijfers.antwerpen.be,URLError,unreachable,2026-09-29
https://stadincijfers.antwerpen.be/viewer?var=sm_cv_tevr_recrvoorz,stadincijfers.antwerpen.be,URLError,unreachable,2026-09-29
https://stadincijfers.antwerpen.be/viewer?var=sm_cv_tevr_recrvoorz_clt,stadincijfers.antwerpen.be,URLError,unreachable,2026-09-29
https://stadincijfers.antwerpen.be/viewer?var=sm_cv_tevr_recrvoorz_clt_og,stadincijfers.antwerpen.be,URLError,unreachable,2026-09-29
https://stadincijfers.antwerpen.be/viewer?var=sm_cv_tevr_recrvoorz_sum,stadincijfers.antwerpen.be,URLError,unreachable,2026-09-29
https://stadincijfers.antwerpen.be/viewer?var=sm_cv_tevr_recrvoorz_sum_og,stadincijfers.antwerpen.be,URLError,unreachable,2026-09-29
https://stadincijfers.antwerpen.be/viewer?var=sm_cv_tevr_speelplekken,stadincijfers.antwerpen.be,URLError,unreachable,2026-09-29
https://stadincijfers.antwerpen.be/viewer?var=sm_cv_tevr_speelplekken_clt,stadincijfers.antwerpen.be,URLError,unreachable,2026-09-29
https://stadincijfers.antwerpen.be/viewer?var=sm_cv_tevr_speelplekken_clt_og,stadincijfers.antwerpen.be,URLError,unreachable,2026-09-29
https://stadincijfers.antwerpen.be/viewer?var=sm_cv_tevr_speelplekken_sum,stadincijfers.antwerpen.be,URLError,unreachable,2026-09-29
https://stadincijfers.antwerpen.be/viewer?var=sm_cv_tevr_speelplekken_sum_og,stadincijfers.antwerpen.be,URLError,unreachable,2026-09-29
https://stadincijfers.antwerpen.be/viewer?var=sm_cv_tevr_sportvoorz,stadincijfers.antwerpen.be,URLError,unreachable,2026-09-29
https://stadincijfers.antwerpen.be/viewer?var=sm_cv_tevr_sportvoorz_clt,stadincijfers.antwerpen.be,URLError,unreachable,2026-09-29
https://stadincijfers.antwerpen.be/viewer?var=sm_cv_tevr_sportvoorz_clt_og,stadincijfers.antwerpen.be,URLError,unreachable,2026-09-29
https://stadincijfers.antwerpen.be/viewer?var=sm_cv_tevr_sportvoorz_sum,stadincijfers.antwerpen.be,URLError,unreachable,2026-09-29
https://stadincijfers.antwerpen.be/viewer?var=sm_cv_tevr_sportvoorz_sum_og,stadincijfers.antwerpen.be,URLError,unreachable,2026-09-29
https://stadincijfers.antwerpen.be/viewer?var=sm_cv_vold_activjong,stadincijfers.antwerpen.be,URLError,unreachable,2026-09-29
https://stadincijfers.antwerpen.be/viewer?var=sm_cv_vold_activjong_sum,stadincijfers.antwerpen.be,URLError,unreachable,2026-09-29
https://stadincijfers.antwerpen.be/viewer?var=sm_cv_vold_activjong_sum_og,stadincijfers.antwerpen.be,URLError,unreachable,2026-09-29
https://stadincijfers.antwerpen.be/viewer?var=sm_cv_vold_activkind,stadincijfers.antwerpen.be,URLError,unreachable,2026-09-29
https://stadincijfers.antwerpen.be/viewer?var=sm_cv_vold_activkind_sum,stadincijfers.antwerpen.be,URLError,unreachable,2026-09-29
https://stadincijfers.antwerpen.be/viewer?var=sm_cv_vold_activkind_sum_og,stadincijfers.antwerpen.be,URLError,unreachable,2026-09-29
https://stadincijfers.antwerpen.be/viewer?var=sm_cv_vold_activouderen,stadincijfers.antwerpen.be,URLError,unreachable,2026-09-29
https://stadincijfers.antwerpen.be/viewer?var=sm_cv_vold_sportvoorz,stadincijfers.antwerpen.be,URLError,unreachable,2026-09-29
https://stadincijfers.antwerpen.be/viewer?var=sm_cv_vold_sportvoorz_clt,stadincijfers.antwerpen.be,URLError,unreachable,2026-09-29
https://stadincijfers.antwerpen.be/viewer?var=sm_cv_vold_sportvoorz_clt_og,stadincijfers.antwerpen.be,URLError,unreachable,2026-09-29
https://stadincijfers.antwerpen.be/viewer?var=sm_cv_vold_sportvoorz_sum,stadincijfers.antwerpen.be,URLError,unreachable,2026-09-29
https://stadincijfers.antwerpen.be/viewer?var=sm_cv_vold_sportvoorz_sum_og,stadincijfers.antwerpen.be,URLError,unreachable,2026-09-29
https://stadincijfers.antwerpen.be/viewer?var=sm_cv_vold_voorzjeugd,stadincijfers.antwerpen.be,URLError,unreachable,2026-09-29
https://stadincijfers.antwerpen.be/viewer?var=sm_cv_vold_voorzjeugd_sum,stadincijfers.antwerpen.be,URLError,unreachable,2026-09-29
https://stadincijfers.antwerpen.be/viewer?var=sm_cv_vold_voorzjeugd_sum_og,stadincijfers.antwerpen.be,URLError,unreachable,2026-09-29
https://stadincijfers.antwerpen.be/viewer?var=sm_cv_vold_voorzkind,stadincijfers.antwerpen.be,URLError,unreachable,2026-09-29
https://stadincijfers.antwerpen.be/viewer?var=sm_cv_vold_voorzkind_clt,stadincijfers.antwerpen.be,URLError,unreachable,2026-09-29
https://stadincijfers.antwerpen.be/viewer?var=sm_cv_vold_voorzkind_sum,stadincijfers.antwerpen.be,URLError,unreachable,2026-09-29
https://stadincijfers.antwerpen.be/viewer?var=sm_cv_vold_voorzkind_sum_og,stadincijfers.antwerpen.be,URLError,unreachable,2026-09-29
https://stadincijfers.antwerpen.be/viewer?var=sm_cv_zwem_ander,stadincijfers.antwerpen.be,URLError,unreachable,2026-09-29
https://stadincijfers.antwerpen.be/viewer?var=sm_cv_zwem_ander_clt,stadincijfers.antwerpen.be,URLError,unreachable,2026-09-29
https://stadincijfers.antwerpen.be/viewer?var=sm_cv_zwem_ander_clt_og,stadincijfers.antwerpen.be,URLError,unreachable,2026-09-29
https://stadincijfers.antwerpen.be/viewer?var=sm_cv_zwem_ander_sum,stadincijfers.antwerpen.be,URLError,unreachable,2026-09-29
https://stadincijfers.antwerpen.be/viewer?var=sm_cv_zwem_ander_sum_og,stadincijfers.antwerpen.be,URLError,unreachable,2026-09-29
https://stadincijfers.antwerpen.be/viewer?var=sm_cv_zwem_stad,stadincijfers.antwerpen.be,URLError,unreachable,2026-09-29
https://stadincijfers.antwerpen.be/viewer?var=sm_cv_zwem_stad_clt,stadincijfers.antwerpen.be,URLError,unreachable,2026-09-29
https://stadincijfers.antwerpen.be/viewer?var=sm_cv_zwem_stad_clt_og,stadincijfers.antwerpen.be,URLError,unreachable,2026-09-29
https://stadincijfers.antwerpen.be/viewer?var=sm_cv_zwem_stad_sum,stadincijfers.antwerpen.be,URLError,unreachable,2026-09-29
https://stadincijfers.antwerpen.be/viewer?var=sm_cv_zwem_stad_sum_og,stadincijfers.antwerpen.be,URLError,unreachable,2026-09-29
https://stadincijfers.antwerpen.be/viewer?var=sm_gis_cv_speeljeugd_ruimte_tot,stadincijfers.antwerpen.be,URLError,unreachable,2026-09-29
https://stadincijfers.antwerpen.be/viewer?var=sm_mo_bereik_fiets,stadincijfers.antwerpen.be,URLError,unreachable,2026-09-29
https://stadincijfers.antwerpen.be/viewer?var=sm_mo_bereik_fiets_clt,stadincijfers.antwerpen.be,URLError,unreachable,2026-09-29
https://stadincijfers.antwerpen.be/viewer?var=sm_mo_bereik_fiets_sum,stadincijfers.antwerpen.be,URLError,unreachable,2026-09-29
https://stadincijfers.antwerpen.be/viewer?var=sm_mo_bereik_ov,stadincijfers.antwerpen.be,URLError,unreachable,2026-09-29
https://stadincijfers.antwerpen.be/viewer?var=sm_mo_bereik_ov_clt,stadincijfers.antwerpen.be,URLError,unreachable,2026-09-29
https://stadincijfers.antwerpen.be/viewer?var=sm_mo_bereik_ov_sum,stadincijfers.antwerpen.be,URLError,unreachable,2026-09-29
https://stadincijfers.antwerpen.be/viewer?var=sm_mo_duurz_fiets,stadincijfers.antwerpen.be,URLError,unreachable,2026-09-29
https://stadincijfers.antwerpen.be/viewer?var=sm_mo_duurz_fiets_clt,stadincijfers.antwerpen.be,URLError,unreachable,2026-09-29
https://stadincijfers.antwerpen.be/viewer?var=sm_mo_duurz_fiets_clt_og,stadincijfers.antwerpen.be,URLError,unreachable,2026-09-29
https://stadincijfers.antwerpen.be/viewer?var=sm_mo_duurz_fiets_sum,stadincijfers.antwerpen.be,URLError,unreachable,2026-09-29
https://stadincijfers.antwerpen.be/viewer?var=sm_mo_duurz_fiets_sum_og,stadincijfers.antwerpen.be,URLError,unreachable,2026-09-29
https://stadincijfers.antwerpen.be/viewer?var=sm_mo_duurz_fietsvoet,stadincijfers.antwerpen.be,URLError,unreachable,2026-09-29
https://stadincijfers.antwerpen.be/viewer?var=sm_mo_duurz_fietsvoet_clt,stadincijfers.antwerpen.be,URLError,unreachable,2026-09-29
https://stadincijfers.antwerpen.be/viewer?var=sm_mo_duurz_fietsvoet_clt_og,stadincijfers.antwerpen.be,URLError,unreachable,2026-09-29
https://stadincijfers.antwerpen.be/viewer?var=sm_mo_duurz_fietsvoet_sum,stadincijfers.antwerpen.be,URLError,unreachable,2026-09-29
https://stadincijfers.antwerpen.be/viewer?var=sm_mo_duurz_fietsvoet_sum_og,stadincijfers.antwerpen.be,URLError,unreachable,2026-09-29
https://stadincijfers.antwerpen.be/viewer?var=sm_mo_duurz_voet,stadincijfers.antwerpen.be,URLError,unreachable,2026-09-29
https://stadincijfers.antwerpen.be/viewer?var=sm_mo_duurz_voet_clt,stadincijfers.antwerpen.be,URLError,unreachable,2026-09-29
https://stadincijfers.antwerpen.be/viewer?var=sm_mo_duurz_voet_clt_og,stadincijfers.antwerpen.be,URLError,unreachable,2026-09-29
https://stadincijfers.antwerpen.be/viewer?var=sm_mo_duurz_voet_sum,stadincijfers.antwerpen.be,URLError,unreachable,2026-09-29
https://stadincijfers.antwerpen.be/viewer?var=sm_mo_duurz_voet_sum_og,stadincijfers.antwerpen.be,URLError,unreachable,2026-09-29
https://stadincijfers.antwerpen.be/viewer?var=sm_mo_fiets_onderh,stadincijfers.antwerpen.be,URLError,unreachable,2026-09-29
https://stadincijfers.antwerpen.be/viewer?var=sm_mo_fiets_onderh_clt,stadincijfers.antwerpen.be,URLError,unreachable,2026-09-29
https://stadincijfers.antwerpen.be/viewer?var=sm_mo_fiets_onderh_sum,stadincijfers.antwerpen.be,URLError,unreachable,2026-09-29
https://stadincijfers.antwerpen.be/viewer?var=sm_mo_fiets_stalling,stadincijfers.antwerpen.be,URLError,unreachable,2026-09-29
https://stadincijfers.antwerpen.be/viewer?var=sm_mo_fiets_stalling_clt,stadincijfers.antwerpen.be,URLError,unreachable,2026-09-29
https://stadincijfers.antwerpen.be/viewer?var=sm_mo_fiets_stalling_clt_og,stadincijfers.antwerpen.be,URLError,unreachable,2026-09-29
https://stadincijfers.antwerpen.be/viewer?var=sm_mo_fiets_stalling_sum,stadincijfers.antwerpen.be,URLError,unreachable,2026-09-29
https://stadincijfers.antwerpen.be/viewer?var=sm_mo_fiets_stalling_sum_og,stadincijfers.antwerpen.be,URLError,unreachable,2026-09-29
https://stadincijfers.antwerpen.be/viewer?var=sm_mo_fietspad_vold,stadincijfers.antwerpen.be,URLError,unreachable,2026-09-29
https://stadincijfers.antwerpen.be/viewer?var=sm_mo_fietspad_vold_clt,stadincijfers.antwerpen.be,URLError,unreachable,2026-09-29
https://stadincijfers.antwerpen.be/viewer?var=sm_mo_fietspad_vold_clt_og,stadincijfers.antwerpen.be,URLError,unreachable,2026-09-29
https://stadincijfers.antwerpen.be/viewer?var=sm_mo_fietspad_vold_sum,stadincijfers.antwerpen.be,URLError,unreachable,2026-09-29
https://stadincijfers.antwerpen.be/viewer?var=sm_mo_fietspad_vold_sum_og,stadincijfers.antwerpen.be,URLError,unreachable,2026-09-29
https://stadincijfers.antwerpen.be/viewer?var=sm_mo_fietsveil_buurt,stadincijfers.antwerpen.be,URLError,unreachable,2026-09-29
https://stadincijfers.antwerpen.be/viewer?var=sm_mo_fietsveil_buurt_clt,stadincijfers.antwerpen.be,URLError,unreachable,2026-09-29
https://stadincijfers.antwerpen.be/viewer?var=sm_mo_fietsveil_buurt_clt_og,stadincijfers.antwerpen.be,URLError,unreachable,2026-09-29
https://stadincijfers.antwerpen.be/viewer?var=sm_mo_fietsveil_buurt_sum,stadincijfers.antwerpen.be,URLError,unreachable,2026-09-29
https://stadincijfers.antwerpen.be/viewer?var=sm_mo_fietsveil_buurt_sum_og,stadincijfers.antwerpen.be,URLError,unreachable,2026-09-29
https://stadincijfers.antwerpen.be/viewer?var=sm_mo_fietsveil_kind,stadincijfers.antwerpen.be,URLError,unreachable,2026-09-29
https://stadincijfers.antwerpen.be/viewer?var=sm_mo_fietsveil_kind_clt,stadincijfers.antwerpen.be,URLError,unreachable,2026-09-29
https://stadincijfers.antwerpen.be/viewer?var=sm_mo_fietsveil_kind_clt_og,stadincijfers.antwerpen.be,URLError,unreachable,2026-09-29
https://stadincijfers.antwerpen.be/viewer?var=sm_mo_fietsveil_kind_sum,stadincijfers.antwerpen.be,URLError,unreachable,2026-09-29
https://stadincijfers.antwerpen.be/viewer?var=sm_mo_fietsveil_kind_sum_og,stadincijfers.antwerpen.be,URLError,unreachable,2026-09-29
https://stadincijfers.antwerpen.be/viewer?var=sm_mo_fietsveil_stad,stadincijfers.antwerpen.be,URLError,unreachable,2026-09-29
https://stadincijfers.antwerpen.be/viewer?var=sm_mo_fietsveil_stad_clt,stadincijfers.antwerpen.be,URLError,unreachable,2026-09-29
https://stadincijfers.antwerpen.be/viewer?var=sm_mo_fietsveil_stad_sum,stadincijfers.antwerpen.be,URLError,unreachable,2026-09-29
https://stadincijfers.antwerpen.be/viewer?var=sm_mo_hoofds_ander,stadincijfers.antwerpen.be,URLError,unreachable,2026-09-29
https://stadincijfers.antwerpen.be/viewer?var=sm_mo_hoofds_ander_clt,stadincijfers.antwerpen.be,URLError,unreachable,2026-09-29
https://stadincijfers.antwerpen.be/viewer?var=sm_mo_hoofds_ander_clt_og,stadincijfers.antwerpen.be,URLError,unreachable,2026-09-29
https://stadincijfers.antwerpen.be/viewer?var=sm_mo_hoofds_ander_sum,stadincijfers.antwerpen.be,URLError,unreachable,2026-09-29
https://stadincijfers.antwerpen.be/viewer?var=sm_mo_hoofds_ander_sum_og,stadincijfers.antwerpen.be,URLError,unreachable,2026-09-29
https://stadincijfers.antwerpen.be/viewer?var=sm_mo_hoofds_auto,stadincijfers.antwerpen.be,URLError,unreachable,2026-09-29
https://stadincijfers.antwerpen.be/viewer?var=sm_mo_hoofds_auto_clt,stadincijfers.antwerpen.be,URLError,unreachable,2026-09-29
https://stadincijfers.antwerpen.be/viewer?var=sm_mo_hoofds_auto_clt_og,stadincijfers.antwerpen.be,URLError,unreachable,2026-09-29
https://stadincijfers.antwerpen.be/viewer?var=sm_mo_hoofds_auto_sum,stadincijfers.antwerpen.be,URLError,unreachable,2026-09-29
https://stadincijfers.antwerpen.be/viewer?var=sm_mo_hoofds_auto_sum_og,stadincijfers.antwerpen.be,URLError,unreachable,2026-09-29
https://stadincijfers.antwerpen.be/viewer?var=sm_mo_hoofds_autobest,stadincijfers.antwerpen.be,URLError,unreachable,2026-09-29
https://stadincijfers.antwerpen.be/viewer?var=sm_mo_hoofds_autobest_clt,stadincijfers.antwerpen.be,URLError,unreachable,2026-09-29
https://stadincijfers.antwerpen.be/viewer?var=sm_mo_hoofds_autobest_sum,stadincijfers.antwerpen.be,URLError,unreachable,2026-09-29
https://stadincijfers.antwerpen.be/viewer?var=sm_mo_hoofds_autopass,stadincijfers.antwerpen.be,URLError,unreachable,2026-09-29
https://stadincijfers.antwerpen.be/viewer?var=sm_mo_hoofds_autopass_clt,stadincijfers.antwerpen.be,URLError,unreachable,2026-09-29
https://stadincijfers.antwerpen.be/viewer?var=sm_mo_hoofds_autopass_sum,stadincijfers.antwerpen.be,URLError,unreachable,2026-09-29
https://stadincijfers.antwerpen.be/viewer?var=sm_mo_hoofds_fiets,stadincijfers.antwerpen.be,URLError,unreachable,2026-09-29
https://stadincijfers.antwerpen.be/viewer?var=sm_mo_hoofds_fiets_clt,stadincijfers.antwerpen.be,URLError,unreachable,2026-09-29
https://stadincijfers.antwerpen.be/viewer?var=sm_mo_hoofds_fiets_clt_og,stadincijfers.antwerpen.be,URLError,unreachable,2026-09-29
https://stadincijfers.antwerpen.be/viewer?var=sm_mo_hoofds_fiets_sum,stadincijfers.antwerpen.be,URLError,unreachable,2026-09-29
https://stadincijfers.antwerpen.be/viewer?var=sm_mo_hoofds_fiets_sum_og,stadincijfers.antwerpen.be,URLError,unreachable,2026-09-29
https://stadincijfers.antwerpen.be/viewer?var=sm_mo_hoofds_moto,stadincijfers.antwerpen.be,URLError,unreachable,2026-09-29
https://stadincijfers.antwerpen.be/viewer?var=sm_mo_hoofds_moto_clt,stadincijfers.antwerpen.be,URLError,unreachable,2026-09-29
https://stadincijfers.antwerpen.be/viewer?var=sm_mo_hoofds_moto_sum,stadincijfers.antwerpen.be,URLError,unreachable,2026-09-29
https://stadincijfers.antwerpen.be/viewer?var=sm_mo_hoofds_ov,stadincijfers.antwerpen.be,URLError,unreachable,2026-09-29
https://stadincijfers.antwerpen.be/viewer?var=sm_mo_hoofds_ov_clt,stadincijfers.antwerpen.be,URLError,unreachable,2026-09-29
https://stadincijfers.antwerpen.be/viewer?var=sm_mo_hoofds_ov_clt_og,stadincijfers.antwerpen.be,URLError,unreachable,2026-09-29
https://stadincijfers.antwerpen.be/viewer?var=sm_mo_hoofds_ov_sum,stadincijfers.antwerpen.be,URLError,unreachable,2026-09-29
https://stadincijfers.antwerpen.be/viewer?var=sm_mo_hoofds_ov_sum_og,stadincijfers.antwerpen.be,URLError,unreachable,2026-09-29
https://stadincijfers.antwerpen.be/viewer?var=sm_mo_hoofds_voet,stadincijfers.antwerpen.be,URLError,unreachable,2026-09-29
https://stadincijfers.antwerpen.be/viewer?var=sm_mo_hoofds_voet_clt,stadincijfers.antwerpen.be,URLError,unreachable,2026-09-29
https://stadincijfers.antwerpen.be/viewer?var=sm_mo_hoofds_voet_clt_og,stadincijfers.antwerpen.be,URLError,unreachable,2026-09-29
https://stadincijfers.antwerpen.be/viewer?var=sm_mo_hoofds_voet_sum,stadincijfers.antwerpen.be,URLError,unreachable,2026-09-29
https://stadincijfers.antwerpen.be/viewer?var=sm_mo_hoofds_voet_sum_og,stadincijfers.antwerpen.be,URLError,unreachable,2026-09-29
https://stadincijfers.antwerpen.be/viewer?var=sm_mo_hoofdw_ander,stadincijfers.antwerpen.be,URLError,unreachable,2026-09-29
https://stadincijfers.antwerpen.be/viewer?var=sm_mo_hoofdw_ander_clt,stadincijfers.antwerpen.be,URLError,unreachable,2026-09-29
https://stadincijfers.antwerpen.be/viewer?var=sm_mo_hoofdw_ander_clt_og,stadincijfers.antwerpen.be,URLError,unreachable,2026-09-29
https://stadincijfers.antwerpen.be/viewer?var=sm_mo_hoofdw_ander_sum,stadincijfers.antwerpen.be,URLError,unreachable,2026-09-29
https://stadincijfers.antwerpen.be/viewer?var=sm_mo_hoofdw_ander_sum_og,stadincijfers.antwerpen.be,URLError,unreachable,2026-09-29
https://stadincijfers.antwerpen.be/viewer?var=sm_mo_hoofdw_auto,stadincijfers.antwerpen.be,URLError,unreachable,2026-09-29
https://stadincijfers.antwerpen.be/viewer?var=sm_mo_hoofdw_auto_clt,stadincijfers.antwerpen.be,URLError,unreachable,2026-09-29
https://stadincijfers.antwerpen.be/viewer?var=sm_mo_hoofdw_auto_clt_og,stadincijfers.antwerpen.be,URLError,unreachable,2026-09-29
https://stadincijfers.antwerpen.be/viewer?var=sm_mo_hoofdw_auto_sum,stadincijfers.antwerpen.be,URLError,unreachable,2026-09-29
https://stadincijfers.antwerpen.be/viewer?var=sm_mo_hoofdw_auto_sum_og,stadincijfers.antwerpen.be,URLError,unreachable,2026-09-29
https://stadincijfers.antwerpen.be/viewer?var=sm_mo_hoofdw_autobest,stadincijfers.antwerpen.be,URLError,unreachable,2026-09-29
https://stadincijfers.antwerpen.be/viewer?var=sm_mo_hoofdw_autobest_clt,stadincijfers.antwerpen.be,URLError,unreachable,2026-09-29
https://stadincijfers.antwerpen.be/viewer?var=sm_mo_hoofdw_autobest_sum,stadincijfers.antwerpen.be,URLError,unreachable,2026-09-29
https://stadincijfers.antwerpen.be/viewer?var=sm_mo_hoofdw_autopass,stadincijfers.antwerpen.be,URLError,unreachable,2026-09-29
https://stadincijfers.antwerpen.be/viewer?var=sm_mo_hoofdw_autopass_clt,stadincijfers.antwerpen.be,URLError,unreachable,2026-09-29
https://stadincijfers.antwerpen.be/viewer?var=sm_mo_hoofdw_autopass_sum,stadincijfers.antwerpen.be,URLError,unreachable,2026-09-29
https://stadincijfers.antwerpen.be/viewer?var=sm_mo_hoofdw_fiets_clt,stadincijfers.antwerpen.be,URLError,unreachable,2026-09-29
https://stadincijfers.antwerpen.be/viewer?var=sm_mo_hoofdw_fiets_clt_og,stadincijfers.antwerpen.be,URLError,unreachable,2026-09-29
https://stadincijfers.antwerpen.be/viewer?var=sm_mo_hoofdw_fiets_sum,stadincijfers.antwerpen.be,URLError,unreachable,2026-09-29
https://stadincijfers.antwerpen.be/viewer?var=sm_mo_hoofdw_fiets_sum_og,stadincijfers.antwerpen.be,URLError,unreachable,2026-09-29
https://stadincijfers.antwerpen.be/viewer?var=sm_mo_hoofdw_moto,stadincijfers.antwerpen.be,URLError,unreachable,2026-09-29
https://stadincijfers.antwerpen.be/viewer?var=sm_mo_hoofdw_moto_clt,stadincijfers.antwerpen.be,URLError,unreachable,2026-09-29
https://stadincijfers.antwerpen.be/viewer?var=sm_mo_hoofdw_moto_sum,stadincijfers.antwerpen.be,URLError,unreachable,2026-09-29
https://stadincijfers.antwerpen.be/viewer?var=sm_mo_hoofdw_ov,stadincijfers.antwerpen.be,URLError,unreachable,2026-09-29
https://stadincijfers.antwerpen.be/viewer?var=sm_mo_hoofdw_ov_clt,stadincijfers.antwerpen.be,URLError,unreachable,2026-09-29
https://stadincijfers.antwerpen.be/viewer?var=sm_mo_hoofdw_ov_clt_og,stadincijfers.antwerpen.be,URLError,unreachable,2026-09-29
https://stadincijfers.antwerpen.be/viewer?var=sm_mo_hoofdw_ov_sum,stadincijfers.antwerpen.be,URLError,unreachable,2026-09-29
https://stadincijfers.antwerpen.be/viewer?var=sm_mo_hoofdw_ov_sum_og,stadincijfers.antwerpen.be,URLError,unreachable,2026-09-29
https://stadincijfers.antwerpen.be/viewer?var=sm_mo_hoofdw_voet,stadincijfers.antwerpen.be,URLError,unreachable,2026-09-29
https://stadincijfers.antwerpen.be/viewer?var=sm_mo_hoofdw_voet_clt,stadincijfers.antwerpen.be,URLError,unreachable,2026-09-29
https://stadincijfers.antwerpen.be/viewer?var=sm_mo_hoofdw_voet_clt_og,stadincijfers.antwerpen.be,URLError,unreachable,2026-09-29
https://stadincijfers.antwerpen.be/viewer?var=sm_mo_hoofdw_voet_sum,stadincijfers.antwerpen.be,URLError,unreachable,2026-09-29
https://stadincijfers.antwerpen.be/viewer?var=sm_mo_hoofdw_voet_sum_og,stadincijfers.antwerpen.be,URLError,unreachable,2026-09-29
https://stadincijfers.antwerpen.be/viewer?var=sm_mo_hoofdws_ander,stadincijfers.antwerpen.be,URLError,unreachable,2026-09-29
https://stadincijfers.antwerpen.be/viewer?var=sm_mo_hoofdws_ander_clt,stadincijfers.antwerpen.be,URLError,unreachable,2026-09-29
https://stadincijfers.antwerpen.be/viewer?var=sm_mo_hoofdws_ander_clt_og,stadincijfers.antwerpen.be,URLError,unreachable,2026-09-29
https://stadincijfers.antwerpen.be/viewer?var=sm_mo_hoofdws_ander_sum,stadincijfers.antwerpen.be,URLError,unreachable,2026-09-29
https://stadincijfers.antwerpen.be/viewer?var=sm_mo_hoofdws_ander_sum_og,stadincijfers.antwerpen.be,URLError,unreachable,2026-09-29
https://stadincijfers.antwerpen.be/viewer?var=sm_mo_hoofdws_auto,stadincijfers.antwerpen.be,URLError,unreachable,2026-09-29
https://stadincijfers.antwerpen.be/viewer?var=sm_mo_hoofdws_auto_clt,stadincijfers.antwerpen.be,URLError,unreachable,2026-09-29
https://stadincijfers.antwerpen.be/viewer?var=sm_mo_hoofdws_auto_clt_og,stadincijfers.antwerpen.be,URLError,unreachable,2026-09-29
https://stadincijfers.antwerpen.be/viewer?var=sm_mo_hoofdws_auto_sum,stadincijfers.antwerpen.be,URLError,unreachable,2026-09-29
https://stadincijfers.antwerpen.be/viewer?var=sm_mo_hoofdws_auto_sum_og,stadincijfers.antwerpen.be,URLError,unreachable,2026-09-29
https://stadincijfers.antwerpen.be/viewer?var=sm_mo_hoofdws_autobest,stadincijfers.antwerpen.be,URLError,unreachable,2026-09-29
https://stadincijfers.antwerpen.be/viewer?var=sm_mo_hoofdws_autobest_clt,stadincijfers.antwerpen.be,URLError,unreachable,2026-09-29
https://stadincijfers.antwerpen.be/viewer?var=sm_mo_hoofdws_autobest_sum,stadincijfers.antwerpen.be,URLError,unreachable,2026-09-29
https://stadincijfers.antwerpen.be/viewer?var=sm_mo_hoofdws_autopass,stadincijfers.antwerpen.be,URLError,unreachable,2026-09-29
https://stadincijfers.antwerpen.be/viewer?var=sm_mo_hoofdws_autopass_clt,stadincijfers.antwerpen.be,URLError,unreachable,2026-09-29
https://stadincijfers.antwerpen.be/viewer?var=sm_mo_hoofdws_autopass_sum,stadincijfers.antwerpen.be,URLError,unreachable,2026-09-29
https://stadincijfers.antwerpen.be/viewer?var=sm_mo_hoofdws_fiets,stadincijfers.antwerpen.be,URLError,unreachable,2026-09-29
https://stadincijfers.antwerpen.be/viewer?var=sm_mo_hoofdws_fiets_clt,stadincijfers.antwerpen.be,URLError,unreachable,2026-09-29
https://stadincijfers.antwerpen.be/viewer?var=sm_mo_hoofdws_fiets_clt_og,stadincijfers.antwerpen.be,URLError,unreachable,2026-09-29
https://stadincijfers.antwerpen.be/viewer?var=sm_mo_hoofdws_fiets_sum_og,stadincijfers.antwerpen.be,URLError,unreachable,2026-09-29
https://stadincijfers.antwerpen.be/viewer?var=sm_mo_hoofdws_moto,stadincijfers.antwerpen.be,URLError,unreachable,2026-09-29
https://stadincijfers.antwerpen.be/viewer?var=sm_mo_hoofdws_moto_clt,stadincijfers.antwerpen.be,URLError,unreachable,2026-09-29
https://stadincijfers.antwerpen.be/viewer?var=sm_mo_hoofdws_moto_sum,stadincijfers.antwerpen.be,URLError,unreachable,2026-09-29
https://stadincijfers.antwerpen.be/viewer?var=sm_mo_hoofdws_ov,stadincijfers.antwerpen.be,URLError,unreachable,2026-09-29
https://stadincijfers.antwerpen.be/viewer?var=sm_mo_hoofdws_ov_clt,stadincijfers.antwerpen.be,URLError,unreachable,2026-09-29
https://stadincijfers.antwerpen.be/viewer?var=sm_mo_hoofdws_ov_clt_og,stadincijfers.antwerpen.be,URLError,unreachable,2026-09-29
https://stadincijfers.antwerpen.be/viewer?var=sm_mo_hoofdws_ov_sum,stadincijfers.antwerpen.be,URLError,unreachable,2026-09-29
https://stadincijfers.antwerpen.be/viewer?var=sm_mo_hoofdws_ov_sum_og,stadincijfers.antwerpen.be,URLError,unreachable,2026-09-29
https://stadincijfers.antwerpen.be/viewer?var=sm_mo_hoofdws_voet,stadincijfers.antwerpen.be,URLError,unreachable,2026-09-29
https://stadincijfers.antwerpen.be/viewer?var=sm_mo_hoofdws_voet_clt,stadincijfers.antwerpen.be,URLError,unreachable,2026-09-29
https://stadincijfers.antwerpen.be/viewer?var=sm_mo_hoofdws_voet_clt_og,stadincijfers.antwerpen.be,URLError,unreachable,2026-09-29
https://stadincijfers.antwerpen.be/viewer?var=sm_mo_hoofdws_voet_sum,stadincijfers.antwerpen.be,URLError,unreachable,2026-09-29
https://stadincijfers.antwerpen.be/viewer?var=sm_mo_hoofdws_voet_sum_og,stadincijfers.antwerpen.be,URLError,unreachable,2026-09-29
https://stadincijfers.antwerpen.be/viewer?var=sm_mo_ov_vold,stadincijfers.antwerpen.be,URLError,unreachable,2026-09-29
https://stadincijfers.antwerpen.be/viewer?var=sm_mo_ov_vold_clt,stadincijfers.antwerpen.be,URLError,unreachable,2026-09-29
https://stadincijfers.antwerpen.be/viewer?var=sm_mo_ov_vold_clt_og,stadincijfers.antwerpen.be,URLError,unreachable,2026-09-29
https://stadincijfers.antwerpen.be/viewer?var=sm_mo_ov_vold_sum,stadincijfers.antwerpen.be,URLError,unreachable,2026-09-29
https://stadincijfers.antwerpen.be/viewer?var=sm_mo_ov_vold_sum_og,stadincijfers.antwerpen.be,URLError,unreachable,2026-09-29
https://stadincijfers.antwerpen.be/viewer?var=sm_mo_parkeer_vold,stadincijfers.antwerpen.be,URLError,unreachable,2026-09-29
https://stadincijfers.antwerpen.be/viewer?var=sm_mo_parkeer_vold_clt,stadincijfers.antwerpen.be,URLError,unreachable,2026-09-29
https://stadincijfers.antwerpen.be/viewer?var=sm_mo_parkeer_vold_clt_og,stadincijfers.antwerpen.be,URLError,unreachable,2026-09-29
https://stadincijfers.antwerpen.be/viewer?var=sm_mo_parkeer_vold_sum,stadincijfers.antwerpen.be,URLError,unreachable,2026-09-29
https://stadincijfers.antwerpen.be/viewer?var=sm_mo_parkeer_vold_sum_og,stadincijfers.antwerpen.be,URLError,unreachable,2026-09-29
https://stadincijfers.antwerpen.be/viewer?var=sm_mo_s_afstand,stadincijfers.antwerpen.be,URLError,unreachable,2026-09-29
https://stadincijfers.antwerpen.be/viewer?var=sm_mo_s_afstand_clt,stadincijfers.antwerpen.be,URLError,unreachable,2026-09-29
https://stadincijfers.antwerpen.be/viewer?var=sm_mo_s_afstand_clt_og,stadincijfers.antwerpen.be,URLError,unreachable,2026-09-29
https://stadincijfers.antwerpen.be/viewer?var=sm_mo_s_afstand_sum,stadincijfers.antwerpen.be,URLError,unreachable,2026-09-29
https://stadincijfers.antwerpen.be/viewer?var=sm_mo_s_afstand_sum_og,stadincijfers.antwerpen.be,URLError,unreachable,2026-09-29
https://stadincijfers.antwerpen.be/viewer?var=sm_mo_s_autobest,stadincijfers.antwerpen.be,URLError,unreachable,2026-09-29
https://stadincijfers.antwerpen.be/viewer?var=sm_mo_s_autobest_clt,stadincijfers.antwerpen.be,URLError,unreachable,2026-09-29
https://stadincijfers.antwerpen.be/viewer?var=sm_mo_s_autobest_clt_og,stadincijfers.antwerpen.be,URLError,unreachable,2026-09-29
https://stadincijfers.antwerpen.be/viewer?var=sm_mo_s_autobest_sum,stadincijfers.antwerpen.be,URLError,unreachable,2026-09-29
https://stadincijfers.antwerpen.be/viewer?var=sm_mo_s_autobest_sum_og,stadincijfers.antwerpen.be,URLError,unreachable,2026-09-29
https://stadincijfers.antwerpen.be/viewer?var=sm_mo_s_autopass,stadincijfers.antwerpen.be,URLError,unreachable,2026-09-29
https://stadincijfers.antwerpen.be/viewer?var=sm_mo_s_autopass_clt,stadincijfers.antwerpen.be,URLError,unreachable,2026-09-29
https://stadincijfers.antwerpen.be/viewer?var=sm_mo_s_autopass_clt_og,stadincijfers.antwerpen.be,URLError,unreachable,2026-09-29
https://stadincijfers.antwerpen.be/viewer?var=sm_mo_s_autopass_sum,stadincijfers.antwerpen.be,URLError,unreachable,2026-09-29
https://stadincijfers.antwerpen.be/viewer?var=sm_mo_s_autopass_sum_og,stadincijfers.antwerpen.be,URLError,unreachable,2026-09-29
https://stadincijfers.antwerpen.be/viewer?var=sm_mo_s_bus,stadincijfers.antwerpen.be,URLError,unreachable,2026-09-29
https://stadincijfers.antwerpen.be/viewer?var=sm_mo_s_bus_clt,stadincijfers.antwerpen.be,URLError,unreachable,2026-09-29
https://stadincijfers.antwerpen.be/viewer?var=sm_mo_s_bus_clt_og,stadincijfers.antwerpen.be,URLError,unreachable,2026-09-29
https://stadincijfers.antwerpen.be/viewer?var=sm_mo_s_bus_sum,stadincijfers.antwerpen.be,URLError,unreachable,2026-09-29
https://stadincijfers.antwerpen.be/viewer?var=sm_mo_s_bus_sum_og,stadincijfers.antwerpen.be,URLError,unreachable,2026-09-29
https://stadincijfers.antwerpen.be/viewer?var=sm_mo_s_fiets,stadincijfers.antwerpen.be,URLError,unreachable,2026-09-29
https://stadincijfers.antwerpen.be/viewer?var=sm_mo_s_fiets_clt,stadincijfers.antwerpen.be,URLError,unreachable,2026-09-29
https://stadincijfers.antwerpen.be/viewer?var=sm_mo_s_fiets_clt_og,stadincijfers.antwerpen.be,URLError,unreachable,2026-09-29
https://stadincijfers.antwerpen.be/viewer?var=sm_mo_s_fiets_sum,stadincijfers.antwerpen.be,URLError,unreachable,2026-09-29
https://stadincijfers.antwerpen.be/viewer?var=sm_mo_s_fiets_sum_og,stadincijfers.antwerpen.be,URLError,unreachable,2026-09-29
https://stadincijfers.antwerpen.be/viewer?var=sm_mo_s_gemotoris,stadincijfers.antwerpen.be,URLError,unreachable,2026-09-29
https://stadincijfers.antwerpen.be/viewer?var=sm_mo_s_gemotoris_clt,stadincijfers.antwerpen.be,URLError,unreachable,2026-09-29
https://stadincijfers.antwerpen.be/viewer?var=sm_mo_s_gemotoris_clt_og,stadincijfers.antwerpen.be,URLError,unreachable,2026-09-29
https://stadincijfers.antwerpen.be/viewer?var=sm_mo_s_gemotoris_sum,stadincijfers.antwerpen.be,URLError,unreachable,2026-09-29
https://stadincijfers.antwerpen.be/viewer?var=sm_mo_s_gemotoris_sum_og,stadincijfers.antwerpen.be,URLError,unreachable,2026-09-29
https://stadincijfers.antwerpen.be/viewer?var=sm_mo_s_moto,stadincijfers.antwerpen.be,URLError,unreachable,2026-09-29
https://stadincijfers.antwerpen.be/viewer?var=sm_mo_s_moto_clt,stadincijfers.antwerpen.be,URLError,unreachable,2026-09-29
https://stadincijfers.antwerpen.be/viewer?var=sm_mo_s_moto_sum,stadincijfers.antwerpen.be,URLError,unreachable,2026-09-29
https://stadincijfers.antwerpen.be/viewer?var=sm_mo_s_ov,stadincijfers.antwerpen.be,URLError,unreachable,2026-09-29
https://stadincijfers.antwerpen.be/viewer?var=sm_mo_s_ov_clt,stadincijfers.antwerpen.be,URLError,unreachable,2026-09-29
https://stadincijfers.antwerpen.be/viewer?var=sm_mo_s_ov_clt_og,stadincijfers.antwerpen.be,URLError,unreachable,2026-09-29
https://stadincijfers.antwerpen.be/viewer?var=sm_mo_s_ov_sum,stadincijfers.antwerpen.be,URLError,unreachable,2026-09-29
https://stadincijfers.antwerpen.be/viewer?var=sm_mo_s_ov_sum_og,stadincijfers.antwerpen.be,URLError,unreachable,2026-09-29
https://stadincijfers.antwerpen.be/viewer?var=sm_mo_s_tijdsduur,stadincijfers.antwerpen.be,URLError,unreachable,2026-09-29
https://stadincijfers.antwerpen.be/viewer?var=sm_mo_s_tijdsduur_clt,stadincijfers.antwerpen.be,URLError,unreachable,2026-09-29
https://stadincijfers.antwerpen.be/viewer?var=sm_mo_s_tijdsduur_clt_og,stadincijfers.antwerpen.be,URLError,unreachable,2026-09-29
https://stadincijfers.antwerpen.be/viewer?var=sm_mo_s_tijdsduur_sum,stadincijfers.antwerpen.be,URLError,unreachable,2026-09-29
https://stadincijfers.antwerpen.be/viewer?var=sm_mo_s_tijdsduur_sum_og,stadincijfers.antwerpen.be,URLError,unreachable,2026-09-29
https://stadincijfers.antwerpen.be/viewer?var=sm_mo_s_trein,stadincijfers.antwerpen.be,URLError,unreachable,2026-09-29
https://stadincijfers.antwerpen.be/viewer?var=sm_mo_s_trein_clt,stadincijfers.antwerpen.be,URLError,unreachable,2026-09-29
https://stadincijfers.antwerpen.be/viewer?var=sm_mo_s_trein_clt_og,stadincijfers.antwerpen.be,URLError,unreachable,2026-09-29
https://stadincijfers.antwerpen.be/viewer?var=sm_mo_s_trein_sum,stadincijfers.antwerpen.be,URLError,unreachable,2026-09-29
https://stadincijfers.antwerpen.be/viewer?var=sm_mo_s_trein_sum_og,stadincijfers.antwerpen.be,URLError,unreachable,2026-09-29
https://stadincijfers.antwerpen.be/viewer?var=sm_mo_s_voet,stadincijfers.antwerpen.be,URLError,unreachable,2026-09-29
https://stadincijfers.antwerpen.be/viewer?var=sm_mo_s_voet_clt,stadincijfers.antwerpen.be,URLError,unreachable,2026-09-29
https://stadincijfers.antwerpen.be/viewer?var=sm_mo_s_voet_clt_og,stadincijfers.antwerpen.be,URLError,unreachable,2026-09-29
https://stadincijfers.antwerpen.be/viewer?var=sm_mo_s_voet_sum,stadincijfers.antwerpen.be,URLError,unreachable,2026-09-29
https://stadincijfers.antwerpen.be/viewer?var=sm_mo_s_voet_sum_og,stadincijfers.antwerpen.be,URLError,unreachable,2026-09-29
https://stadincijfers.antwerpen.be/viewer?var=sm_mo_tevr_autoluw,stadincijfers.antwerpen.be,URLError,unreachable,2026-09-29
https://stadincijfers.antwerpen.be/viewer?var=sm_mo_tevr_autoluw_clt,stadincijfers.antwerpen.be,URLError,unreachable,2026-09-29
https://stadincijfers.antwerpen.be/viewer?var=sm_mo_tevr_autoluw_clt_og,stadincijfers.antwerpen.be,URLError,unreachable,2026-09-29
https://stadincijfers.antwerpen.be/viewer?var=sm_mo_tevr_autoluw_sum,stadincijfers.antwerpen.be,URLError,unreachable,2026-09-29
https://stadincijfers.antwerpen.be/viewer?var=sm_mo_tevr_autoluw_sum_og,stadincijfers.antwerpen.be,URLError,unreachable,2026-09-29
https://stadincijfers.antwerpen.be/viewer?var=sm_mo_tevr_deelsystemen,stadincijfers.antwerpen.be,URLError,unreachable,2026-09-29
https://stadincijfers.antwerpen.be/viewer?var=sm_mo_tevr_deelsystemen_clt,stadincijfers.antwerpen.be,URLError,unreachable,2026-09-29
https://stadincijfers.antwerpen.be/viewer?var=sm_mo_tevr_deelsystemen_clt_og,stadincijfers.antwerpen.be,URLError,unreachable,2026-09-29
https://stadincijfers.antwerpen.be/viewer?var=sm_mo_tevr_deelsystemen_sum,stadincijfers.antwerpen.be,URLError,unreachable,2026-09-29
https://stadincijfers.antwerpen.be/viewer?var=sm_mo_tevr_deelsystemen_sum_og,stadincijfers.antwerpen.be,URLError,unreachable,2026-09-29
https://stadincijfers.antwerpen.be/viewer?var=sm_mo_tevr_fietsinfra,stadincijfers.antwerpen.be,URLError,unreachable,2026-09-29
https://stadincijfers.antwerpen.be/viewer?var=sm_mo_tevr_fietsinfra_clt,stadincijfers.antwerpen.be,URLError,unreachable,2026-09-29
https://stadincijfers.antwerpen.be/viewer?var=sm_mo_tevr_fietsinfra_clt_og,stadincijfers.antwerpen.be,URLError,unreachable,2026-09-29
https://stadincijfers.antwerpen.be/viewer?var=sm_mo_tevr_fietsinfra_sum,stadincijfers.antwerpen.be,URLError,unreachable,2026-09-29
https://stadincijfers.antwerpen.be/viewer?var=sm_mo_tevr_fietsinfra_sum_og,stadincijfers.antwerpen.be,URLError,unreachable,2026-09-29
https://stadincijfers.antwerpen.be/viewer?var=sm_mo_tevr_laadpalen,stadincijfers.antwerpen.be,URLError,unreachable,2026-09-29
https://stadincijfers.antwerpen.be/viewer?var=sm_mo_tevr_laadpalen_clt,stadincijfers.antwerpen.be,URLError,unreachable,2026-09-29
https://stadincijfers.antwerpen.be/viewer?var=sm_mo_tevr_laadpalen_clt_og,stadincijfers.antwerpen.be,URLError,unreachable,2026-09-29
https://stadincijfers.antwerpen.be/viewer?var=sm_mo_tevr_laadpalen_sum,stadincijfers.antwerpen.be,URLError,unreachable,2026-09-29
https://stadincijfers.antwerpen.be/viewer?var=sm_mo_tevr_laadpalen_sum_og,stadincijfers.antwerpen.be,URLError,unreachable,2026-09-29
https://stadincijfers.antwerpen.be/viewer?var=sm_mo_tevr_ov,stadincijfers.antwerpen.be,URLError,unreachable,2026-09-29
https://stadincijfers.antwerpen.be/viewer?var=sm_mo_tevr_ov_clt,stadincijfers.antwerpen.be,URLError,unreachable,2026-09-29
https://stadincijfers.antwerpen.be/viewer?var=sm_mo_tevr_ov_clt_og,stadincijfers.antwerpen.be,URLError,unreachable,2026-09-29
https://stadincijfers.antwerpen.be/viewer?var=sm_mo_tevr_ov_sum,stadincijfers.antwerpen.be,URLError,unreachable,2026-09-29
https://stadincijfers.antwerpen.be/viewer?var=sm_mo_tevr_ov_sum_og,stadincijfers.antwerpen.be,URLError,unreachable,2026-09-29
https://stadincijfers.antwerpen.be/viewer?var=sm_mo_tevr_staatfietspad,stadincijfers.antwerpen.be,URLError,unreachable,2026-09-29
https://stadincijfers.antwerpen.be/viewer?var=sm_mo_tevr_staatfietspad_clt,stadincijfers.antwerpen.be,URLError,unreachable,2026-09-29
https://stadincijfers.antwerpen.be/viewer?var=sm_mo_tevr_staatfietspad_clt_og,stadincijfers.antwerpen.be,URLError,unreachable,2026-09-29
https://stadincijfers.antwerpen.be/viewer?var=sm_mo_tevr_staatfietspad_sum,stadincijfers.antwerpen.be,URLError,unreachable,2026-09-29
https://stadincijfers.antwerpen.be/viewer?var=sm_mo_tevr_staatfietspad_sum_og,stadincijfers.antwerpen.be,URLError,unreachable,2026-09-29
https://stadincijfers.antwerpen.be/viewer?var=sm_mo_tevr_staatvoetpad_clt,stadincijfers.antwerpen.be,URLError,unreachable,2026-09-29
https://stadincijfers.antwerpen.be/viewer?var=sm_mo_tevr_staatvoetpad_clt_og,stadincijfers.antwerpen.be,URLError,unreachable,2026-09-29
https://stadincijfers.antwerpen.be/viewer?var=sm_mo_tevr_staatwegplein_clt,stadincijfers.antwerpen.be,URLError,unreachable,2026-09-29
https://stadincijfers.antwerpen.be/viewer?var=sm_mo_tevr_staatwegplein_clt_og,stadincijfers.antwerpen.be,URLError,unreachable,2026-09-29
https://stadincijfers.antwerpen.be/viewer?var=sm_mo_tevred_fietsvoet,stadincijfers.antwerpen.be,URLError,unreachable,2026-09-29
https://stadincijfers.antwerpen.be/viewer?var=sm_mo_tevred_fietsvoet_clt,stadincijfers.antwerpen.be,URLError,unreachable,2026-09-29
https://stadincijfers.antwerpen.be/viewer?var=sm_mo_tevred_fietsvoet_sum,stadincijfers.antwerpen.be,URLError,unreachable,2026-09-29
https://stadincijfers.antwerpen.be/viewer?var=sm_mo_tevred_wegen,stadincijfers.antwerpen.be,URLError,unreachable,2026-09-29
https://stadincijfers.antwerpen.be/viewer?var=sm_mo_tevred_wegen_clt,stadincijfers.antwerpen.be,URLError,unreachable,2026-09-29
https://stadincijfers.antwerpen.be/viewer?var=sm_mo_tevred_wegen_sum,stadincijfers.antwerpen.be,URLError,unreachable,2026-09-29
https://stadincijfers.antwerpen.be/viewer?var=sm_mo_vervclust_vt_autofiets,stadincijfers.antwerpen.be,URLError,unreachable,2026-09-29
https://stadincijfers.antwerpen.be/viewer?var=sm_mo_vervclust_vt_autofiets_sum,stadincijfers.antwerpen.be,URLError,unreachable,2026-09-29
https://stadincijfers.antwerpen.be/viewer?var=sm_mo_vervclust_vt_autofietsov,stadincijfers.antwerpen.be,URLError,unreachable,2026-09-29
https://stadincijfers.antwerpen.be/viewer?var=sm_mo_vervclust_vt_autofietsov_sum,stadincijfers.antwerpen.be,URLError,unreachable,2026-09-29
https://stadincijfers.antwerpen.be/viewer?var=sm_mo_vervclust_vt_autoov,stadincijfers.antwerpen.be,URLError,unreachable,2026-09-29
https://stadincijfers.antwerpen.be/viewer?var=sm_mo_vervclust_vt_autoov_sum,stadincijfers.antwerpen.be,URLError,unreachable,2026-09-29
https://stadincijfers.antwerpen.be/viewer?var=sm_mo_vervclust_vt_exauto,stadincijfers.antwerpen.be,URLError,unreachable,2026-09-29
https://stadincijfers.antwerpen.be/viewer?var=sm_mo_vervclust_vt_exauto_clt,stadincijfers.antwerpen.be,URLError,unreachable,2026-09-29
https://stadincijfers.antwerpen.be/viewer?var=sm_mo_vervclust_vt_exauto_sum,stadincijfers.antwerpen.be,URLError,unreachable,2026-09-29
https://stadincijfers.antwerpen.be/viewer?var=sm_mo_vervclust_vt_exfiets,stadincijfers.antwerpen.be,URLError,unreachable,2026-09-29
https://stadincijfers.antwerpen.be/viewer?var=sm_mo_vervclust_vt_exfiets_sum,stadincijfers.antwerpen.be,URLError,unreachable,2026-09-29
https://stadincijfers.antwerpen.be/viewer?var=sm_mo_vervclust_vt_exov,stadincijfers.antwerpen.be,URLError,unreachable,2026-09-29
https://stadincijfers.antwerpen.be/viewer?var=sm_mo_vervclust_vt_exov_sum,stadincijfers.antwerpen.be,URLError,unreachable,2026-09-29
https://stadincijfers.antwerpen.be/viewer?var=sm_mo_vervclust_vt_exvoet,stadincijfers.antwerpen.be,URLError,unreachable,2026-09-29
https://stadincijfers.antwerpen.be/viewer?var=sm_mo_vervclust_vt_exvoet_sum,stadincijfers.antwerpen.be,URLError,unreachable,2026-09-29
https://stadincijfers.antwerpen.be/viewer?var=sm_mo_vervclust_vt_fietsov,stadincijfers.antwerpen.be,URLError,unreachable,2026-09-29
https://stadincijfers.antwerpen.be/viewer?var=sm_mo_vervclust_vt_fietsov_sum,stadincijfers.antwerpen.be,URLError,unreachable,2026-09-29
https://stadincijfers.antwerpen.be/viewer?var=sm_mo_vervclust_vt_noch,stadincijfers.antwerpen.be,URLError,unreachable,2026-09-29
https://stadincijfers.antwerpen.be/viewer?var=sm_mo_vervclust_vt_noch_sum,stadincijfers.antwerpen.be,URLError,unreachable,2026-09-29
https://stadincijfers.antwerpen.be/viewer?var=sm_mo_vervclusts_autofiets,stadincijfers.antwerpen.be,URLError,unreachable,2026-09-29
https://stadincijfers.antwerpen.be/viewer?var=sm_mo_vervclusts_autofietsov,stadincijfers.antwerpen.be,URLError,unreachable,2026-09-29
https://stadincijfers.antwerpen.be/viewer?var=sm_mo_vervclusts_autofietsov_sum,stadincijfers.antwerpen.be,URLError,unreachable,2026-09-29
https://stadincijfers.antwerpen.be/viewer?var=sm_mo_vervclusts_autoov,stadincijfers.antwerpen.be,URLError,unreachable,2026-09-29
https://stadincijfers.antwerpen.be/viewer?var=sm_mo_vervclusts_autoov_sum,stadincijfers.antwerpen.be,URLError,unreachable,2026-09-29
https://stadincijfers.antwerpen.be/viewer?var=sm_mo_vervclusts_exauto,stadincijfers.antwerpen.be,URLError,unreachable,2026-09-29
https://stadincijfers.antwerpen.be/viewer?var=sm_mo_vervclusts_exauto_clt,stadincijfers.antwerpen.be,URLError,unreachable,2026-09-29
https://stadincijfers.antwerpen.be/viewer?var=sm_mo_vervclusts_exauto_sum,stadincijfers.antwerpen.be,URLError,unreachable,2026-09-29
https://stadincijfers.antwerpen.be/viewer?var=sm_mo_vervclusts_exfiets,stadincijfers.antwerpen.be,URLError,unreachable,2026-09-29
https://stadincijfers.antwerpen.be/viewer?var=sm_mo_vervclusts_exfiets_sum,stadincijfers.antwerpen.be,URLError,unreachable,2026-09-29
https://stadincijfers.antwerpen.be/viewer?var=sm_mo_vervclusts_exov,stadincijfers.antwerpen.be,URLError,unreachable,2026-09-29
https://stadincijfers.antwerpen.be/viewer?var=sm_mo_vervclusts_exov_sum,stadincijfers.antwerpen.be,URLError,unreachable,2026-09-29
https://stadincijfers.antwerpen.be/viewer?var=sm_mo_vervclusts_exvoet,stadincijfers.antwerpen.be,URLError,unreachable,2026-09-29
https://stadincijfers.antwerpen.be/viewer?var=sm_mo_vervclusts_exvoet_sum,stadincijfers.antwerpen.be,URLError,unreachable,2026-09-29
https://stadincijfers.antwerpen.be/viewer?var=sm_mo_vervclusts_fietsov,stadincijfers.antwerpen.be,URLError,unreachable,2026-09-29
https://stadincijfers.antwerpen.be/viewer?var=sm_mo_vervclusts_fietsov_sum,stadincijfers.antwerpen.be,URLError,unreachable,2026-09-29
https://stadincijfers.antwerpen.be/viewer?var=sm_mo_vervclusts_noch,stadincijfers.antwerpen.be,URLError,unreachable,2026-09-29
https://stadincijfers.antwerpen.be/viewer?var=sm_mo_vervclusts_noch_sum,stadincijfers.antwerpen.be,URLError,unreachable,2026-09-29
https://stadincijfers.antwerpen.be/viewer?var=sm_mo_vervclustw_autofiets,stadincijfers.antwerpen.be,URLError,unreachable,2026-09-29
https://stadincijfers.antwerpen.be/viewer?var=sm_mo_vervclustw_autofiets_sum,stadincijfers.antwerpen.be,URLError,unreachable,2026-09-29
https://stadincijfers.antwerpen.be/viewer?var=sm_mo_vervclustw_autofietsov,stadincijfers.antwerpen.be,URLError,unreachable,2026-09-29
https://stadincijfers.antwerpen.be/viewer?var=sm_mo_vervclustw_autofietsov_sum,stadincijfers.antwerpen.be,URLError,unreachable,2026-09-29
https://stadincijfers.antwerpen.be/viewer?var=sm_mo_vervclustw_autoov,stadincijfers.antwerpen.be,URLError,unreachable,2026-09-29
https://stadincijfers.antwerpen.be/viewer?var=sm_mo_vervclustw_autoov_sum,stadincijfers.antwerpen.be,URLError,unreachable,2026-09-29
https://stadincijfers.antwerpen.be/viewer?var=sm_mo_vervclustw_exauto,stadincijfers.antwerpen.be,URLError,unreachable,2026-09-29
https://stadincijfers.antwerpen.be/viewer?var=sm_mo_vervclustw_exauto_clt,stadincijfers.antwerpen.be,URLError,unreachable,2026-09-29
https://stadincijfers.antwerpen.be/viewer?var=sm_mo_vervclustw_exauto_sum,stadincijfers.antwerpen.be,URLError,unreachable,2026-09-29
https://stadincijfers.antwerpen.be/viewer?var=sm_mo_vervclustw_exfiets,stadincijfers.antwerpen.be,URLError,unreachable,2026-09-29
https://stadincijfers.antwerpen.be/viewer?var=sm_mo_vervclustw_exfiets_sum,stadincijfers.antwerpen.be,URLError,unreachable,2026-09-29
https://stadincijfers.antwerpen.be/viewer?var=sm_mo_vervclustw_exov,stadincijfers.antwerpen.be,URLError,unreachable,2026-09-29
https://stadincijfers.antwerpen.be/viewer?var=sm_mo_vervclustw_exov_sum,stadincijfers.antwerpen.be,URLError,unreachable,2026-09-29
https://stadincijfers.antwerpen.be/viewer?var=sm_mo_vervclustw_exvoet,stadincijfers.antwerpen.be,URLError,unreachable,2026-09-29
https://stadincijfers.antwerpen.be/viewer?var=sm_mo_vervclustw_exvoet_sum,stadincijfers.antwerpen.be,URLError,unreachable,2026-09-29
https://stadincijfers.antwerpen.be/viewer?var=sm_mo_vervclustw_fietsov,stadincijfers.antwerpen.be,URLError,unreachable,2026-09-29
https://stadincijfers.antwerpen.be/viewer?var=sm_mo_vervclustw_fietsov_sum,stadincijfers.antwerpen.be,URLError,unreachable,2026-09-29
https://stadincijfers.antwerpen.be/viewer?var=sm_mo_vervclustw_noch,stadincijfers.antwerpen.be,URLError,unreachable,2026-09-29
https://stadincijfers.antwerpen.be/viewer?var=sm_mo_vervclustw_noch_sum,stadincijfers.antwerpen.be,URLError,unreachable,2026-09-29
https://stadincijfers.antwerpen.be/viewer?var=sm_mo_vervoerbezit_aboov,stadincijfers.antwerpen.be,URLError,unreachable,2026-09-29
https://stadincijfers.antwerpen.be/viewer?var=sm_mo_vervoerbezit_aboov_clt,stadincijfers.antwerpen.be,URLError,unreachable,2026-09-29
https://stadincijfers.antwerpen.be/viewer?var=sm_mo_vervoerbezit_aboov_clt_og,stadincijfers.antwerpen.be,URLError,unreachable,2026-09-29
https://stadincijfers.antwerpen.be/viewer?var=sm_mo_vervoerbezit_aboov_sum,stadincijfers.antwerpen.be,URLError,unreachable,2026-09-29
https://stadincijfers.antwerpen.be/viewer?var=sm_mo_vervoerbezit_aboov_sum_og,stadincijfers.antwerpen.be,URLError,unreachable,2026-09-29
https://stadincijfers.antwerpen.be/viewer?var=sm_mo_vervoerbezit_auto,stadincijfers.antwerpen.be,URLError,unreachable,2026-09-29
https://stadincijfers.antwerpen.be/viewer?var=sm_mo_vervoerbezit_auto_clt,stadincijfers.antwerpen.be,URLError,unreachable,2026-09-29
https://stadincijfers.antwerpen.be/viewer?var=sm_mo_vervoerbezit_auto_clt_og,stadincijfers.antwerpen.be,URLError,unreachable,2026-09-29
https://stadincijfers.antwerpen.be/viewer?var=sm_mo_vervoerbezit_auto_sum,stadincijfers.antwerpen.be,URLError,unreachable,2026-09-29
https://stadincijfers.antwerpen.be/viewer?var=sm_mo_vervoerbezit_auto_sum_og,stadincijfers.antwerpen.be,URLError,unreachable,2026-09-29
https://stadincijfers.antwerpen.be/viewer?var=sm_mo_vervoerbezit_bakfiets,stadincijfers.antwerpen.be,URLError,unreachable,2026-09-29
https://stadincijfers.antwerpen.be/viewer?var=sm_mo_vervoerbezit_bakfiets_clt,stadincijfers.antwerpen.be,URLError,unreachable,2026-09-29
https://stadincijfers.antwerpen.be/viewer?var=sm_mo_vervoerbezit_bakfiets_clt_og,stadincijfers.antwerpen.be,URLError,unreachable,2026-09-29
https://stadincijfers.antwerpen.be/viewer?var=sm_mo_vervoerbezit_bakfiets_sum,stadincijfers.antwerpen.be,URLError,unreachable,2026-09-29
https://stadincijfers.antwerpen.be/viewer?var=sm_mo_vervoerbezit_bakfiets_sum_og,stadincijfers.antwerpen.be,URLError,unreachable,2026-09-29
https://stadincijfers.antwerpen.be/viewer?var=sm_mo_vervoerbezit_deel,stadincijfers.antwerpen.be,URLError,unreachable,2026-09-29
https://stadincijfers.antwerpen.be/viewer?var=sm_mo_vervoerbezit_deel_clt,stadincijfers.antwerpen.be,URLError,unreachable,2026-09-29
https://stadincijfers.antwerpen.be/viewer?var=sm_mo_vervoerbezit_deel_clt_og,stadincijfers.antwerpen.be,URLError,unreachable,2026-09-29
https://stadincijfers.antwerpen.be/viewer?var=sm_mo_vervoerbezit_deel_sum,stadincijfers.antwerpen.be,URLError,unreachable,2026-09-29
https://stadincijfers.antwerpen.be/viewer?var=sm_mo_vervoerbezit_deel_sum_og,stadincijfers.antwerpen.be,URLError,unreachable,2026-09-29
https://stadincijfers.antwerpen.be/viewer?var=sm_mo_vervoerbezit_deelfiets,stadincijfers.antwerpen.be,URLError,unreachable,2026-09-29
https://stadincijfers.antwerpen.be/viewer?var=sm_mo_vervoerbezit_deelfiets_clt,stadincijfers.antwerpen.be,URLError,unreachable,2026-09-29
https://stadincijfers.antwerpen.be/viewer?var=sm_mo_vervoerbezit_deelfiets_clt_og,stadincijfers.antwerpen.be,URLError,unreachable,2026-09-29
https://stadincijfers.antwerpen.be/viewer?var=sm_mo_vervoerbezit_deelfiets_sum,stadincijfers.antwerpen.be,URLError,unreachable,2026-09-29
https://stadincijfers.antwerpen.be/viewer?var=sm_mo_vervoerbezit_deelfiets_sum_og,stadincijfers.antwerpen.be,URLError,unreachable,2026-09-29
https://stadincijfers.antwerpen.be/viewer?var=sm_mo_vervoerbezit_elekfiets,stadincijfers.antwerpen.be,URLError,unreachable,2026-09-29
https://stadincijfers.antwerpen.be/viewer?var=sm_mo_vervoerbezit_elekfiets_clt,stadincijfers.antwerpen.be,URLError,unreachable,2026-09-29
https://stadincijfers.antwerpen.be/viewer?var=sm_mo_vervoerbezit_elekfiets_clt_og,stadincijfers.antwerpen.be,URLError,unreachable,2026-09-29
https://stadincijfers.antwerpen.be/viewer?var=sm_mo_vervoerbezit_elekfiets_step,stadincijfers.antwerpen.be,URLError,unreachable,2026-09-29
https://stadincijfers.antwerpen.be/viewer?var=sm_mo_vervoerbezit_elekfiets_step_clt,stadincijfers.antwerpen.be,URLError,unreachable,2026-09-29
https://stadincijfers.antwerpen.be/viewer?var=sm_mo_vervoerbezit_elekfiets_step_clt_og,stadincijfers.antwerpen.be,URLError,unreachable,2026-09-29
https://stadincijfers.antwerpen.be/viewer?var=sm_mo_vervoerbezit_elekfiets_step_sum,stadincijfers.antwerpen.be,URLError,unreachable,2026-09-29
https://stadincijfers.antwerpen.be/viewer?var=sm_mo_vervoerbezit_elekfiets_step_sum_og,stadincijfers.antwerpen.be,URLError,unreachable,2026-09-29
https://stadincijfers.antwerpen.be/viewer?var=sm_mo_vervoerbezit_elekfiets_sum,stadincijfers.antwerpen.be,URLError,unreachable,2026-09-29
https://stadincijfers.antwerpen.be/viewer?var=sm_mo_vervoerbezit_elekfiets_sum_og,stadincijfers.antwerpen.be,URLError,unreachable,2026-09-29
https://stadincijfers.antwerpen.be/viewer?var=sm_mo_vervoerbezit_elekstep,stadincijfers.antwerpen.be,URLError,unreachable,2026-09-29
https://stadincijfers.antwerpen.be/viewer?var=sm_mo_vervoerbezit_elekstep_clt,stadincijfers.antwerpen.be,URLError,unreachable,2026-09-29
https://stadincijfers.antwerpen.be/viewer?var=sm_mo_vervoerbezit_elekstep_clt_og,stadincijfers.antwerpen.be,URLError,unreachable,2026-09-29
https://stadincijfers.antwerpen.be/viewer?var=sm_mo_vervoerbezit_elekstep_sum,stadincijfers.antwerpen.be,URLError,unreachable,2026-09-29
https://stadincijfers.antwerpen.be/viewer?var=sm_mo_vervoerbezit_elekstep_sum_og,stadincijfers.antwerpen.be,URLError,unreachable,2026-09-29
https://stadincijfers.antwerpen.be/viewer?var=sm_mo_vervoerbezit_fiets,stadincijfers.antwerpen.be,URLError,unreachable,2026-09-29
https://stadincijfers.antwerpen.be/viewer?var=sm_mo_vervoerbezit_fiets_clt,stadincijfers.antwerpen.be,URLError,unreachable,2026-09-29
https://stadincijfers.antwerpen.be/viewer?var=sm_mo_vervoerbezit_fiets_clt_og,stadincijfers.antwerpen.be,URLError,unreachable,2026-09-29
https://stadincijfers.antwerpen.be/viewer?var=sm_mo_vervoerbezit_fiets_sum,stadincijfers.antwerpen.be,URLError,unreachable,2026-09-29
https://stadincijfers.antwerpen.be/viewer?var=sm_mo_vervoerbezit_fiets_sum_og,stadincijfers.antwerpen.be,URLError,unreachable,2026-09-29
https://stadincijfers.antwerpen.be/viewer?var=sm_mo_vervoerbezit_moto,stadincijfers.antwerpen.be,URLError,unreachable,2026-09-29
https://stadincijfers.antwerpen.be/viewer?var=sm_mo_vervoerbezit_moto_clt,stadincijfers.antwerpen.be,URLError,unreachable,2026-09-29
https://stadincijfers.antwerpen.be/viewer?var=sm_mo_vervoerbezit_moto_clt_og,stadincijfers.antwerpen.be,URLError,unreachable,2026-09-29
https://stadincijfers.antwerpen.be/viewer?var=sm_mo_vervoerbezit_moto_sum,stadincijfers.antwerpen.be,URLError,unreachable,2026-09-29
https://stadincijfers.antwerpen.be/viewer?var=sm_mo_vervoerbezit_moto_sum_og,stadincijfers.antwerpen.be,URLError,unreachable,2026-09-29
https://stadincijfers.antwerpen.be/viewer?var=sm_mo_vervoerbezit_speedped,stadincijfers.antwerpen.be,URLError,unreachable,2026-09-29
https://stadincijfers.antwerpen.be/viewer?var=sm_mo_vervoerbezit_speedped_clt,stadincijfers.antwerpen.be,URLError,unreachable,2026-09-29
https://stadincijfers.antwerpen.be/viewer?var=sm_mo_vervoerbezit_speedped_clt_og,stadincijfers.antwerpen.be,URLError,unreachable,2026-09-29
https://stadincijfers.antwerpen.be/viewer?var=sm_mo_vervoerbezit_speedped_sum,stadincijfers.antwerpen.be,URLError,unreachable,2026-09-29
https://stadincijfers.antwerpen.be/viewer?var=sm_mo_vervoerbezit_speedped_sum_og,stadincijfers.antwerpen.be,URLError,unreachable,2026-09-29
https://stadincijfers.antwerpen.be/viewer?var=sm_mo_vervoerbezit_step,stadincijfers.antwerpen.be,URLError,unreachable,2026-09-29
https://stadincijfers.antwerpen.be/viewer?var=sm_mo_vervoerbezit_step_clt,stadincijfers.antwerpen.be,URLError,unreachable,2026-09-29
https://stadincijfers.antwerpen.be/viewer?var=sm_mo_vervoerbezit_step_clt_og,stadincijfers.antwerpen.be,URLError,unreachable,2026-09-29
https://stadincijfers.antwerpen.be/viewer?var=sm_mo_vervoerbezit_step_sum,stadincijfers.antwerpen.be,URLError,unreachable,2026-09-29
https://stadincijfers.antwerpen.be/viewer?var=sm_mo_vervoerbezit_step_sum_og,stadincijfers.antwerpen.be,URLError,unreachable,2026-09-29
https://stadincijfers.antwerpen.be/viewer?var=sm_mo_vold_autoluw,stadincijfers.antwerpen.be,URLError,unreachable,2026-09-29
https://stadincijfers.antwerpen.be/viewer?var=sm_mo_vold_autoluw_clt,stadincijfers.antwerpen.be,URLError,unreachable,2026-09-29
https://stadincijfers.antwerpen.be/viewer?var=sm_mo_vold_autoluw_clt_og,stadincijfers.antwerpen.be,URLError,unreachable,2026-09-29
https://stadincijfers.antwerpen.be/viewer?var=sm_mo_vold_autoluw_sum,stadincijfers.antwerpen.be,URLError,unreachable,2026-09-29
https://stadincijfers.antwerpen.be/viewer?var=sm_mo_vold_autoluw_sum_og,stadincijfers.antwerpen.be,URLError,unreachable,2026-09-29
https://stadincijfers.antwerpen.be/viewer?var=sm_mo_vold_deelsyst_sum,stadincijfers.antwerpen.be,URLError,unreachable,2026-09-29
https://stadincijfers.antwerpen.be/viewer?var=sm_mo_vold_deelsyst_sum_og,stadincijfers.antwerpen.be,URLError,unreachable,2026-09-29
https://stadincijfers.antwerpen.be/viewer?var=sm_mo_voortrans_autobest,stadincijfers.antwerpen.be,URLError,unreachable,2026-09-29
https://stadincijfers.antwerpen.be/viewer?var=sm_mo_voortrans_autobest_clt,stadincijfers.antwerpen.be,URLError,unreachable,2026-09-29
https://stadincijfers.antwerpen.be/viewer?var=sm_mo_voortrans_autobest_clt_og,stadincijfers.antwerpen.be,URLError,unreachable,2026-09-29
https://stadincijfers.antwerpen.be/viewer?var=sm_mo_voortrans_autobest_sum,stadincijfers.antwerpen.be,URLError,unreachable,2026-09-29
https://stadincijfers.antwerpen.be/viewer?var=sm_mo_voortrans_autobest_sum_og,stadincijfers.antwerpen.be,URLError,unreachable,2026-09-29
https://stadincijfers.antwerpen.be/viewer?var=sm_mo_voortrans_autopass,stadincijfers.antwerpen.be,URLError,unreachable,2026-09-29
https://stadincijfers.antwerpen.be/viewer?var=sm_mo_voortrans_autopass_clt,stadincijfers.antwerpen.be,URLError,unreachable,2026-09-29
https://stadincijfers.antwerpen.be/viewer?var=sm_mo_voortrans_autopass_clt_og,stadincijfers.antwerpen.be,URLError,unreachable,2026-09-29
https://stadincijfers.antwerpen.be/viewer?var=sm_mo_voortrans_autopass_sum,stadincijfers.antwerpen.be,URLError,unreachable,2026-09-29
https://stadincijfers.antwerpen.be/viewer?var=sm_mo_voortrans_autopass_sum_og,stadincijfers.antwerpen.be,URLError,unreachable,2026-09-29
https://stadincijfers.antwerpen.be/viewer?var=sm_mo_voortrans_bus,stadincijfers.antwerpen.be,URLError,unreachable,2026-09-29
https://stadincijfers.antwerpen.be/viewer?var=sm_mo_voortrans_bus_clt,stadincijfers.antwerpen.be,URLError,unreachable,2026-09-29
https://stadincijfers.antwerpen.be/viewer?var=sm_mo_voortrans_bus_clt_og,stadincijfers.antwerpen.be,URLError,unreachable,2026-09-29
https://stadincijfers.antwerpen.be/viewer?var=sm_mo_voortrans_bus_sum,stadincijfers.antwerpen.be,URLError,unreachable,2026-09-29
https://stadincijfers.antwerpen.be/viewer?var=sm_mo_voortrans_bus_sum_og,stadincijfers.antwerpen.be,URLError,unreachable,2026-09-29
https://stadincijfers.antwerpen.be/viewer?var=sm_mo_voortrans_elektrfiets,stadincijfers.antwerpen.be,URLError,unreachable,2026-09-29
https://stadincijfers.antwerpen.be/viewer?var=sm_mo_voortrans_elektrfiets_clt,stadincijfers.antwerpen.be,URLError,unreachable,2026-09-29
https://stadincijfers.antwerpen.be/viewer?var=sm_mo_voortrans_elektrfiets_clt_og,stadincijfers.antwerpen.be,URLError,unreachable,2026-09-29
https://stadincijfers.antwerpen.be/viewer?var=sm_mo_voortrans_elektrfiets_sum,stadincijfers.antwerpen.be,URLError,unreachable,2026-09-29
https://stadincijfers.antwerpen.be/viewer?var=sm_mo_voortrans_elektrfiets_sum_og,stadincijfers.antwerpen.be,URLError,unreachable,2026-09-29
https://stadincijfers.antwerpen.be/viewer?var=sm_mo_voortrans_gemotoris,stadincijfers.antwerpen.be,URLError,unreachable,2026-09-29
https://stadincijfers.antwerpen.be/viewer?var=sm_mo_voortrans_gemotoris_clt,stadincijfers.antwerpen.be,URLError,unreachable,2026-09-29
https://stadincijfers.antwerpen.be/viewer?var=sm_mo_voortrans_gemotoris_clt_og,stadincijfers.antwerpen.be,URLError,unreachable,2026-09-29
https://stadincijfers.antwerpen.be/viewer?var=sm_mo_voortrans_gemotoris_sum,stadincijfers.antwerpen.be,URLError,unreachable,2026-09-29
https://stadincijfers.antwerpen.be/viewer?var=sm_mo_voortrans_gemotoris_sum_og,stadincijfers.antwerpen.be,URLError,unreachable,2026-09-29
https://stadincijfers.antwerpen.be/viewer?var=sm_mo_voortrans_speedped,stadincijfers.antwerpen.be,URLError,unreachable,2026-09-29
https://stadincijfers.antwerpen.be/viewer?var=sm_mo_voortrans_speedped_clt,stadincijfers.antwerpen.be,URLError,unreachable,2026-09-29
https://stadincijfers.antwerpen.be/viewer?var=sm_mo_voortrans_speedped_clt_og,stadincijfers.antwerpen.be,URLError,unreachable,2026-09-29
https://stadincijfers.antwerpen.be/viewer?var=sm_mo_voortrans_speedped_sum,stadincijfers.antwerpen.be,URLError,unreachable,2026-09-29
https://stadincijfers.antwerpen.be/viewer?var=sm_mo_voortrans_speedped_sum_og,stadincijfers.antwerpen.be,URLError,unreachable,2026-09-29
https://stadincijfers.antwerpen.be/viewer?var=sm_mo_voortrans_trein,stadincijfers.antwerpen.be,URLError,unreachable,2026-09-29
https://stadincijfers.antwerpen.be/viewer?var=sm_mo_voortrans_trein_clt,stadincijfers.antwerpen.be,URLError,unreachable,2026-09-29
https://stadincijfers.antwerpen.be/viewer?var=sm_mo_voortrans_trein_clt_og,stadincijfers.antwerpen.be,URLError,unreachable,2026-09-29
https://stadincijfers.antwerpen.be/viewer?var=sm_mo_voortrans_trein_sum,stadincijfers.antwerpen.be,URLError,unreachable,2026-09-29
https://stadincijfers.antwerpen.be/viewer?var=sm_mo_voortrans_trein_sum_og,stadincijfers.antwerpen.be,URLError,unreachable,2026-09-29
https://stadincijfers.antwerpen.be/viewer?var=sm_mo_voortrans_voet,stadincijfers.antwerpen.be,URLError,unreachable,2026-09-29
https://stadincijfers.antwerpen.be/viewer?var=sm_mo_voortrans_voet_clt,stadincijfers.antwerpen.be,URLError,unreachable,2026-09-29
https://stadincijfers.antwerpen.be/viewer?var=sm_mo_voortrans_voet_clt_og,stadincijfers.antwerpen.be,URLError,unreachable,2026-09-29
https://stadincijfers.antwerpen.be/viewer?var=sm_mo_voortrans_voet_sum,stadincijfers.antwerpen.be,URLError,unreachable,2026-09-29
https://stadincijfers.antwerpen.be/viewer?var=sm_mo_voortrans_voet_sum_og,stadincijfers.antwerpen.be,URLError,unreachable,2026-09-29
https://stadincijfers.antwerpen.be/viewer?var=sm_mo_vt_autobest,stadincijfers.antwerpen.be,URLError,unreachable,2026-09-29
https://stadincijfers.antwerpen.be/viewer?var=sm_mo_vt_autobest_clt,stadincijfers.antwerpen.be,URLError,unreachable,2026-09-29
https://stadincijfers.antwerpen.be/viewer?var=sm_mo_vt_autobest_clt_og,stadincijfers.antwerpen.be,URLError,unreachable,2026-09-29
https://stadincijfers.antwerpen.be/viewer?var=sm_mo_vt_autobest_sum,stadincijfers.antwerpen.be,URLError,unreachable,2026-09-29
https://stadincijfers.antwerpen.be/viewer?var=sm_mo_vt_autobest_sum_og,stadincijfers.antwerpen.be,URLError,unreachable,2026-09-29
https://stadincijfers.antwerpen.be/viewer?var=sm_mo_vt_autopass,stadincijfers.antwerpen.be,URLError,unreachable,2026-09-29
https://stadincijfers.antwerpen.be/viewer?var=sm_mo_vt_autopass_clt,stadincijfers.antwerpen.be,URLError,unreachable,2026-09-29
https://stadincijfers.antwerpen.be/viewer?var=sm_mo_vt_autopass_clt_og,stadincijfers.antwerpen.be,URLError,unreachable,2026-09-29
https://stadincijfers.antwerpen.be/viewer?var=sm_mo_vt_autopass_sum,stadincijfers.antwerpen.be,URLError,unreachable,2026-09-29
https://stadincijfers.antwerpen.be/viewer?var=sm_mo_vt_autopass_sum_og,stadincijfers.antwerpen.be,URLError,unreachable,2026-09-29
https://stadincijfers.antwerpen.be/viewer?var=sm_mo_vt_bus,stadincijfers.antwerpen.be,URLError,unreachable,2026-09-29
https://stadincijfers.antwerpen.be/viewer?var=sm_mo_vt_bus_clt,stadincijfers.antwerpen.be,URLError,unreachable,2026-09-29
https://stadincijfers.antwerpen.be/viewer?var=sm_mo_vt_bus_clt_og,stadincijfers.antwerpen.be,URLError,unreachable,2026-09-29
https://stadincijfers.antwerpen.be/viewer?var=sm_mo_vt_bus_sum,stadincijfers.antwerpen.be,URLError,unreachable,2026-09-29
https://stadincijfers.antwerpen.be/viewer?var=sm_mo_vt_bus_sum_og,stadincijfers.antwerpen.be,URLError,unreachable,2026-09-29
https://stadincijfers.antwerpen.be/viewer?var=sm_mo_vt_elekfiets,stadincijfers.antwerpen.be,URLError,unreachable,2026-09-29
https://stadincijfers.antwerpen.be/viewer?var=sm_mo_vt_elekfiets_clt,stadincijfers.antwerpen.be,URLError,unreachable,2026-09-29
https://stadincijfers.antwerpen.be/viewer?var=sm_mo_vt_elekfiets_clt_og,stadincijfers.antwerpen.be,URLError,unreachable,2026-09-29
https://stadincijfers.antwerpen.be/viewer?var=sm_mo_vt_elekfiets_sum,stadincijfers.antwerpen.be,URLError,unreachable,2026-09-29
https://stadincijfers.antwerpen.be/viewer?var=sm_mo_vt_elekfiets_sum_og,stadincijfers.antwerpen.be,URLError,unreachable,2026-09-29
https://stadincijfers.antwerpen.be/viewer?var=sm_mo_vt_elektrfiets,stadincijfers.antwerpen.be,URLError,unreachable,2026-09-29
https://stadincijfers.antwerpen.be/viewer?var=sm_mo_vt_elektrfiets_clt,stadincijfers.antwerpen.be,URLError,unreachable,2026-09-29
https://stadincijfers.antwerpen.be/viewer?var=sm_mo_vt_elektrfiets_clt_og,stadincijfers.antwerpen.be,URLError,unreachable,2026-09-29
https://stadincijfers.antwerpen.be/viewer?var=sm_mo_vt_elektrfiets_sum,stadincijfers.antwerpen.be,URLError,unreachable,2026-09-29
https://stadincijfers.antwerpen.be/viewer?var=sm_mo_vt_elektrfiets_sum_og,stadincijfers.antwerpen.be,URLError,unreachable,2026-09-29
https://stadincijfers.antwerpen.be/viewer?var=sm_mo_vt_fiets,stadincijfers.antwerpen.be,URLError,unreachable,2026-09-29
https://stadincijfers.antwerpen.be/viewer?var=sm_mo_vt_fiets_clt,stadincijfers.antwerpen.be,URLError,unreachable,2026-09-29
https://stadincijfers.antwerpen.be/viewer?var=sm_mo_vt_fiets_clt_og,stadincijfers.antwerpen.be,URLError,unreachable,2026-09-29
https://stadincijfers.antwerpen.be/viewer?var=sm_mo_vt_fiets_sum,stadincijfers.antwerpen.be,URLError,unreachable,2026-09-29
https://stadincijfers.antwerpen.be/viewer?var=sm_mo_vt_fiets_sum_og,stadincijfers.antwerpen.be,URLError,unreachable,2026-09-29
https://stadincijfers.antwerpen.be/viewer?var=sm_mo_vt_gemotoris,stadincijfers.antwerpen.be,URLError,unreachable,2026-09-29
https://stadincijfers.antwerpen.be/viewer?var=sm_mo_vt_gemotoris_clt,stadincijfers.antwerpen.be,URLError,unreachable,2026-09-29
https://stadincijfers.antwerpen.be/viewer?var=sm_mo_vt_gemotoris_clt_og,stadincijfers.antwerpen.be,URLError,unreachable,2026-09-29
https://stadincijfers.antwerpen.be/viewer?var=sm_mo_vt_gemotoris_sum,stadincijfers.antwerpen.be,URLError,unreachable,2026-09-29
https://stadincijfers.antwerpen.be/viewer?var=sm_mo_vt_gemotoris_sum_og,stadincijfers.antwerpen.be,URLError,unreachable,2026-09-29
https://stadincijfers.antwerpen.be/viewer?var=sm_mo_vt_moto,stadincijfers.antwerpen.be,URLError,unreachable,2026-09-29
https://stadincijfers.antwerpen.be/viewer?var=sm_mo_vt_moto_clt,stadincijfers.antwerpen.be,URLError,unreachable,2026-09-29
https://stadincijfers.antwerpen.be/viewer?var=sm_mo_vt_moto_sum,stadincijfers.antwerpen.be,URLError,unreachable,2026-09-29
https://stadincijfers.antwerpen.be/viewer?var=sm_mo_vt_speedped,stadincijfers.antwerpen.be,URLError,unreachable,2026-09-29
https://stadincijfers.antwerpen.be/viewer?var=sm_mo_vt_speedped_clt,stadincijfers.antwerpen.be,URLError,unreachable,2026-09-29
https://stadincijfers.antwerpen.be/viewer?var=sm_mo_vt_speedped_clt_og,stadincijfers.antwerpen.be,URLError,unreachable,2026-09-29
https://stadincijfers.antwerpen.be/viewer?var=sm_mo_vt_speedped_sum,stadincijfers.antwerpen.be,URLError,unreachable,2026-09-29
https://stadincijfers.antwerpen.be/viewer?var=sm_mo_vt_speedped_sum_og,stadincijfers.antwerpen.be,URLError,unreachable,2026-09-29
https://stadincijfers.antwerpen.be/viewer?var=sm_mo_vt_trein,stadincijfers.antwerpen.be,URLError,unreachable,2026-09-29
https://stadincijfers.antwerpen.be/viewer?var=sm_mo_vt_trein_clt,stadincijfers.antwerpen.be,URLError,unreachable,2026-09-29
https://stadincijfers.antwerpen.be/viewer?var=sm_mo_vt_trein_clt_og,stadincijfers.antwerpen.be,URLError,unreachable,2026-09-29
https://stadincijfers.antwerpen.be/viewer?var=sm_mo_vt_trein_sum,stadincijfers.antwerpen.be,URLError,unreachable,2026-09-29
https://stadincijfers.antwerpen.be/viewer?var=sm_mo_vt_trein_sum_og,stadincijfers.antwerpen.be,URLError,unreachable,2026-09-29
https://stadincijfers.antwerpen.be/viewer?var=sm_mo_vt_voet,stadincijfers.antwerpen.be,URLError,unreachable,2026-09-29
https://stadincijfers.antwerpen.be/viewer?var=sm_mo_vt_voet_clt,stadincijfers.antwerpen.be,URLError,unreachable,2026-09-29
https://stadincijfers.antwerpen.be/viewer?var=sm_mo_vt_voet_clt_og,stadincijfers.antwerpen.be,URLError,unreachable,2026-09-29
https://stadincijfers.antwerpen.be/viewer?var=sm_mo_vt_voet_sum,stadincijfers.antwerpen.be,URLError,unreachable,2026-09-29
https://stadincijfers.antwerpen.be/viewer?var=sm_mo_vt_voet_sum_og,stadincijfers.antwerpen.be,URLError,unreachable,2026-09-29
https://stadincijfers.antwerpen.be/viewer?var=sm_mo_w_afstand,stadincijfers.antwerpen.be,URLError,unreachable,2026-09-29
https://stadincijfers.antwerpen.be/viewer?var=sm_mo_w_afstand_clt,stadincijfers.antwerpen.be,URLError,unreachable,2026-09-29
https://stadincijfers.antwerpen.be/viewer?var=sm_mo_w_afstand_clt_og,stadincijfers.antwerpen.be,URLError,unreachable,2026-09-29
https://stadincijfers.antwerpen.be/viewer?var=sm_mo_w_afstand_sum,stadincijfers.antwerpen.be,URLError,unreachable,2026-09-29
https://stadincijfers.antwerpen.be/viewer?var=sm_mo_w_afstand_sum_og,stadincijfers.antwerpen.be,URLError,unreachable,2026-09-29
https://stadincijfers.antwerpen.be/viewer?var=sm_mo_w_autobest,stadincijfers.antwerpen.be,URLError,unreachable,2026-09-29
https://stadincijfers.antwerpen.be/viewer?var=sm_mo_w_autobest_clt,stadincijfers.antwerpen.be,URLError,unreachable,2026-09-29
https://stadincijfers.antwerpen.be/viewer?var=sm_mo_w_autobest_clt_og,stadincijfers.antwerpen.be,URLError,unreachable,2026-09-29
https://stadincijfers.antwerpen.be/viewer?var=sm_mo_w_autobest_sum,stadincijfers.antwerpen.be,URLError,unreachable,2026-09-29
https://stadincijfers.antwerpen.be/viewer?var=sm_mo_w_autobest_sum_og,stadincijfers.antwerpen.be,URLError,unreachable,2026-09-29
https://stadincijfers.antwerpen.be/viewer?var=sm_mo_w_autopass,stadincijfers.antwerpen.be,URLError,unreachable,2026-09-29
https://stadincijfers.antwerpen.be/viewer?var=sm_mo_w_autopass_clt,stadincijfers.antwerpen.be,URLError,unreachable,2026-09-29
https://stadincijfers.antwerpen.be/viewer?var=sm_mo_w_autopass_clt_og,stadincijfers.antwerpen.be,URLError,unreachable,2026-09-29
https://stadincijfers.antwerpen.be/viewer?var=sm_mo_w_autopass_sum,stadincijfers.antwerpen.be,URLError,unreachable,2026-09-29
https://stadincijfers.antwerpen.be/viewer?var=sm_mo_w_autopass_sum_og,stadincijfers.antwerpen.be,URLError,unreachable,2026-09-29
https://stadincijfers.antwerpen.be/viewer?var=sm_mo_w_bus,stadincijfers.antwerpen.be,URLError,unreachable,2026-09-29
https://stadincijfers.antwerpen.be/viewer?var=sm_mo_w_bus_clt,stadincijfers.antwerpen.be,URLError,unreachable,2026-09-29
https://stadincijfers.antwerpen.be/viewer?var=sm_mo_w_bus_clt_og,stadincijfers.antwerpen.be,URLError,unreachable,2026-09-29
https://stadincijfers.antwerpen.be/viewer?var=sm_mo_w_bus_sum_og,stadincijfers.antwerpen.be,URLError,unreachable,2026-09-29
https://stadincijfers.antwerpen.be/viewer?var=sm_mo_w_elektrfiets,stadincijfers.antwerpen.be,URLError,unreachable,2026-09-29
https://stadincijfers.antwerpen.be/viewer?var=sm_mo_w_elektrfiets_clt,stadincijfers.antwerpen.be,URLError,unreachable,2026-09-29
https://stadincijfers.antwerpen.be/viewer?var=sm_mo_w_elektrfiets_clt_og,stadincijfers.antwerpen.be,URLError,unreachable,2026-09-29
https://stadincijfers.antwerpen.be/viewer?var=sm_mo_w_elektrfiets_sum,stadincijfers.antwerpen.be,URLError,unreachable,2026-09-29
https://stadincijfers.antwerpen.be/viewer?var=sm_mo_w_elektrfiets_sum_og,stadincijfers.antwerpen.be,URLError,unreachable,2026-09-29
https://stadincijfers.antwerpen.be/viewer?var=sm_mo_w_fiets,stadincijfers.antwerpen.be,URLError,unreachable,2026-09-29
https://stadincijfers.antwerpen.be/viewer?var=sm_mo_w_fiets_clt,stadincijfers.antwerpen.be,URLError,unreachable,2026-09-29
https://stadincijfers.antwerpen.be/viewer?var=sm_mo_w_fiets_clt_og,stadincijfers.antwerpen.be,URLError,unreachable,2026-09-29
https://stadincijfers.antwerpen.be/viewer?var=sm_mo_w_fiets_sum,stadincijfers.antwerpen.be,URLError,unreachable,2026-09-29
https://stadincijfers.antwerpen.be/viewer?var=sm_mo_w_fiets_sum_og,stadincijfers.antwerpen.be,URLError,unreachable,2026-09-29
https://stadincijfers.antwerpen.be/viewer?var=sm_mo_w_gemotoris,stadincijfers.antwerpen.be,URLError,unreachable,2026-09-29
https://stadincijfers.antwerpen.be/viewer?var=sm_mo_w_gemotoris_clt,stadincijfers.antwerpen.be,URLError,unreachable,2026-09-29
https://stadincijfers.antwerpen.be/viewer?var=sm_mo_w_gemotoris_clt_og,stadincijfers.antwerpen.be,URLError,unreachable,2026-09-29
https://stadincijfers.antwerpen.be/viewer?var=sm_mo_w_gemotoris_sum,stadincijfers.antwerpen.be,URLError,unreachable,2026-09-29
https://stadincijfers.antwerpen.be/viewer?var=sm_mo_w_gemotoris_sum_og,stadincijfers.antwerpen.be,URLError,unreachable,2026-09-29
https://stadincijfers.antwerpen.be/viewer?var=sm_mo_w_moto,stadincijfers.antwerpen.be,URLError,unreachable,2026-09-29
https://stadincijfers.antwerpen.be/viewer?var=sm_mo_w_moto_clt,stadincijfers.antwerpen.be,URLError,unreachable,2026-09-29
https://stadincijfers.antwerpen.be/viewer?var=sm_mo_w_moto_sum,stadincijfers.antwerpen.be,URLError,unreachable,2026-09-29
https://stadincijfers.antwerpen.be/viewer?var=sm_mo_w_ov,stadincijfers.antwerpen.be,URLError,unreachable,2026-09-29
https://stadincijfers.antwerpen.be/viewer?var=sm_mo_w_ov_clt,stadincijfers.antwerpen.be,URLError,unreachable,2026-09-29
https://stadincijfers.antwerpen.be/viewer?var=sm_mo_w_ov_clt_og,stadincijfers.antwerpen.be,URLError,unreachable,2026-09-29
https://stadincijfers.antwerpen.be/viewer?var=sm_mo_w_ov_sum,stadincijfers.antwerpen.be,URLError,unreachable,2026-09-29
https://stadincijfers.antwerpen.be/viewer?var=sm_mo_w_ov_sum_og,stadincijfers.antwerpen.be,URLError,unreachable,2026-09-29
https://stadincijfers.antwerpen.be/viewer?var=sm_mo_w_tijdsduur,stadincijfers.antwerpen.be,URLError,unreachable,2026-09-29
https://stadincijfers.antwerpen.be/viewer?var=sm_mo_w_tijdsduur_clt,stadincijfers.antwerpen.be,URLError,unreachable,2026-09-29
https://stadincijfers.antwerpen.be/viewer?var=sm_mo_w_tijdsduur_clt_og,stadincijfers.antwerpen.be,URLError,unreachable,2026-09-29
https://stadincijfers.antwerpen.be/viewer?var=sm_mo_w_tijdsduur_sum,stadincijfers.antwerpen.be,URLError,unreachable,2026-09-29
https://stadincijfers.antwerpen.be/viewer?var=sm_mo_w_tijdsduur_sum_og,stadincijfers.antwerpen.be,URLError,unreachable,2026-09-29
https://stadincijfers.antwerpen.be/viewer?var=sm_mo_w_trein,stadincijfers.antwerpen.be,URLError,unreachable,2026-09-29
https://stadincijfers.antwerpen.be/viewer?var=sm_mo_w_trein_clt,stadincijfers.antwerpen.be,URLError,unreachable,2026-09-29
https://stadincijfers.antwerpen.be/viewer?var=sm_mo_w_trein_clt_og,stadincijfers.antwerpen.be,URLError,unreachable,2026-09-29
https://stadincijfers.antwerpen.be/viewer?var=sm_mo_w_trein_sum,stadincijfers.antwerpen.be,URLError,unreachable,2026-09-29
https://stadincijfers.antwerpen.be/viewer?var=sm_mo_w_trein_sum_og,stadincijfers.antwerpen.be,URLError,unreachable,2026-09-29
https://stadincijfers.antwerpen.be/viewer?var=sm_mo_w_voet,stadincijfers.antwerpen.be,URLError,unreachable,2026-09-29
https://stadincijfers.antwerpen.be/viewer?var=sm_mo_w_voet_clt,stadincijfers.antwerpen.be,URLError,unreachable,2026-09-29
https://stadincijfers.antwerpen.be/viewer?var=sm_mo_w_voet_clt_og,stadincijfers.antwerpen.be,URLError,unreachable,2026-09-29
https://stadincijfers.antwerpen.be/viewer?var=sm_mo_w_voet_sum,stadincijfers.antwerpen.be,URLError,unreachable,2026-09-29
https://stadincijfers.antwerpen.be/viewer?var=sm_mo_w_voet_sum_og,stadincijfers.antwerpen.be,URLError,unreachable,2026-09-29
https://stadincijfers.antwerpen.be/viewer?var=sm_mo_ws_afstand,stadincijfers.antwerpen.be,URLError,unreachable,2026-09-29
https://stadincijfers.antwerpen.be/viewer?var=sm_mo_ws_afstand_clt,stadincijfers.antwerpen.be,URLError,unreachable,2026-09-29
https://stadincijfers.antwerpen.be/viewer?var=sm_mo_ws_afstand_clt_og,stadincijfers.antwerpen.be,URLError,unreachable,2026-09-29
https://stadincijfers.antwerpen.be/viewer?var=sm_mo_ws_afstand_sum,stadincijfers.antwerpen.be,URLError,unreachable,2026-09-29
https://stadincijfers.antwerpen.be/viewer?var=sm_mo_ws_afstand_sum_og,stadincijfers.antwerpen.be,URLError,unreachable,2026-09-29
https://stadincijfers.antwerpen.be/viewer?var=sm_mo_ws_autobest,stadincijfers.antwerpen.be,URLError,unreachable,2026-09-29
https://stadincijfers.antwerpen.be/viewer?var=sm_mo_ws_autobest_clt,stadincijfers.antwerpen.be,URLError,unreachable,2026-09-29
https://stadincijfers.antwerpen.be/viewer?var=sm_mo_ws_autobest_clt_og,stadincijfers.antwerpen.be,URLError,unreachable,2026-09-29
https://stadincijfers.antwerpen.be/viewer?var=sm_mo_ws_autobest_sum,stadincijfers.antwerpen.be,URLError,unreachable,2026-09-29
https://stadincijfers.antwerpen.be/viewer?var=sm_mo_ws_autobest_sum_og,stadincijfers.antwerpen.be,URLError,unreachable,2026-09-29
https://stadincijfers.antwerpen.be/viewer?var=sm_mo_ws_autopass,stadincijfers.antwerpen.be,URLError,unreachable,2026-09-29
https://stadincijfers.antwerpen.be/viewer?var=sm_mo_ws_autopass_clt,stadincijfers.antwerpen.be,URLError,unreachable,2026-09-29
https://stadincijfers.antwerpen.be/viewer?var=sm_mo_ws_autopass_clt_og,stadincijfers.antwerpen.be,URLError,unreachable,2026-09-29
https://stadincijfers.antwerpen.be/viewer?var=sm_mo_ws_autopass_sum,stadincijfers.antwerpen.be,URLError,unreachable,2026-09-29
https://stadincijfers.antwerpen.be/viewer?var=sm_mo_ws_autopass_sum_og,stadincijfers.antwerpen.be,URLError,unreachable,2026-09-29
https://stadincijfers.antwerpen.be/viewer?var=sm_mo_ws_bus,stadincijfers.antwerpen.be,URLError,unreachable,2026-09-29
https://stadincijfers.antwerpen.be/viewer?var=sm_mo_ws_bus_clt,stadincijfers.antwerpen.be,URLError,unreachable,2026-09-29
https://stadincijfers.antwerpen.be/viewer?var=sm_mo_ws_bus_clt_og,stadincijfers.antwerpen.be,URLError,unreachable,2026-09-29
https://stadincijfers.antwerpen.be/viewer?var=sm_mo_ws_bus_sum,stadincijfers.antwerpen.be,URLError,unreachable,2026-09-29
https://stadincijfers.antwerpen.be/viewer?var=sm_mo_ws_bus_sum_og,stadincijfers.antwerpen.be,URLError,unreachable,2026-09-29
https://stadincijfers.antwerpen.be/viewer?var=sm_mo_ws_elektrfiets,stadincijfers.antwerpen.be,URLError,unreachable,2026-09-29
https://stadincijfers.antwerpen.be/viewer?var=sm_mo_ws_elektrfiets_clt,stadincijfers.antwerpen.be,URLError,unreachable,2026-09-29
https://stadincijfers.antwerpen.be/viewer?var=sm_mo_ws_elektrfiets_clt_og,stadincijfers.antwerpen.be,URLError,unreachable,2026-09-29
https://stadincijfers.antwerpen.be/viewer?var=sm_mo_ws_elektrfiets_sum,stadincijfers.antwerpen.be,URLError,unreachable,2026-09-29
https://stadincijfers.antwerpen.be/viewer?var=sm_mo_ws_elektrfiets_sum_og,stadincijfers.antwerpen.be,URLError,unreachable,2026-09-29
https://stadincijfers.antwerpen.be/viewer?var=sm_mo_ws_fiets,stadincijfers.antwerpen.be,URLError,unreachable,2026-09-29
https://stadincijfers.antwerpen.be/viewer?var=sm_mo_ws_fiets_clt,stadincijfers.antwerpen.be,URLError,unreachable,2026-09-29
https://stadincijfers.antwerpen.be/viewer?var=sm_mo_ws_fiets_clt_og,stadincijfers.antwerpen.be,URLError,unreachable,2026-09-29
https://stadincijfers.antwerpen.be/viewer?var=sm_mo_ws_fiets_sum,stadincijfers.antwerpen.be,URLError,unreachable,2026-09-29
https://stadincijfers.antwerpen.be/viewer?var=sm_mo_ws_fiets_sum_og,stadincijfers.antwerpen.be,URLError,unreachable,2026-09-29
https://stadincijfers.antwerpen.be/viewer?var=sm_mo_ws_gemotoris,stadincijfers.antwerpen.be,URLError,unreachable,2026-09-29
https://stadincijfers.antwerpen.be/viewer?var=sm_mo_ws_gemotoris_clt,stadincijfers.antwerpen.be,URLError,unreachable,2026-09-29
https://stadincijfers.antwerpen.be/viewer?var=sm_mo_ws_gemotoris_clt_og,stadincijfers.antwerpen.be,URLError,unreachable,2026-09-29
https://stadincijfers.antwerpen.be/viewer?var=sm_mo_ws_gemotoris_sum,stadincijfers.antwerpen.be,URLError,unreachable,2026-09-29
https://stadincijfers.antwerpen.be/viewer?var=sm_mo_ws_gemotoris_sum_og,stadincijfers.antwerpen.be,URLError,unreachable,2026-09-29
https://stadincijfers.antwerpen.be/viewer?var=sm_mo_ws_moto,stadincijfers.antwerpen.be,URLError,unreachable,2026-09-29
https://stadincijfers.antwerpen.be/viewer?var=sm_mo_ws_moto_clt,stadincijfers.antwerpen.be,URLError,unreachable,2026-09-29
https://stadincijfers.antwerpen.be/viewer?var=sm_mo_ws_moto_sum,stadincijfers.antwerpen.be,URLError,unreachable,2026-09-29
https://stadincijfers.antwerpen.be/viewer?var=sm_mo_ws_ov,stadincijfers.antwerpen.be,URLError,unreachable,2026-09-29
https://stadincijfers.antwerpen.be/viewer?var=sm_mo_ws_ov_clt,stadincijfers.antwerpen.be,URLError,unreachable,2026-09-29
https://stadincijfers.antwerpen.be/viewer?var=sm_mo_ws_ov_clt_og,stadincijfers.antwerpen.be,URLError,unreachable,2026-09-29
https://stadincijfers.antwerpen.be/viewer?var=sm_mo_ws_ov_sum,stadincijfers.antwerpen.be,URLError,unreachable,2026-09-29
https://stadincijfers.antwerpen.be/viewer?var=sm_mo_ws_ov_sum_og,stadincijfers.antwerpen.be,URLError,unreachable,2026-09-29
https://stadincijfers.antwerpen.be/viewer?var=sm_mo_ws_tijdsduur,stadincijfers.antwerpen.be,URLError,unreachable,2026-09-29
https://stadincijfers.antwerpen.be/viewer?var=sm_mo_ws_tijdsduur_clt,stadincijfers.antwerpen.be,URLError,unreachable,2026-09-29
https://stadincijfers.antwerpen.be/viewer?var=sm_mo_ws_tijdsduur_clt_og,stadincijfers.antwerpen.be,URLError,unreachable,2026-09-29
https://stadincijfers.antwerpen.be/viewer?var=sm_mo_ws_tijdsduur_sum,stadincijfers.antwerpen.be,URLError,unreachable,2026-09-29
https://stadincijfers.antwerpen.be/viewer?var=sm_mo_ws_tijdsduur_sum_og,stadincijfers.antwerpen.be,URLError,unreachable,2026-09-29
https://stadincijfers.antwerpen.be/viewer?var=sm_mo_ws_trein,stadincijfers.antwerpen.be,URLError,unreachable,2026-09-29
https://stadincijfers.antwerpen.be/viewer?var=sm_mo_ws_trein_clt,stadincijfers.antwerpen.be,URLError,unreachable,2026-09-29
https://stadincijfers.antwerpen.be/viewer?var=sm_mo_ws_trein_clt_og,stadincijfers.antwerpen.be,URLError,unreachable,2026-09-29
https://stadincijfers.antwerpen.be/viewer?var=sm_mo_ws_trein_sum,stadincijfers.antwerpen.be,URLError,unreachable,2026-09-29
https://stadincijfers.antwerpen.be/viewer?var=sm_mo_ws_trein_sum_og,stadincijfers.antwerpen.be,URLError,unreachable,2026-09-29
https://stadincijfers.antwerpen.be/viewer?var=sm_mo_ws_voet,stadincijfers.antwerpen.be,URLError,unreachable,2026-09-29
https://stadincijfers.antwerpen.be/viewer?var=sm_mo_ws_voet_clt,stadincijfers.antwerpen.be,URLError,unreachable,2026-09-29
https://stadincijfers.antwerpen.be/viewer?var=sm_mo_ws_voet_clt_og,stadincijfers.antwerpen.be,URLError,unreachable,2026-09-29
https://stadincijfers.antwerpen.be/viewer?var=sm_mo_ws_voet_sum,stadincijfers.antwerpen.be,URLError,unreachable,2026-09-29
https://stadincijfers.antwerpen.be/viewer?var=sm_mo_ws_voet_sum_og,stadincijfers.antwerpen.be,URLError,unreachable,2026-09-29
https://stadincijfers.antwerpen.be/viewer?var=sm_na_autodelen_b_clt,stadincijfers.antwerpen.be,URLError,unreachable,2026-09-29
https://stadincijfers.antwerpen.be/viewer?var=sm_na_autodelen_b_sum,stadincijfers.antwerpen.be,URLError,unreachable,2026-09-29
https://stadincijfers.antwerpen.be/viewer?var=sm_na_autodelen_clt,stadincijfers.antwerpen.be,URLError,unreachable,2026-09-29
https://stadincijfers.antwerpen.be/viewer?var=sm_na_autodelen_sum,stadincijfers.antwerpen.be,URLError,unreachable,2026-09-29
https://stadincijfers.antwerpen.be/viewer?var=sm_na_fiets_korteafstand,stadincijfers.antwerpen.be,URLError,unreachable,2026-09-29
https://stadincijfers.antwerpen.be/viewer?var=sm_na_fiets_korteafstand_clt,stadincijfers.antwerpen.be,URLError,unreachable,2026-09-29
https://stadincijfers.antwerpen.be/viewer?var=sm_na_fiets_korteafstand_clt_og,stadincijfers.antwerpen.be,URLError,unreachable,2026-09-29
https://stadincijfers.antwerpen.be/viewer?var=sm_na_fiets_korteafstand_sum,stadincijfers.antwerpen.be,URLError,unreachable,2026-09-29
https://stadincijfers.antwerpen.be/viewer?var=sm_na_fiets_korteafstand_sum_og,stadincijfers.antwerpen.be,URLError,unreachable,2026-09-29
https://stadincijfers.antwerpen.be/viewer?var=sm_na_korteafstand,stadincijfers.antwerpen.be,URLError,unreachable,2026-09-29
https://stadincijfers.antwerpen.be/viewer?var=sm_na_korteafstand_clt,stadincijfers.antwerpen.be,URLError,unreachable,2026-09-29
https://stadincijfers.antwerpen.be/viewer?var=sm_na_korteafstand_clt_og,stadincijfers.antwerpen.be,URLError,unreachable,2026-09-29
https://stadincijfers.antwerpen.be/viewer?var=sm_na_korteafstand_sum,stadincijfers.antwerpen.be,URLError,unreachable,2026-09-29
https://stadincijfers.antwerpen.be/viewer?var=sm_na_korteafstand_sum_og,stadincijfers.antwerpen.be,URLError,unreachable,2026-09-29
https://stadincijfers.antwerpen.be/viewer?var=sm_na_tevr_groen,stadincijfers.antwerpen.be,URLError,unreachable,2026-09-29
https://stadincijfers.antwerpen.be/viewer?var=sm_na_tevr_groen_clt,stadincijfers.antwerpen.be,URLError,unreachable,2026-09-29
https://stadincijfers.antwerpen.be/viewer?var=sm_na_tevr_groen_clt_og,stadincijfers.antwerpen.be,URLError,unreachable,2026-09-29
https://stadincijfers.antwerpen.be/viewer?var=sm_na_tevr_groen_sum,stadincijfers.antwerpen.be,URLError,unreachable,2026-09-29
https://stadincijfers.antwerpen.be/viewer?var=sm_na_tevr_groen_sum_og,stadincijfers.antwerpen.be,URLError,unreachable,2026-09-29
https://stadincijfers.antwerpen.be/viewer?var=sm_na_tuindelen,stadincijfers.antwerpen.be,URLError,unreachable,2026-09-29
https://stadincijfers.antwerpen.be/viewer?var=sm_na_tuindelen_b,stadincijfers.antwerpen.be,URLError,unreachable,2026-09-29
https://stadincijfers.antwerpen.be/viewer?var=sm_na_tuindelen_b_sum,stadincijfers.antwerpen.be,URLError,unreachable,2026-09-29
https://stadincijfers.antwerpen.be/viewer?var=sm_na_tuindelen_sum,stadincijfers.antwerpen.be,URLError,unreachable,2026-09-29
https://stadincijfers.antwerpen.be/viewer?var=sm_na_voet_korteafstand,stadincijfers.antwerpen.be,URLError,unreachable,2026-09-29
https://stadincijfers.antwerpen.be/viewer?var=sm_na_voet_korteafstand_clt,stadincijfers.antwerpen.be,URLError,unreachable,2026-09-29
https://stadincijfers.antwerpen.be/viewer?var=sm_na_voet_korteafstand_clt_og,stadincijfers.antwerpen.be,URLError,unreachable,2026-09-29
https://stadincijfers.antwerpen.be/viewer?var=sm_na_voet_korteafstand_sum,stadincijfers.antwerpen.be,URLError,unreachable,2026-09-29
https://stadincijfers.antwerpen.be/viewer?var=sm_na_voet_korteafstand_sum_og,stadincijfers.antwerpen.be,URLError,unreachable,2026-09-29
https://stadincijfers.antwerpen.be/viewer?var=sm_na_vold_groen,stadincijfers.antwerpen.be,URLError,unreachable,2026-09-29
https://stadincijfers.antwerpen.be/viewer?var=sm_na_vold_groen_clt,stadincijfers.antwerpen.be,URLError,unreachable,2026-09-29
https://stadincijfers.antwerpen.be/viewer?var=sm_na_vold_groen_clt_og,stadincijfers.antwerpen.be,URLError,unreachable,2026-09-29
https://stadincijfers.antwerpen.be/viewer?var=sm_na_vold_groen_sum,stadincijfers.antwerpen.be,URLError,unreachable,2026-09-29
https://stadincijfers.antwerpen.be/viewer?var=sm_na_vold_groen_sum_og,stadincijfers.antwerpen.be,URLError,unreachable,2026-09-29
https://stadincijfers.antwerpen.be/viewer?var=sm_na_zicht_groen,stadincijfers.antwerpen.be,URLError,unreachable,2026-09-29
https://stadincijfers.antwerpen.be/viewer?var=sm_na_zicht_groen_clt,stadincijfers.antwerpen.be,URLError,unreachable,2026-09-29
https://stadincijfers.antwerpen.be/viewer?var=sm_na_zicht_groen_clt_og,stadincijfers.antwerpen.be,URLError,unreachable,2026-09-29
https://stadincijfers.antwerpen.be/viewer?var=sm_na_zicht_groen_sum,stadincijfers.antwerpen.be,URLError,unreachable,2026-09-29
https://stadincijfers.antwerpen.be/viewer?var=sm_na_zicht_groen_sum_og,stadincijfers.antwerpen.be,URLError,unreachable,2026-09-29
https://stadincijfers.antwerpen.be/viewer?var=sm_r_cu_06,stadincijfers.antwerpen.be,URLError,unreachable,2026-09-29
https://stadincijfers.antwerpen.be/viewer?var=sm_r_cu_07,stadincijfers.antwerpen.be,URLError,unreachable,2026-09-29
https://stadincijfers.antwerpen.be/viewer?var=sm_r_cu_08,stadincijfers.antwerpen.be,URLError,unreachable,2026-09-29
https://stadincijfers.antwerpen.be/viewer?var=sm_r_cu_14_ce,stadincijfers.antwerpen.be,URLError,unreachable,2026-09-29
https://stadincijfers.antwerpen.be/viewer?var=sm_r_cu_14_pk,stadincijfers.antwerpen.be,URLError,unreachable,2026-09-29
https://stadincijfers.antwerpen.be/viewer?var=sm_r_cu_14_scw,stadincijfers.antwerpen.be,URLError,unreachable,2026-09-29
https://stadincijfers.antwerpen.be/viewer?var=sm_r_cu_14_sport,stadincijfers.antwerpen.be,URLError,unreachable,2026-09-29
https://stadincijfers.antwerpen.be/viewer?var=sm_r_cu_14_varia,stadincijfers.antwerpen.be,URLError,unreachable,2026-09-29
https://stadincijfers.antwerpen.be/viewer?var=sm_r_cv_sport_club,stadincijfers.antwerpen.be,URLError,unreachable,2026-09-29
https://stadincijfers.antwerpen.be/viewer?var=sm_r_cv_sport_infra,stadincijfers.antwerpen.be,URLError,unreachable,2026-09-29
https://stadincijfers.antwerpen.be/viewer?var=sm_r_ec_13,stadincijfers.antwerpen.be,URLError,unreachable,2026-09-29
https://stadincijfers.antwerpen.be/viewer?var=sm_r_ec_14,stadincijfers.antwerpen.be,URLError,unreachable,2026-09-29
https://stadincijfers.antwerpen.be/viewer?var=sm_r_kl_13,stadincijfers.antwerpen.be,URLError,unreachable,2026-09-29
https://stadincijfers.antwerpen.be/viewer?var=sm_r_kl_25_0tem10,stadincijfers.antwerpen.be,URLError,unreachable,2026-09-29
https://stadincijfers.antwerpen.be/viewer?var=sm_r_kl_25_11tem20,stadincijfers.antwerpen.be,URLError,unreachable,2026-09-29
https://stadincijfers.antwerpen.be/viewer?var=sm_r_kl_25_21tem30,stadincijfers.antwerpen.be,URLError,unreachable,2026-09-29
https://stadincijfers.antwerpen.be/viewer?var=sm_r_kl_25_31tem40,stadincijfers.antwerpen.be,URLError,unreachable,2026-09-29
https://stadincijfers.antwerpen.be/viewer?var=sm_r_kl_25_41pl,stadincijfers.antwerpen.be,URLError,unreachable,2026-09-29
https://stadincijfers.antwerpen.be/viewer?var=sm_r_kl_27_0tot5,stadincijfers.antwerpen.be,URLError,unreachable,2026-09-29
https://stadincijfers.antwerpen.be/viewer?var=sm_r_kl_27_10tot15,stadincijfers.antwerpen.be,URLError,unreachable,2026-09-29
https://stadincijfers.antwerpen.be/viewer?var=sm_r_kl_27_16tot20,stadincijfers.antwerpen.be,URLError,unreachable,2026-09-29
https://stadincijfers.antwerpen.be/viewer?var=sm_r_kl_27_21pl,stadincijfers.antwerpen.be,URLError,unreachable,2026-09-29
https://stadincijfers.antwerpen.be/viewer?var=sm_r_kl_27_5tot10,stadincijfers.antwerpen.be,URLError,unreachable,2026-09-29
https://stadincijfers.antwerpen.be/viewer?var=sm_r_kl_29,stadincijfers.antwerpen.be,URLError,unreachable,2026-09-29
https://stadincijfers.antwerpen.be/viewer?var=sm_r_mo_01,stadincijfers.antwerpen.be,URLError,unreachable,2026-09-29
https://stadincijfers.antwerpen.be/viewer?var=sm_r_mo_05_doden,stadincijfers.antwerpen.be,URLError,unreachable,2026-09-29
https://stadincijfers.antwerpen.be/viewer?var=sm_r_mo_05_lichtgewonden,stadincijfers.antwerpen.be,URLError,unreachable,2026-09-29
https://stadincijfers.antwerpen.be/viewer?var=sm_r_mo_05_zwaargewonden,stadincijfers.antwerpen.be,URLError,unreachable,2026-09-29
https://stadincijfers.antwerpen.be/viewer?var=sm_r_mo_06_doden,stadincijfers.antwerpen.be,URLError,unreachable,2026-09-29
https://stadincijfers.antwerpen.be/viewer?var=sm_r_mo_06_zwaargewonden,stadincijfers.antwerpen.be,URLError,unreachable,2026-09-29
https://stadincijfers.antwerpen.be/viewer?var=sm_r_mo_07_fiets_dood,stadincijfers.antwerpen.be,URLError,unreachable,2026-09-29
https://stadincijfers.antwerpen.be/viewer?var=sm_r_mo_07_fiets_zwg,stadincijfers.antwerpen.be,URLError,unreachable,2026-09-29
https://stadincijfers.antwerpen.be/viewer?var=sm_r_mo_07_voet_dood,stadincijfers.antwerpen.be,URLError,unreachable,2026-09-29
https://stadincijfers.antwerpen.be/viewer?var=sm_r_mo_07_voet_zwg,stadincijfers.antwerpen.be,URLError,unreachable,2026-09-29
https://stadincijfers.antwerpen.be/viewer?var=sm_r_mo_08_motbep,stadincijfers.antwerpen.be,URLError,unreachable,2026-09-29
https://stadincijfers.antwerpen.be/viewer?var=sm_r_mo_08_motbep_assist,stadincijfers.antwerpen.be,URLError,unreachable,2026-09-29
https://stadincijfers.antwerpen.be/viewer?var=sm_r_mo_08_visbep,stadincijfers.antwerpen.be,URLError,unreachable,2026-09-29
https://stadincijfers.antwerpen.be/viewer?var=sm_r_mo_10_beperkt,stadincijfers.antwerpen.be,URLError,unreachable,2026-09-29
https://stadincijfers.antwerpen.be/viewer?var=sm_r_mo_10_goed,stadincijfers.antwerpen.be,URLError,unreachable,2026-09-29
https://stadincijfers.antwerpen.be/viewer?var=sm_r_mo_10_matig,stadincijfers.antwerpen.be,URLError,unreachable,2026-09-29
https://stadincijfers.antwerpen.be/viewer?var=sm_r_mo_10_zeergoed,stadincijfers.antwerpen.be,URLError,unreachable,2026-09-29
https://stadincijfers.antwerpen.be/viewer?var=sm_r_mo_autodel_cam,stadincijfers.antwerpen.be,URLError,unreachable,2026-09-29
https://stadincijfers.antwerpen.be/viewer?var=sm_r_mo_autodel_cam_b,stadincijfers.antwerpen.be,URLError,unreachable,2026-09-29
https://stadincijfers.antwerpen.be/viewer?var=sm_r_mo_autodel_cozy,stadincijfers.antwerpen.be,URLError,unreachable,2026-09-29
https://stadincijfers.antwerpen.be/viewer?var=sm_r_mo_autodel_cozy_b,stadincijfers.antwerpen.be,URLError,unreachable,2026-09-29
https://stadincijfers.antwerpen.be/viewer?var=sm_r_mo_toegank_bus_ass,stadincijfers.antwerpen.be,URLError,unreachable,2026-09-29
https://stadincijfers.antwerpen.be/viewer?var=sm_r_mo_toegank_bus_rol,stadincijfers.antwerpen.be,URLError,unreachable,2026-09-29
https://stadincijfers.antwerpen.be/viewer?var=sm_r_mo_toegank_bus_visbep,stadincijfers.antwerpen.be,URLError,unreachable,2026-09-29
https://stadincijfers.antwerpen.be/viewer?var=sm_r_mo_verk_slachtfiets,stadincijfers.antwerpen.be,URLError,unreachable,2026-09-29
https://stadincijfers.antwerpen.be/viewer?var=sm_r_mo_verk_slachtoff,stadincijfers.antwerpen.be,URLError,unreachable,2026-09-29
https://stadincijfers.antwerpen.be/viewer?var=sm_r_mo_verk_slachtvoet,stadincijfers.antwerpen.be,URLError,unreachable,2026-09-29
https://stadincijfers.antwerpen.be/viewer?var=sm_r_na_inw_buurtgroen,stadincijfers.antwerpen.be,URLError,unreachable,2026-09-29
https://stadincijfers.antwerpen.be/viewer?var=sm_r_na_inw_stadsbos,stadincijfers.antwerpen.be,URLError,unreachable,2026-09-29
https://stadincijfers.antwerpen.be/viewer?var=sm_r_na_inw_stadsdeelgroen,stadincijfers.antwerpen.be,URLError,unreachable,2026-09-29
https://stadincijfers.antwerpen.be/viewer?var=sm_r_na_inw_stadsgroen,stadincijfers.antwerpen.be,URLError,unreachable,2026-09-29
https://stadincijfers.antwerpen.be/viewer?var=sm_r_na_inw_wijkgroen,stadincijfers.antwerpen.be,URLError,unreachable,2026-09-29
https://stadincijfers.antwerpen.be/viewer?var=sm_r_na_inw_woongroen,stadincijfers.antwerpen.be,URLError,unreachable,2026-09-29
https://stadincijfers.antwerpen.be/viewer?var=sm_r_na_opp_buurtgroen,stadincijfers.antwerpen.be,URLError,unreachable,2026-09-29
https://stadincijfers.antwerpen.be/viewer?var=sm_r_na_opp_stadsbos,stadincijfers.antwerpen.be,URLError,unreachable,2026-09-29
https://stadincijfers.antwerpen.be/viewer?var=sm_r_na_opp_stadsdeelgroen,stadincijfers.antwerpen.be,URLError,unreachable,2026-09-29
https://stadincijfers.antwerpen.be/viewer?var=sm_r_na_opp_stadsgroen,stadincijfers.antwerpen.be,URLError,unreachable,2026-09-29
https://stadincijfers.antwerpen.be/viewer?var=sm_r_na_opp_woongroen,stadincijfers.antwerpen.be,URLError,unreachable,2026-09-29
https://stadincijfers.antwerpen.be/viewer?var=sm_r_ru_03_akkerland,stadincijfers.antwerpen.be,URLError,unreachable,2026-09-29
https://stadincijfers.antwerpen.be/viewer?var=sm_r_ru_03_bos,stadincijfers.antwerpen.be,URLError,unreachable,2026-09-29
https://stadincijfers.antwerpen.be/viewer?var=sm_r_ru_03_overige,stadincijfers.antwerpen.be,URLError,unreachable,2026-09-29
https://stadincijfers.antwerpen.be/viewer?var=sm_r_ru_03_park,stadincijfers.antwerpen.be,URLError,unreachable,2026-09-29
https://stadincijfers.antwerpen.be/viewer?var=sm_r_ru_03_recreatie,stadincijfers.antwerpen.be,URLError,unreachable,2026-09-29
https://stadincijfers.antwerpen.be/viewer?var=sm_r_ru_05_bos,stadincijfers.antwerpen.be,URLError,unreachable,2026-09-29
https://stadincijfers.antwerpen.be/viewer?var=sm_r_ru_05_gras,stadincijfers.antwerpen.be,URLError,unreachable,2026-09-29
https://stadincijfers.antwerpen.be/viewer?var=sm_r_ru_05_huis,stadincijfers.antwerpen.be,URLError,unreachable,2026-09-29
https://stadincijfers.antwerpen.be/viewer?var=sm_r_ru_05_overige,stadincijfers.antwerpen.be,URLError,unreachable,2026-09-29
https://stadincijfers.antwerpen.be/viewer?var=sm_r_ru_05_recreatie,stadincijfers.antwerpen.be,URLError,unreachable,2026-09-29
https://stadincijfers.antwerpen.be/viewer?var=sm_r_ru_05_water,stadincijfers.antwerpen.be,URLError,unreachable,2026-09-29
https://stadincijfers.antwerpen.be/viewer?var=sm_r_sa_01,stadincijfers.antwerpen.be,URLError,unreachable,2026-09-29
https://stadincijfers.antwerpen.be/viewer?var=sm_r_sa_02_andere,stadincijfers.antwerpen.be,URLError,unreachable,2026-09-29
https://stadincijfers.antwerpen.be/viewer?var=sm_r_sa_02_diefstal,stadincijfers.antwerpen.be,URLError,unreachable,2026-09-29
https://stadincijfers.antwerpen.be/viewer?var=sm_r_sa_02_lichaam,stadincijfers.antwerpen.be,URLError,unreachable,2026-09-29
https://stadincijfers.antwerpen.be/viewer?var=sm_r_sl_crimi_graad_totaal,stadincijfers.antwerpen.be,URLError,unreachable,2026-09-29
https://stadincijfers.antwerpen.be/viewer?var=sm_r_wo_19_inw_buurtgroen,stadincijfers.antwerpen.be,URLError,unreachable,2026-09-29
https://stadincijfers.antwerpen.be/viewer?var=sm_r_wo_19_inw_wijkgroen,stadincijfers.antwerpen.be,URLError,unreachable,2026-09-29
https://stadincijfers.antwerpen.be/viewer?var=sm_r_wo_19_inw_woongroen,stadincijfers.antwerpen.be,URLError,unreachable,2026-09-29
https://stadincijfers.antwerpen.be/viewer?var=sm_r_wo_19_opp_buurtgroen,stadincijfers.antwerpen.be,URLError,unreachable,2026-09-29
https://stadincijfers.antwerpen.be/viewer?var=sm_r_wo_19_opp_wijkgroen,stadincijfers.antwerpen.be,URLError,unreachable,2026-09-29
https://stadincijfers.antwerpen.be/viewer?var=sm_r_wo_19_opp_woongroen,stadincijfers.antwerpen.be,URLError,unreachable,2026-09-29
https://stadincijfers.antwerpen.be/viewer?var=sm_r_wo_20_inw_stadsbos,stadincijfers.antwerpen.be,URLError,unreachable,2026-09-29
https://stadincijfers.antwerpen.be/viewer?var=sm_r_wo_20_inw_stadsdeelgroen,stadincijfers.antwerpen.be,URLError,unreachable,2026-09-29
https://stadincijfers.antwerpen.be/viewer?var=sm_r_wo_20_inw_stadsgroen,stadincijfers.antwerpen.be,URLError,unreachable,2026-09-29
https://stadincijfers.antwerpen.be/viewer?var=sm_r_wo_20_opp_stadsbos,stadincijfers.antwerpen.be,URLError,unreachable,2026-09-29
https://stadincijfers.antwerpen.be/viewer?var=sm_r_wo_20_opp_stadsdeelgroen,stadincijfers.antwerpen.be,URLError,unreachable,2026-09-29
https://stadincijfers.antwerpen.be/viewer?var=sm_r_wo_20_opp_stadsgroen,stadincijfers.antwerpen.be,URLError,unreachable,2026-09-29
https://stadincijfers.antwerpen.be/viewer?var=sm_r_wo_20_opp_woongroen,stadincijfers.antwerpen.be,URLError,unreachable,2026-09-29
https://stadincijfers.antwerpen.be/viewer?var=sm_r_wo_bodem_recrea,stadincijfers.antwerpen.be,URLError,unreachable,2026-09-29
https://stadincijfers.antwerpen.be/viewer?var=sm_r_zo_05,stadincijfers.antwerpen.be,URLError,unreachable,2026-09-29
https://stadincijfers.antwerpen.be/viewer?var=sm_r_zo_08_baarmoeder,stadincijfers.antwerpen.be,URLError,unreachable,2026-09-29
https://stadincijfers.antwerpen.be/viewer?var=sm_r_zo_08_borst,stadincijfers.antwerpen.be,URLError,unreachable,2026-09-29
https://stadincijfers.antwerpen.be/viewer?var=sm_r_zo_08_darm,stadincijfers.antwerpen.be,URLError,unreachable,2026-09-29
https://stadincijfers.antwerpen.be/viewer?var=sm_sl_buurtprobl_lastigstraat,stadincijfers.antwerpen.be,URLError,unreachable,2026-09-29
https://stadincijfers.antwerpen.be/viewer?var=sm_sl_buurtprobl_lastigstraat_clt,stadincijfers.antwerpen.be,URLError,unreachable,2026-09-29
https://stadincijfers.antwerpen.be/viewer?var=sm_sl_buurtprobl_lastigstraat_clt_og,stadincijfers.antwerpen.be,URLError,unreachable,2026-09-29
https://stadincijfers.antwerpen.be/viewer?var=sm_sl_buurtprobl_lastigstraat_sum,stadincijfers.antwerpen.be,URLError,unreachable,2026-09-29
https://stadincijfers.antwerpen.be/viewer?var=sm_sl_buurtprobl_lastigstraat_sum_og,stadincijfers.antwerpen.be,URLError,unreachable,2026-09-29
https://stadincijfers.antwerpen.be/viewer?var=sm_sl_buurtprobl_verkeeragressie,stadincijfers.antwerpen.be,URLError,unreachable,2026-09-29
https://stadincijfers.antwerpen.be/viewer?var=sm_sl_buurtprobl_verkeeragressie_clt,stadincijfers.antwerpen.be,URLError,unreachable,2026-09-29
https://stadincijfers.antwerpen.be/viewer?var=sm_sl_buurtprobl_verkeeragressie_sum,stadincijfers.antwerpen.be,URLError,unreachable,2026-09-29
https://stadincijfers.antwerpen.be/viewer?var=sm_sl_buurtprobl_verkeersluip,stadincijfers.antwerpen.be,URLError,unreachable,2026-09-29
https://stadincijfers.antwerpen.be/viewer?var=sm_sl_buurtprobl_verkeersluip_clt,stadincijfers.antwerpen.be,URLError,unreachable,2026-09-29
https://stadincijfers.antwerpen.be/viewer?var=sm_sl_buurtprobl_verkeersluip_clt_og,stadincijfers.antwerpen.be,URLError,unreachable,2026-09-29
https://stadincijfers.antwerpen.be/viewer?var=sm_sl_buurtprobl_verkeersluip_sum,stadincijfers.antwerpen.be,URLError,unreachable,2026-09-29
https://stadincijfers.antwerpen.be/viewer?var=sm_sl_buurtprobl_verkeersluip_sum_og,stadincijfers.antwerpen.be,URLError,unreachable,2026-09-29
https://stadincijfers.antwerpen.be/viewer?var=sm_sl_buurtprobl_verkeertesnel,stadincijfers.antwerpen.be,URLError,unreachable,2026-09-29
https://stadincijfers.antwerpen.be/viewer?var=sm_sl_buurtprobl_verkeertesnel_clt,stadincijfers.antwerpen.be,URLError,unreachable,2026-09-29
https://stadincijfers.antwerpen.be/viewer?var=sm_sl_buurtprobl_verkeertesnel_clt_og,stadincijfers.antwerpen.be,URLError,unreachable,2026-09-29
https://stadincijfers.antwerpen.be/viewer?var=sm_sl_buurtprobl_verkeertesnel_sum,stadincijfers.antwerpen.be,URLError,unreachable,2026-09-29
https://stadincijfers.antwerpen.be/viewer?var=sm_sl_buurtprobl_verkeertesnel_sum_og,stadincijfers.antwerpen.be,URLError,unreachable,2026-09-29
https://stadincijfers.antwerpen.be/viewer?var=sm_sl_mijdgedrag_buurt,stadincijfers.antwerpen.be,URLError,unreachable,2026-09-29
https://stadincijfers.antwerpen.be/viewer?var=sm_sl_mijdgedrag_buurt_clt,stadincijfers.antwerpen.be,URLError,unreachable,2026-09-29
https://stadincijfers.antwerpen.be/viewer?var=sm_sl_mijdgedrag_buurt_clt_og,stadincijfers.antwerpen.be,URLError,unreachable,2026-09-29
https://stadincijfers.antwerpen.be/viewer?var=sm_sl_mijdgedrag_buurt_sum,stadincijfers.antwerpen.be,URLError,unreachable,2026-09-29
https://stadincijfers.antwerpen.be/viewer?var=sm_sl_mijdgedrag_buurt_sum_og,stadincijfers.antwerpen.be,URLError,unreachable,2026-09-29
https://stadincijfers.antwerpen.be/viewer?var=sm_sl_mijdgedrag_stad,stadincijfers.antwerpen.be,URLError,unreachable,2026-09-29
https://stadincijfers.antwerpen.be/viewer?var=sm_sl_mijdgedrag_stad_clt,stadincijfers.antwerpen.be,URLError,unreachable,2026-09-29
https://stadincijfers.antwerpen.be/viewer?var=sm_sl_mijdgedrag_stad_clt_og,stadincijfers.antwerpen.be,URLError,unreachable,2026-09-29
https://stadincijfers.antwerpen.be/viewer?var=sm_sl_mijdgedrag_stad_sum,stadincijfers.antwerpen.be,URLError,unreachable,2026-09-29
https://stadincijfers.antwerpen.be/viewer?var=sm_sl_mijdgedrag_stad_sum_og,stadincijfers.antwerpen.be,URLError,unreachable,2026-09-29
https://stadincijfers.antwerpen.be/viewer?var=sm_sl_ontmoetingspl,stadincijfers.antwerpen.be,URLError,unreachable,2026-09-29
https://stadincijfers.antwerpen.be/viewer?var=sm_sl_ontmoetingspl_clt,stadincijfers.antwerpen.be,URLError,unreachable,2026-09-29
https://stadincijfers.antwerpen.be/viewer?var=sm_sl_ontmoetingspl_clt_og,stadincijfers.antwerpen.be,URLError,unreachable,2026-09-29
https://stadincijfers.antwerpen.be/viewer?var=sm_sl_ontmoetingspl_sum,stadincijfers.antwerpen.be,URLError,unreachable,2026-09-29
https://stadincijfers.antwerpen.be/viewer?var=sm_sl_ontmoetingspl_sum_og,stadincijfers.antwerpen.be,URLError,unreachable,2026-09-29
https://stadincijfers.antwerpen.be/viewer?var=sm_sl_onveilig_buurt,stadincijfers.antwerpen.be,URLError,unreachable,2026-09-29
https://stadincijfers.antwerpen.be/viewer?var=sm_sl_onveilig_buurt_clt,stadincijfers.antwerpen.be,URLError,unreachable,2026-09-29
https://stadincijfers.antwerpen.be/viewer?var=sm_sl_onveilig_buurt_clt_og,stadincijfers.antwerpen.be,URLError,unreachable,2026-09-29
https://stadincijfers.antwerpen.be/viewer?var=sm_sl_onveilig_buurt_sum,stadincijfers.antwerpen.be,URLError,unreachable,2026-09-29
https://stadincijfers.antwerpen.be/viewer?var=sm_sl_onveilig_buurt_sum_og,stadincijfers.antwerpen.be,URLError,unreachable,2026-09-29
https://stadincijfers.antwerpen.be/viewer?var=sm_sl_onveilig_stad,stadincijfers.antwerpen.be,URLError,unreachable,2026-09-29
https://stadincijfers.antwerpen.be/viewer?var=sm_sl_onveilig_stad_clt,stadincijfers.antwerpen.be,URLError,unreachable,2026-09-29
https://stadincijfers.antwerpen.be/viewer?var=sm_sl_onveilig_stad_clt_og,stadincijfers.antwerpen.be,URLError,unreachable,2026-09-29
https://stadincijfers.antwerpen.be/viewer?var=sm_sl_onveilig_stad_sum,stadincijfers.antwerpen.be,URLError,unreachable,2026-09-29
https://stadincijfers.antwerpen.be/viewer?var=sm_sl_onveilig_stad_sum_og,stadincijfers.antwerpen.be,URLError,unreachable,2026-09-29
https://stadincijfers.antwerpen.be/viewer?var=sm_sl_partsportver_actieflid,stadincijfers.antwerpen.be,URLError,unreachable,2026-09-29
https://stadincijfers.antwerpen.be/viewer?var=sm_sl_partsportver_actieflid_clt,stadincijfers.antwerpen.be,URLError,unreachable,2026-09-29
https://stadincijfers.antwerpen.be/viewer?var=sm_sl_partsportver_actieflid_sum,stadincijfers.antwerpen.be,URLError,unreachable,2026-09-29
https://stadincijfers.antwerpen.be/viewer?var=sm_sl_partsportver_lidtotaal,stadincijfers.antwerpen.be,URLError,unreachable,2026-09-29
https://stadincijfers.antwerpen.be/viewer?var=sm_sl_partsportver_lidtotaal_sum,stadincijfers.antwerpen.be,URLError,unreachable,2026-09-29
https://stadincijfers.antwerpen.be/viewer?var=sm_sl_rustplek_ontmoetingspl,stadincijfers.antwerpen.be,URLError,unreachable,2026-09-29
https://stadincijfers.antwerpen.be/viewer?var=sm_sl_rustplek_ontmoetingspl_clt,stadincijfers.antwerpen.be,URLError,unreachable,2026-09-29
https://stadincijfers.antwerpen.be/viewer?var=sm_sl_rustplek_ontmoetingspl_clt_og,stadincijfers.antwerpen.be,URLError,unreachable,2026-09-29
https://stadincijfers.antwerpen.be/viewer?var=sm_sl_rustplek_ontmoetingspl_sum,stadincijfers.antwerpen.be,URLError,unreachable,2026-09-29
https://stadincijfers.antwerpen.be/viewer?var=sm_sl_rustplek_ontmoetingspl_sum_og,stadincijfers.antwerpen.be,URLError,unreachable,2026-09-29
https://stadincijfers.antwerpen.be/viewer?var=sm_sl_rustplekken,stadincijfers.antwerpen.be,URLError,unreachable,2026-09-29
https://stadincijfers.antwerpen.be/viewer?var=sm_sl_rustplekken_clt,stadincijfers.antwerpen.be,URLError,unreachable,2026-09-29
https://stadincijfers.antwerpen.be/viewer?var=sm_sl_rustplekken_clt_og,stadincijfers.antwerpen.be,URLError,unreachable,2026-09-29
https://stadincijfers.antwerpen.be/viewer?var=sm_sl_rustplekken_sum,stadincijfers.antwerpen.be,URLError,unreachable,2026-09-29
https://stadincijfers.antwerpen.be/viewer?var=sm_sl_rustplekken_sum_og,stadincijfers.antwerpen.be,URLError,unreachable,2026-09-29
https://stadincijfers.antwerpen.be/viewer?var=sm_we_plaats_dagactiviteit,stadincijfers.antwerpen.be,URLError,unreachable,2026-09-29
https://stadincijfers.antwerpen.be/viewer?var=sm_we_plaats_dagactiviteit_clt,stadincijfers.antwerpen.be,URLError,unreachable,2026-09-29
https://stadincijfers.antwerpen.be/viewer?var=sm_we_plaats_dagactiviteit_sum,stadincijfers.antwerpen.be,URLError,unreachable,2026-09-29
https://stadincijfers.antwerpen.be/viewer?var=sm_we_plaats_dagactiviteit_sum_og,stadincijfers.antwerpen.be,URLError,unreachable,2026-09-29
https://stadincijfers.antwerpen.be/viewer?var=sm_wo_comfort_plaatsauto,stadincijfers.antwerpen.be,URLError,unreachable,2026-09-29
https://stadincijfers.antwerpen.be/viewer?var=sm_wo_comfort_plaatsauto_clt,stadincijfers.antwerpen.be,URLError,unreachable,2026-09-29
https://stadincijfers.antwerpen.be/viewer?var=sm_wo_comfort_plaatsauto_clt_og,stadincijfers.antwerpen.be,URLError,unreachable,2026-09-29
https://stadincijfers.antwerpen.be/viewer?var=sm_wo_comfort_plaatsauto_sum,stadincijfers.antwerpen.be,URLError,unreachable,2026-09-29
https://stadincijfers.antwerpen.be/viewer?var=sm_wo_comfort_plaatsauto_sum_og,stadincijfers.antwerpen.be,URLError,unreachable,2026-09-29
https://stadincijfers.antwerpen.be/viewer?var=sm_wo_comfort_tuin,stadincijfers.antwerpen.be,URLError,unreachable,2026-09-29
https://stadincijfers.antwerpen.be/viewer?var=sm_wo_comfort_tuin_sum,stadincijfers.antwerpen.be,URLError,unreachable,2026-09-29
https://stadincijfers.antwerpen.be/viewer?var=sm_wo_comfort_tuin_sum_og,stadincijfers.antwerpen.be,URLError,unreachable,2026-09-29
https://stadincijfers.antwerpen.be/viewer?var=sm_wo_duurz_groendak,stadincijfers.antwerpen.be,URLError,unreachable,2026-09-29
https://stadincijfers.antwerpen.be/viewer?var=sm_wo_duurz_groendak_sum,stadincijfers.antwerpen.be,URLError,unreachable,2026-09-29
https://stadincijfers.antwerpen.be/viewer?var=sm_wo_duurz_groendak_sum_og,stadincijfers.antwerpen.be,URLError,unreachable,2026-09-29
https://stadincijfers.antwerpen.be/viewer?var=sm_wo_fietsstal,stadincijfers.antwerpen.be,URLError,unreachable,2026-09-29
https://stadincijfers.antwerpen.be/viewer?var=sm_wo_fietsstal_clt,stadincijfers.antwerpen.be,URLError,unreachable,2026-09-29
https://stadincijfers.antwerpen.be/viewer?var=sm_wo_fietsstal_clt_og,stadincijfers.antwerpen.be,URLError,unreachable,2026-09-29
https://stadincijfers.antwerpen.be/viewer?var=sm_wo_fietsstal_sum,stadincijfers.antwerpen.be,URLError,unreachable,2026-09-29
https://stadincijfers.antwerpen.be/viewer?var=sm_wo_fietsstal_sum_og,stadincijfers.antwerpen.be,URLError,unreachable,2026-09-29
https://stadincijfers.antwerpen.be/viewer?var=sm_wo_netheid_stadcentr,stadincijfers.antwerpen.be,URLError,unreachable,2026-09-29
https://stadincijfers.antwerpen.be/viewer?var=sm_wo_netheid_stadcentr_clt,stadincijfers.antwerpen.be,URLError,unreachable,2026-09-29
https://stadincijfers.antwerpen.be/viewer?var=sm_wo_netheid_stadcentr_clt_og,stadincijfers.antwerpen.be,URLError,unreachable,2026-09-29
https://stadincijfers.antwerpen.be/viewer?var=sm_wo_netheid_stadcentr_sum,stadincijfers.antwerpen.be,URLError,unreachable,2026-09-29
https://stadincijfers.antwerpen.be/viewer?var=sm_wo_netheid_stadcentr_sum_og,stadincijfers.antwerpen.be,URLError,unreachable,2026-09-29
https://stadincijfers.antwerpen.be/viewer?var=sm_wo_netheid_stratvoetp,stadincijfers.antwerpen.be,URLError,unreachable,2026-09-29
https://stadincijfers.antwerpen.be/viewer?var=sm_wo_netheid_stratvoetp_clt,stadincijfers.antwerpen.be,URLError,unreachable,2026-09-29
https://stadincijfers.antwerpen.be/viewer?var=sm_wo_netheid_stratvoetp_clt_og,stadincijfers.antwerpen.be,URLError,unreachable,2026-09-29
https://stadincijfers.antwerpen.be/viewer?var=sm_wo_netheid_stratvoetp_sum,stadincijfers.antwerpen.be,URLError,unreachable,2026-09-29
https://stadincijfers.antwerpen.be/viewer?var=sm_wo_netheid_stratvoetp_sum_og,stadincijfers.antwerpen.be,URLError,unreachable,2026-09-29
https://stadincijfers.antwerpen.be/viewer?var=sm_wo_tevr_staatfietsfvoetp,stadincijfers.antwerpen.be,URLError,unreachable,2026-09-29
https://stadincijfers.antwerpen.be/viewer?var=sm_wo_tevr_staatfietsfvoetp_clt,stadincijfers.antwerpen.be,URLError,unreachable,2026-09-29
https://stadincijfers.antwerpen.be/viewer?var=sm_wo_tevr_staatfietsfvoetp_sum,stadincijfers.antwerpen.be,URLError,unreachable,2026-09-29
https://stadincijfers.antwerpen.be/viewer?var=sm_wo_tevr_staatfietspad,stadincijfers.antwerpen.be,URLError,unreachable,2026-09-29
https://stadincijfers.antwerpen.be/viewer?var=sm_wo_tevr_staatfietspad_clt,stadincijfers.antwerpen.be,URLError,unreachable,2026-09-29
https://stadincijfers.antwerpen.be/viewer?var=sm_wo_tevr_staatfietspad_clt_og,stadincijfers.antwerpen.be,URLError,unreachable,2026-09-29
https://stadincijfers.antwerpen.be/viewer?var=sm_wo_tevr_staatfietspad_sum,stadincijfers.antwerpen.be,URLError,unreachable,2026-09-29
https://stadincijfers.antwerpen.be/viewer?var=sm_wo_tevr_staatfietspad_sum_og,stadincijfers.antwerpen.be,URLError,unreachable,2026-09-29
https://stadincijfers.antwerpen.be/viewer?var=sm_wo_tevr_staatvoetpad,stadincijfers.antwerpen.be,URLError,unreachable,2026-09-29
https://stadincijfers.antwerpen.be/viewer?var=sm_wo_tevr_staatvoetpad_clt,stadincijfers.antwerpen.be,URLError,unreachable,2026-09-29
https://stadincijfers.antwerpen.be/viewer?var=sm_wo_tevr_staatvoetpad_clt_og,stadincijfers.antwerpen.be,URLError,unreachable,2026-09-29
https://stadincijfers.antwerpen.be/viewer?var=sm_wo_tevr_staatvoetpad_sum,stadincijfers.antwerpen.be,URLError,unreachable,2026-09-29
https://stadincijfers.antwerpen.be/viewer?var=sm_wo_tevr_staatvoetpad_sum_og,stadincijfers.antwerpen.be,URLError,unreachable,2026-09-29
https://stadincijfers.antwerpen.be/viewer?var=sm_wo_tevr_staatweg,stadincijfers.antwerpen.be,URLError,unreachable,2026-09-29
https://stadincijfers.antwerpen.be/viewer?var=sm_wo_tevr_staatweg_clt,stadincijfers.antwerpen.be,URLError,unreachable,2026-09-29
https://stadincijfers.antwerpen.be/viewer?var=sm_wo_tevr_staatweg_sum,stadincijfers.antwerpen.be,URLError,unreachable,2026-09-29
https://stadincijfers.antwerpen.be/viewer?var=sm_wo_tevr_staatwegplein,stadincijfers.antwerpen.be,URLError,unreachable,2026-09-29
https://stadincijfers.antwerpen.be/viewer?var=sm_wo_tevr_staatwegplein_clt,stadincijfers.antwerpen.be,URLError,unreachable,2026-09-29
https://stadincijfers.antwerpen.be/viewer?var=sm_wo_tevr_staatwegplein_clt_og,stadincijfers.antwerpen.be,URLError,unreachable,2026-09-29
https://stadincijfers.antwerpen.be/viewer?var=sm_wo_tevr_staatwegplein_sum,stadincijfers.antwerpen.be,URLError,unreachable,2026-09-29
https://stadincijfers.antwerpen.be/viewer?var=sm_wo_tevr_staatwegplein_sum_og,stadincijfers.antwerpen.be,URLError,unreachable,2026-09-29
https://stadincijfers.antwerpen.be/viewer?var=sm_wo_uitstra_parkstad,stadincijfers.antwerpen.be,URLError,unreachable,2026-09-29
https://stadincijfers.antwerpen.be/viewer?var=sm_wo_uitstra_parkstad_clt,stadincijfers.antwerpen.be,URLError,unreachable,2026-09-29
https://stadincijfers.antwerpen.be/viewer?var=sm_wo_uitstra_parkstad_clt_og,stadincijfers.antwerpen.be,URLError,unreachable,2026-09-29
https://stadincijfers.antwerpen.be/viewer?var=sm_wo_uitstra_parkstad_sum,stadincijfers.antwerpen.be,URLError,unreachable,2026-09-29
https://stadincijfers.antwerpen.be/viewer?var=sm_wo_uitstra_parkstad_sum_og,stadincijfers.antwerpen.be,URLError,unreachable,2026-09-29
https://stadincijfers.antwerpen.be/viewer?var=sm_wo_uitstra_samengesteld,stadincijfers.antwerpen.be,URLError,unreachable,2026-09-29
https://stadincijfers.antwerpen.be/viewer?var=sm_wo_uitstra_samengesteld_clt,stadincijfers.antwerpen.be,URLError,unreachable,2026-09-29
https://stadincijfers.antwerpen.be/viewer?var=sm_wo_uitstra_samengesteld_sum,stadincijfers.antwerpen.be,URLError,unreachable,2026-09-29
https://stadincijfers.antwerpen.be/viewer?var=sm_wo_uitstra_strapleistad,stadincijfers.antwerpen.be,URLError,unreachable,2026-09-29
https://stadincijfers.antwerpen.be/viewer?var=sm_wo_uitstra_strapleistad_clt,stadincijfers.antwerpen.be,URLError,unreachable,2026-09-29
https://stadincijfers.antwerpen.be/viewer?var=sm_wo_uitstra_strapleistad_clt_og,stadincijfers.antwerpen.be,URLError,unreachable,2026-09-29
https://stadincijfers.antwerpen.be/viewer?var=sm_wo_uitstra_strapleistad_sum,stadincijfers.antwerpen.be,URLError,unreachable,2026-09-29
https://stadincijfers.antwerpen.be/viewer?var=sm_wo_uitstra_strapleistad_sum_og,stadincijfers.antwerpen.be,URLError,unreachable,2026-09-29
https://stadincijfers.antwerpen.be/viewer?var=sm_zo_actbew_mindag,stadincijfers.antwerpen.be,URLError,unreachable,2026-09-29
https://stadincijfers.antwerpen.be/viewer?var=sm_zo_actbew_mindag_clt,stadincijfers.antwerpen.be,URLError,unreachable,2026-09-29
https://stadincijfers.antwerpen.be/viewer?var=sm_zo_actbew_mindag_clt_og,stadincijfers.antwerpen.be,URLError,unreachable,2026-09-29
https://stadincijfers.antwerpen.be/viewer?var=sm_zo_actbew_mindag_sum,stadincijfers.antwerpen.be,URLError,unreachable,2026-09-29
https://stadincijfers.antwerpen.be/viewer?var=sm_zo_actbew_mindag_sum_og,stadincijfers.antwerpen.be,URLError,unreachable,2026-09-29
https://stadincijfers.antwerpen.be/viewer?var=sm_zo_bewnorm_samengesteld,stadincijfers.antwerpen.be,URLError,unreachable,2026-09-29
https://stadincijfers.antwerpen.be/viewer?var=sm_zo_bewnorm_samengesteld_clt,stadincijfers.antwerpen.be,URLError,unreachable,2026-09-29
https://stadincijfers.antwerpen.be/viewer?var=sm_zo_bewnorm_samengesteld_sum,stadincijfers.antwerpen.be,URLError,unreachable,2026-09-29
https://stadincijfers.antwerpen.be/viewer?var=social_growth,stadincijfers.antwerpen.be,URLError,unreachable,2026-09-29
https://stadincijfers.antwerpen.be/viewer?var=social_impact,stadincijfers.antwerpen.be,URLError,unreachable,2026-09-29
https://stadincijfers.antwerpen.be/viewer?var=social_pheno,stadincijfers.antwerpen.be,URLError,unreachable,2026-09-29
https://stadincijfers.antwerpen.be/viewer?var=som_wegbreedte,stadincijfers.antwerpen.be,URLError,unreachable,2026-09-29
https://stadincijfers.antwerpen.be/viewer?var=speedped_pct,stadincijfers.antwerpen.be,URLError,unreachable,2026-09-29
https://stadincijfers.antwerpen.be/viewer?var=speelterrein_aantal,stadincijfers.antwerpen.be,URLError,unreachable,2026-09-29
https://stadincijfers.antwerpen.be/viewer?var=srfpdauto,stadincijfers.antwerpen.be,URLError,unreachable,2026-09-29
https://stadincijfers.antwerpen.be/viewer?var=sterftep1000,stadincijfers.antwerpen.be,URLError,unreachable,2026-09-29
https://stadincijfers.antwerpen.be/viewer?var=stm_speelst_pct_kind,stadincijfers.antwerpen.be,URLError,unreachable,2026-09-29
https://stadincijfers.antwerpen.be/viewer?var=stmspeelst,stadincijfers.antwerpen.be,URLError,unreachable,2026-09-29
https://stadincijfers.antwerpen.be/viewer?var=stmspeelst_pct,stadincijfers.antwerpen.be,URLError,unreachable,2026-09-29
https://stadincijfers.antwerpen.be/viewer?var=str1f0t9p1000,stadincijfers.antwerpen.be,URLError,unreachable,2026-09-29
https://stadincijfers.antwerpen.be/viewer?var=straatlengte,stadincijfers.antwerpen.be,URLError,unreachable,2026-09-29
https://stadincijfers.antwerpen.be/viewer?var=strf0t9p1000,stadincijfers.antwerpen.be,URLError,unreachable,2026-09-29
https://stadincijfers.antwerpen.be/viewer?var=strf20t29p1000,stadincijfers.antwerpen.be,URLError,unreachable,2026-09-29
https://stadincijfers.antwerpen.be/viewer?var=strf30t39p1000,stadincijfers.antwerpen.be,URLError,unreachable,2026-09-29
https://stadincijfers.antwerpen.be/viewer?var=strf40t49p1000,stadincijfers.antwerpen.be,URLError,unreachable,2026-09-29
https://stadincijfers.antwerpen.be/viewer?var=strf50t59p1000,stadincijfers.antwerpen.be,URLError,unreachable,2026-09-29
https://stadincijfers.antwerpen.be/viewer?var=strf60t69p1000,stadincijfers.antwerpen.be,URLError,unreachable,2026-09-29
https://stadincijfers.antwerpen.be/viewer?var=strf70t79p1000,stadincijfers.antwerpen.be,URLError,unreachable,2026-09-29
https://stadincijfers.antwerpen.be/viewer?var=strf80t90p1000,stadincijfers.antwerpen.be,URLError,unreachable,2026-09-29
https://stadincijfers.antwerpen.be/viewer?var=strf90t999p1000,stadincijfers.antwerpen.be,URLError,unreachable,2026-09-29
https://stadincijfers.antwerpen.be/viewer?var=strfeup1000,stadincijfers.antwerpen.be,URLError,unreachable,2026-09-29
https://stadincijfers.antwerpen.be/viewer?var=strfmanp1000,stadincijfers.antwerpen.be,URLError,unreachable,2026-09-29
https://stadincijfers.antwerpen.be/viewer?var=strfneup1000,stadincijfers.antwerpen.be,URLError,unreachable,2026-09-29
https://stadincijfers.antwerpen.be/viewer?var=strfonbp1000,stadincijfers.antwerpen.be,URLError,unreachable,2026-09-29
https://stadincijfers.antwerpen.be/viewer?var=strfpdeteu,stadincijfers.antwerpen.be,URLError,unreachable,2026-09-29
https://stadincijfers.antwerpen.be/viewer?var=strfpdetneu,stadincijfers.antwerpen.be,URLError,unreachable,2026-09-29
https://stadincijfers.antwerpen.be/viewer?var=strfvrouwp1000,stadincijfers.antwerpen.be,URLError,unreachable,2026-09-29
https://stadincijfers.antwerpen.be/viewer?var=tevr_verplaatsing_ww,stadincijfers.antwerpen.be,URLError,unreachable,2026-09-29
https://stadincijfers.antwerpen.be/viewer?var=tevr_verplaatsing_ww_autobest,stadincijfers.antwerpen.be,URLError,unreachable,2026-09-29
https://stadincijfers.antwerpen.be/viewer?var=tevr_verplaatsing_ww_autopass,stadincijfers.antwerpen.be,URLError,unreachable,2026-09-29
https://stadincijfers.antwerpen.be/viewer?var=tevr_verplaatsing_ww_bus,stadincijfers.antwerpen.be,URLError,unreachable,2026-09-29
https://stadincijfers.antwerpen.be/viewer?var=tevr_verplaatsing_ww_estep,stadincijfers.antwerpen.be,URLError,unreachable,2026-09-29
https://stadincijfers.antwerpen.be/viewer?var=tevr_verplaatsing_ww_fiets,stadincijfers.antwerpen.be,URLError,unreachable,2026-09-29
https://stadincijfers.antwerpen.be/viewer?var=tevr_verplaatsing_ww_moto,stadincijfers.antwerpen.be,URLError,unreachable,2026-09-29
https://stadincijfers.antwerpen.be/viewer?var=tevr_verplaatsing_ww_ov,stadincijfers.antwerpen.be,URLError,unreachable,2026-09-29
https://stadincijfers.antwerpen.be/viewer?var=tevr_verplaatsing_ww_tram,stadincijfers.antwerpen.be,URLError,unreachable,2026-09-29
https://stadincijfers.antwerpen.be/viewer?var=tevr_verplaatsing_ww_trein,stadincijfers.antwerpen.be,URLError,unreachable,2026-09-29
https://stadincijfers.antwerpen.be/viewer?var=tevr_verplaatsing_ww_voet,stadincijfers.antwerpen.be,URLError,unreachable,2026-09-29
https://stadincijfers.antwerpen.be/viewer?var=tot_kankers,stadincijfers.antwerpen.be,URLError,unreachable,2026-09-29
https://stadincijfers.antwerpen.be/viewer?var=tot_kankers_man,stadincijfers.antwerpen.be,URLError,unreachable,2026-09-29
https://stadincijfers.antwerpen.be/viewer?var=tot_kankers_vrouw,stadincijfers.antwerpen.be,URLError,unreachable,2026-09-29
https://stadincijfers.antwerpen.be/viewer?var=tot_veib_rev_re,stadincijfers.antwerpen.be,URLError,unreachable,2026-09-29
https://stadincijfers.antwerpen.be/viewer?var=tot_veib_rf_re,stadincijfers.antwerpen.be,URLError,unreachable,2026-09-29
https://stadincijfers.antwerpen.be/viewer?var=tot_veib_rim_re,stadincijfers.antwerpen.be,URLError,unreachable,2026-09-29
https://stadincijfers.antwerpen.be/viewer?var=totcrim,stadincijfers.antwerpen.be,URLError,unreachable,2026-09-29
https://stadincijfers.antwerpen.be/viewer?var=tuin_boom,stadincijfers.antwerpen.be,URLError,unreachable,2026-09-29
https://stadincijfers.antwerpen.be/viewer?var=tuin_gezin,stadincijfers.antwerpen.be,URLError,unreachable,2026-09-29
https://stadincijfers.antwerpen.be/viewer?var=tuin_gras,stadincijfers.antwerpen.be,URLError,unreachable,2026-09-29
https://stadincijfers.antwerpen.be/viewer?var=tuin_inwoner,stadincijfers.antwerpen.be,URLError,unreachable,2026-09-29
https://stadincijfers.antwerpen.be/viewer?var=tuin_noemer,stadincijfers.antwerpen.be,URLError,unreachable,2026-09-29
https://stadincijfers.antwerpen.be/viewer?var=tuin_per_groen,stadincijfers.antwerpen.be,URLError,unreachable,2026-09-29
https://stadincijfers.antwerpen.be/viewer?var=tuin_totaal,stadincijfers.antwerpen.be,URLError,unreachable,2026-09-29
https://stadincijfers.antwerpen.be/viewer?var=uitpsport,stadincijfers.antwerpen.be,URLError,unreachable,2026-09-29
https://stadincijfers.antwerpen.be/viewer?var=uitpsport2,stadincijfers.antwerpen.be,URLError,unreachable,2026-09-29
https://stadincijfers.antwerpen.be/viewer?var=uitsport,stadincijfers.antwerpen.be,URLError,unreachable,2026-09-29
https://stadincijfers.antwerpen.be/viewer?var=veil_f_t10,stadincijfers.antwerpen.be,URLError,unreachable,2026-09-29
https://stadincijfers.antwerpen.be/viewer?var=veil_f_t10_w,stadincijfers.antwerpen.be,URLError,unreachable,2026-09-29
https://stadincijfers.antwerpen.be/viewer?var=veil_f_t5,stadincijfers.antwerpen.be,URLError,unreachable,2026-09-29
https://stadincijfers.antwerpen.be/viewer?var=veil_f_t5_w,stadincijfers.antwerpen.be,URLError,unreachable,2026-09-29
https://stadincijfers.antwerpen.be/viewer?var=veil_g_t10_w,stadincijfers.antwerpen.be,URLError,unreachable,2026-09-29
https://stadincijfers.antwerpen.be/viewer?var=veil_g_t5_w,stadincijfers.antwerpen.be,URLError,unreachable,2026-09-29
https://stadincijfers.antwerpen.be/viewer?var=veil_i_t10,stadincijfers.antwerpen.be,URLError,unreachable,2026-09-29
https://stadincijfers.antwerpen.be/viewer?var=veil_i_t10_w,stadincijfers.antwerpen.be,URLError,unreachable,2026-09-29
https://stadincijfers.antwerpen.be/viewer?var=veil_i_t5,stadincijfers.antwerpen.be,URLError,unreachable,2026-09-29
https://stadincijfers.antwerpen.be/viewer?var=veil_i_t5_w,stadincijfers.antwerpen.be,URLError,unreachable,2026-09-29
https://stadincijfers.antwerpen.be/viewer?var=veil_t10_w,stadincijfers.antwerpen.be,URLError,unreachable,2026-09-29
https://stadincijfers.antwerpen.be/viewer?var=veil_t5_w,stadincijfers.antwerpen.be,URLError,unreachable,2026-09-29
https://stadincijfers.antwerpen.be/viewer?var=veiligheidsindex,stadincijfers.antwerpen.be,URLError,unreachable,2026-09-29
https://stadincijfers.antwerpen.be/viewer?var=velo_capaciteit_station,stadincijfers.antwerpen.be,URLError,unreachable,2026-09-29
https://stadincijfers.antwerpen.be/viewer?var=velo_jaar_oprichting,stadincijfers.antwerpen.be,URLError,unreachable,2026-09-29
https://stadincijfers.antwerpen.be/viewer?var=velo_oprichting,stadincijfers.antwerpen.be,URLError,unreachable,2026-09-29
https://stadincijfers.antwerpen.be/viewer?var=velo_recentste_jaar,stadincijfers.antwerpen.be,URLError,unreachable,2026-09-29
https://stadincijfers.antwerpen.be/viewer?var=velo_x_coord,stadincijfers.antwerpen.be,URLError,unreachable,2026-09-29
https://stadincijfers.antwerpen.be/viewer?var=velo_y_coord,stadincijfers.antwerpen.be,URLError,unreachable,2026-09-29
https://stadincijfers.antwerpen.be/viewer?var=velofietsen,stadincijfers.antwerpen.be,URLError,unreachable,2026-09-29
https://stadincijfers.antwerpen.be/viewer?var=veloplaatsen,stadincijfers.antwerpen.be,URLError,unreachable,2026-09-29
https://stadincijfers.antwerpen.be/viewer?var=velostation,stadincijfers.antwerpen.be,URLError,unreachable,2026-09-29
https://stadincijfers.antwerpen.be/viewer?var=verbind_ov_doenbaar,stadincijfers.antwerpen.be,URLError,unreachable,2026-09-29
https://stadincijfers.antwerpen.be/viewer?var=verbind_ov_doenbaar_pct,stadincijfers.antwerpen.be,URLError,unreachable,2026-09-29
https://stadincijfers.antwerpen.be/viewer?var=verbind_ov_makkel,stadincijfers.antwerpen.be,URLError,unreachable,2026-09-29
https://stadincijfers.antwerpen.be/viewer?var=verbind_ov_makkel_pct,stadincijfers.antwerpen.be,URLError,unreachable,2026-09-29
https://stadincijfers.antwerpen.be/viewer?var=verbind_ov_moeil,stadincijfers.antwerpen.be,URLError,unreachable,2026-09-29
https://stadincijfers.antwerpen.be/viewer?var=verbind_ov_moeil_pct,stadincijfers.antwerpen.be,URLError,unreachable,2026-09-29
https://stadincijfers.antwerpen.be/viewer?var=verbind_ov_onmogel,stadincijfers.antwerpen.be,URLError,unreachable,2026-09-29
https://stadincijfers.antwerpen.be/viewer?var=verbind_ov_onmogel_pct,stadincijfers.antwerpen.be,URLError,unreachable,2026-09-29
https://stadincijfers.antwerpen.be/viewer?var=verbind_ov_zrmakkel,stadincijfers.antwerpen.be,URLError,unreachable,2026-09-29
https://stadincijfers.antwerpen.be/viewer?var=verbind_ov_zrmakkel_pct,stadincijfers.antwerpen.be,URLError,unreachable,2026-09-29
https://stadincijfers.antwerpen.be/viewer?var=verkeersongeval,stadincijfers.antwerpen.be,URLError,unreachable,2026-09-29
https://stadincijfers.antwerpen.be/viewer?var=verkeersongeval_andervervoer,stadincijfers.antwerpen.be,URLError,unreachable,2026-09-29
https://stadincijfers.antwerpen.be/viewer?var=verkeersongeval_andervervoer_m,stadincijfers.antwerpen.be,URLError,unreachable,2026-09-29
https://stadincijfers.antwerpen.be/viewer?var=verkeersongeval_andervervoer_opp,stadincijfers.antwerpen.be,URLError,unreachable,2026-09-29
https://stadincijfers.antwerpen.be/viewer?var=verkeersongeval_andervervoer_pct,stadincijfers.antwerpen.be,URLError,unreachable,2026-09-29
https://stadincijfers.antwerpen.be/viewer?var=verkeersongeval_anderwegtype,stadincijfers.antwerpen.be,URLError,unreachable,2026-09-29
https://stadincijfers.antwerpen.be/viewer?var=verkeersongeval_anderwegtype_pct,stadincijfers.antwerpen.be,URLError,unreachable,2026-09-29
https://stadincijfers.antwerpen.be/viewer?var=verkeersongeval_auto,stadincijfers.antwerpen.be,URLError,unreachable,2026-09-29
https://stadincijfers.antwerpen.be/viewer?var=verkeersongeval_auto_m,stadincijfers.antwerpen.be,URLError,unreachable,2026-09-29
https://stadincijfers.antwerpen.be/viewer?var=verkeersongeval_auto_pct,stadincijfers.antwerpen.be,URLError,unreachable,2026-09-29
https://stadincijfers.antwerpen.be/viewer?var=verkeersongeval_avond,stadincijfers.antwerpen.be,URLError,unreachable,2026-09-29
https://stadincijfers.antwerpen.be/viewer?var=verkeersongeval_avond_m,stadincijfers.antwerpen.be,URLError,unreachable,2026-09-29
https://stadincijfers.antwerpen.be/viewer?var=verkeersongeval_avond_opp,stadincijfers.antwerpen.be,URLError,unreachable,2026-09-29
https://stadincijfers.antwerpen.be/viewer?var=verkeersongeval_avond_pct,stadincijfers.antwerpen.be,URLError,unreachable,2026-09-29
https://stadincijfers.antwerpen.be/viewer?var=verkeersongeval_avondspits,stadincijfers.antwerpen.be,URLError,unreachable,2026-09-29
https://stadincijfers.antwerpen.be/viewer?var=verkeersongeval_avondspits_m,stadincijfers.antwerpen.be,URLError,unreachable,2026-09-29
https://stadincijfers.antwerpen.be/viewer?var=verkeersongeval_avondspits_opp,stadincijfers.antwerpen.be,URLError,unreachable,2026-09-29
https://stadincijfers.antwerpen.be/viewer?var=verkeersongeval_avondspits_pct,stadincijfers.antwerpen.be,URLError,unreachable,2026-09-29
https://stadincijfers.antwerpen.be/viewer?var=verkeersongeval_bromfiets,stadincijfers.antwerpen.be,URLError,unreachable,2026-09-29
https://stadincijfers.antwerpen.be/viewer?var=verkeersongeval_bromfiets_m,stadincijfers.antwerpen.be,URLError,unreachable,2026-09-29
https://stadincijfers.antwerpen.be/viewer?var=verkeersongeval_bromfiets_opp,stadincijfers.antwerpen.be,URLError,unreachable,2026-09-29
https://stadincijfers.antwerpen.be/viewer?var=verkeersongeval_bromfiets_pct,stadincijfers.antwerpen.be,URLError,unreachable,2026-09-29
https://stadincijfers.antwerpen.be/viewer?var=verkeersongeval_dode,stadincijfers.antwerpen.be,URLError,unreachable,2026-09-29
https://stadincijfers.antwerpen.be/viewer?var=verkeersongeval_dode_m,stadincijfers.antwerpen.be,URLError,unreachable,2026-09-29
https://stadincijfers.antwerpen.be/viewer?var=verkeersongeval_dode_opp,stadincijfers.antwerpen.be,URLError,unreachable,2026-09-29
https://stadincijfers.antwerpen.be/viewer?var=verkeersongeval_dode_pct,stadincijfers.antwerpen.be,URLError,unreachable,2026-09-29
https://stadincijfers.antwerpen.be/viewer?var=verkeersongeval_fietser,stadincijfers.antwerpen.be,URLError,unreachable,2026-09-29
https://stadincijfers.antwerpen.be/viewer?var=verkeersongeval_fietser_m,stadincijfers.antwerpen.be,URLError,unreachable,2026-09-29
https://stadincijfers.antwerpen.be/viewer?var=verkeersongeval_fietser_opp,stadincijfers.antwerpen.be,URLError,unreachable,2026-09-29
https://stadincijfers.antwerpen.be/viewer?var=verkeersongeval_fietser_pct,stadincijfers.antwerpen.be,URLError,unreachable,2026-09-29
https://stadincijfers.antwerpen.be/viewer?var=verkeersongeval_hoofdstraat,stadincijfers.antwerpen.be,URLError,unreachable,2026-09-29
https://stadincijfers.antwerpen.be/viewer?var=verkeersongeval_hoofdstraat_pct,stadincijfers.antwerpen.be,URLError,unreachable,2026-09-29
https://stadincijfers.antwerpen.be/viewer?var=verkeersongeval_hoofdvkweg,stadincijfers.antwerpen.be,URLError,unreachable,2026-09-29
https://stadincijfers.antwerpen.be/viewer?var=verkeersongeval_hoofdvkweg_pct,stadincijfers.antwerpen.be,URLError,unreachable,2026-09-29
https://stadincijfers.antwerpen.be/viewer?var=verkeersongeval_inzittend,stadincijfers.antwerpen.be,URLError,unreachable,2026-09-29
https://stadincijfers.antwerpen.be/viewer?var=verkeersongeval_inzittend_m,stadincijfers.antwerpen.be,URLError,unreachable,2026-09-29
https://stadincijfers.antwerpen.be/viewer?var=verkeersongeval_inzittend_opp,stadincijfers.antwerpen.be,URLError,unreachable,2026-09-29
https://stadincijfers.antwerpen.be/viewer?var=verkeersongeval_inzittend_pct,stadincijfers.antwerpen.be,URLError,unreachable,2026-09-29
https://stadincijfers.antwerpen.be/viewer?var=verkeersongeval_letsel,stadincijfers.antwerpen.be,URLError,unreachable,2026-09-29
https://stadincijfers.antwerpen.be/viewer?var=verkeersongeval_letsel_m,stadincijfers.antwerpen.be,URLError,unreachable,2026-09-29
https://stadincijfers.antwerpen.be/viewer?var=verkeersongeval_letsel_opp,stadincijfers.antwerpen.be,URLError,unreachable,2026-09-29
https://stadincijfers.antwerpen.be/viewer?var=verkeersongeval_letsel_pct,stadincijfers.antwerpen.be,URLError,unreachable,2026-09-29
https://stadincijfers.antwerpen.be/viewer?var=verkeersongeval_licht,stadincijfers.antwerpen.be,URLError,unreachable,2026-09-29
https://stadincijfers.antwerpen.be/viewer?var=verkeersongeval_licht_m,stadincijfers.antwerpen.be,URLError,unreachable,2026-09-29
https://stadincijfers.antwerpen.be/viewer?var=verkeersongeval_licht_opp,stadincijfers.antwerpen.be,URLError,unreachable,2026-09-29
https://stadincijfers.antwerpen.be/viewer?var=verkeersongeval_licht_pct,stadincijfers.antwerpen.be,URLError,unreachable,2026-09-29
https://stadincijfers.antwerpen.be/viewer?var=verkeersongeval_m,stadincijfers.antwerpen.be,URLError,unreachable,2026-09-29
https://stadincijfers.antwerpen.be/viewer?var=verkeersongeval_middag,stadincijfers.antwerpen.be,URLError,unreachable,2026-09-29
https://stadincijfers.antwerpen.be/viewer?var=verkeersongeval_middag_m,stadincijfers.antwerpen.be,URLError,unreachable,2026-09-29
https://stadincijfers.antwerpen.be/viewer?var=verkeersongeval_middag_opp,stadincijfers.antwerpen.be,URLError,unreachable,2026-09-29
https://stadincijfers.antwerpen.be/viewer?var=verkeersongeval_middag_pct,stadincijfers.antwerpen.be,URLError,unreachable,2026-09-29
https://stadincijfers.antwerpen.be/viewer?var=verkeersongeval_middagspits,stadincijfers.antwerpen.be,URLError,unreachable,2026-09-29
https://stadincijfers.antwerpen.be/viewer?var=verkeersongeval_middagspits_m,stadincijfers.antwerpen.be,URLError,unreachable,2026-09-29
https://stadincijfers.antwerpen.be/viewer?var=verkeersongeval_middagspits_opp,stadincijfers.antwerpen.be,URLError,unreachable,2026-09-29
https://stadincijfers.antwerpen.be/viewer?var=verkeersongeval_middagspits_pct,stadincijfers.antwerpen.be,URLError,unreachable,2026-09-29
https://stadincijfers.antwerpen.be/viewer?var=verkeersongeval_motorfiets,stadincijfers.antwerpen.be,URLError,unreachable,2026-09-29
https://stadincijfers.antwerpen.be/viewer?var=verkeersongeval_motorfiets_m,stadincijfers.antwerpen.be,URLError,unreachable,2026-09-29
https://stadincijfers.antwerpen.be/viewer?var=verkeersongeval_motorfiets_opp,stadincijfers.antwerpen.be,URLError,unreachable,2026-09-29
https://stadincijfers.antwerpen.be/viewer?var=verkeersongeval_motorfiets_pct,stadincijfers.antwerpen.be,URLError,unreachable,2026-09-29
https://stadincijfers.antwerpen.be/viewer?var=verkeersongeval_nacht,stadincijfers.antwerpen.be,URLError,unreachable,2026-09-29
https://stadincijfers.antwerpen.be/viewer?var=verkeersongeval_nacht_m,stadincijfers.antwerpen.be,URLError,unreachable,2026-09-29
https://stadincijfers.antwerpen.be/viewer?var=verkeersongeval_nacht_opp,stadincijfers.antwerpen.be,URLError,unreachable,2026-09-29
https://stadincijfers.antwerpen.be/viewer?var=verkeersongeval_nacht_pct,stadincijfers.antwerpen.be,URLError,unreachable,2026-09-29
https://stadincijfers.antwerpen.be/viewer?var=verkeersongeval_ochtend,stadincijfers.antwerpen.be,URLError,unreachable,2026-09-29
https://stadincijfers.antwerpen.be/viewer?var=verkeersongeval_ochtend_m,stadincijfers.antwerpen.be,URLError,unreachable,2026-09-29
https://stadincijfers.antwerpen.be/viewer?var=verkeersongeval_ochtend_opp,stadincijfers.antwerpen.be,URLError,unreachable,2026-09-29
https://stadincijfers.antwerpen.be/viewer?var=verkeersongeval_ochtend_pct,stadincijfers.antwerpen.be,URLError,unreachable,2026-09-29
https://stadincijfers.antwerpen.be/viewer?var=verkeersongeval_ochtendspits,stadincijfers.antwerpen.be,URLError,unreachable,2026-09-29
https://stadincijfers.antwerpen.be/viewer?var=verkeersongeval_ochtendspits_m,stadincijfers.antwerpen.be,URLError,unreachable,2026-09-29
https://stadincijfers.antwerpen.be/viewer?var=verkeersongeval_ochtendspits_opp,stadincijfers.antwerpen.be,URLError,unreachable,2026-09-29
https://stadincijfers.antwerpen.be/viewer?var=verkeersongeval_ochtendspits_pct,stadincijfers.antwerpen.be,URLError,unreachable,2026-09-29
https://stadincijfers.antwerpen.be/viewer?var=verkeersongeval_openbaar,stadincijfers.antwerpen.be,URLError,unreachable,2026-09-29
https://stadincijfers.antwerpen.be/viewer?var=verkeersongeval_openbaar_m,stadincijfers.antwerpen.be,URLError,unreachable,2026-09-29
https://stadincijfers.antwerpen.be/viewer?var=verkeersongeval_openbaar_opp,stadincijfers.antwerpen.be,URLError,unreachable,2026-09-29
https://stadincijfers.antwerpen.be/viewer?var=verkeersongeval_openbaar_pct,stadincijfers.antwerpen.be,URLError,unreachable,2026-09-29
https://stadincijfers.antwerpen.be/viewer?var=verkeersongeval_opp,stadincijfers.antwerpen.be,URLError,unreachable,2026-09-29
https://stadincijfers.antwerpen.be/viewer?var=verkeersongeval_pct,stadincijfers.antwerpen.be,URLError,unreachable,2026-09-29
https://stadincijfers.antwerpen.be/viewer?var=verkeersongeval_stof,stadincijfers.antwerpen.be,URLError,unreachable,2026-09-29
https://stadincijfers.antwerpen.be/viewer?var=verkeersongeval_stof_m,stadincijfers.antwerpen.be,URLError,unreachable,2026-09-29
https://stadincijfers.antwerpen.be/viewer?var=verkeersongeval_stof_opp,stadincijfers.antwerpen.be,URLError,unreachable,2026-09-29
https://stadincijfers.antwerpen.be/viewer?var=verkeersongeval_stof_pct,stadincijfers.antwerpen.be,URLError,unreachable,2026-09-29
https://stadincijfers.antwerpen.be/viewer?var=verkeersongeval_vluchtmisdrijf,stadincijfers.antwerpen.be,URLError,unreachable,2026-09-29
https://stadincijfers.antwerpen.be/viewer?var=verkeersongeval_vluchtmisdrijf_m,stadincijfers.antwerpen.be,URLError,unreachable,2026-09-29
https://stadincijfers.antwerpen.be/viewer?var=verkeersongeval_vluchtmisdrijf_opp,stadincijfers.antwerpen.be,URLError,unreachable,2026-09-29
https://stadincijfers.antwerpen.be/viewer?var=verkeersongeval_vluchtmisdrijf_pct,stadincijfers.antwerpen.be,URLError,unreachable,2026-09-29
https://stadincijfers.antwerpen.be/viewer?var=verkeersongeval_voetganger,stadincijfers.antwerpen.be,URLError,unreachable,2026-09-29
https://stadincijfers.antwerpen.be/viewer?var=verkeersongeval_voetganger_m,stadincijfers.antwerpen.be,URLError,unreachable,2026-09-29
https://stadincijfers.antwerpen.be/viewer?var=verkeersongeval_voetganger_opp,stadincijfers.antwerpen.be,URLError,unreachable,2026-09-29
https://stadincijfers.antwerpen.be/viewer?var=verkeersongeval_voetganger_pct,stadincijfers.antwerpen.be,URLError,unreachable,2026-09-29
https://stadincijfers.antwerpen.be/viewer?var=verkeersongeval_vrachtwagen,stadincijfers.antwerpen.be,URLError,unreachable,2026-09-29
https://stadincijfers.antwerpen.be/viewer?var=verkeersongeval_vrachtwagen_m,stadincijfers.antwerpen.be,URLError,unreachable,2026-09-29
https://stadincijfers.antwerpen.be/viewer?var=verkeersongeval_vrachtwagen_opp,stadincijfers.antwerpen.be,URLError,unreachable,2026-09-29
https://stadincijfers.antwerpen.be/viewer?var=verkeersongeval_vrachtwagen_pct,stadincijfers.antwerpen.be,URLError,unreachable,2026-09-29
https://stadincijfers.antwerpen.be/viewer?var=verkeersongeval_week,stadincijfers.antwerpen.be,URLError,unreachable,2026-09-29
https://stadincijfers.antwerpen.be/viewer?var=verkeersongeval_week_m,stadincijfers.antwerpen.be,URLError,unreachable,2026-09-29
https://stadincijfers.antwerpen.be/viewer?var=verkeersongeval_week_opp,stadincijfers.antwerpen.be,URLError,unreachable,2026-09-29
https://stadincijfers.antwerpen.be/viewer?var=verkeersongeval_week_pct,stadincijfers.antwerpen.be,URLError,unreachable,2026-09-29
https://stadincijfers.antwerpen.be/viewer?var=verkeersongeval_weekend,stadincijfers.antwerpen.be,URLError,unreachable,2026-09-29
https://stadincijfers.antwerpen.be/viewer?var=verkeersongeval_weekend_m,stadincijfers.antwerpen.be,URLError,unreachable,2026-09-29
https://stadincijfers.antwerpen.be/viewer?var=verkeersongeval_weekend_opp,stadincijfers.antwerpen.be,URLError,unreachable,2026-09-29
https://stadincijfers.antwerpen.be/viewer?var=verkeersongeval_weekend_pct,stadincijfers.antwerpen.be,URLError,unreachable,2026-09-29
https://stadincijfers.antwerpen.be/viewer?var=verkeersongeval_wijkverzamelweg,stadincijfers.antwerpen.be,URLError,unreachable,2026-09-29
https://stadincijfers.antwerpen.be/viewer?var=verkeersongeval_wijkverzamelweg_pct,stadincijfers.antwerpen.be,URLError,unreachable,2026-09-29
https://stadincijfers.antwerpen.be/viewer?var=verkeersongeval_woonstraat,stadincijfers.antwerpen.be,URLError,unreachable,2026-09-29
https://stadincijfers.antwerpen.be/viewer?var=verkeersongeval_woonstraat_pct,stadincijfers.antwerpen.be,URLError,unreachable,2026-09-29
https://stadincijfers.antwerpen.be/viewer?var=verkeersongeval_zvluchtmisdrijf,stadincijfers.antwerpen.be,URLError,unreachable,2026-09-29
https://stadincijfers.antwerpen.be/viewer?var=verkeersongeval_zvluchtmisdrijf_m,stadincijfers.antwerpen.be,URLError,unreachable,2026-09-29
https://stadincijfers.antwerpen.be/viewer?var=verkeersongeval_zvluchtmisdrijf_opp,stadincijfers.antwerpen.be,URLError,unreachable,2026-09-29
https://stadincijfers.antwerpen.be/viewer?var=verkeersongeval_zvluchtmisdrijf_pct,stadincijfers.antwerpen.be,URLError,unreachable,2026-09-29
https://stadincijfers.antwerpen.be/viewer?var=verkeersongeval_zwaar,stadincijfers.antwerpen.be,URLError,unreachable,2026-09-29
https://stadincijfers.antwerpen.be/viewer?var=verkeersongeval_zwaar_m,stadincijfers.antwerpen.be,URLError,unreachable,2026-09-29
https://stadincijfers.antwerpen.be/viewer?var=verkeersongeval_zwaar_opp,stadincijfers.antwerpen.be,URLError,unreachable,2026-09-29
https://stadincijfers.antwerpen.be/viewer?var=verkeersongeval_zwaar_pct,stadincijfers.antwerpen.be,URLError,unreachable,2026-09-29
https://stadincijfers.antwerpen.be/viewer?var=vkslachtoffer,stadincijfers.antwerpen.be,URLError,unreachable,2026-09-29
https://stadincijfers.antwerpen.be/viewer?var=vkslachtoffer_0t9j,stadincijfers.antwerpen.be,URLError,unreachable,2026-09-29
https://stadincijfers.antwerpen.be/viewer?var=vkslachtoffer_0t9j_m,stadincijfers.antwerpen.be,URLError,unreachable,2026-09-29
https://stadincijfers.antwerpen.be/viewer?var=vkslachtoffer_0t9j_opp,stadincijfers.antwerpen.be,URLError,unreachable,2026-09-29
https://stadincijfers.antwerpen.be/viewer?var=vkslachtoffer_0t9j_pct,stadincijfers.antwerpen.be,URLError,unreachable,2026-09-29
https://stadincijfers.antwerpen.be/viewer?var=vkslachtoffer_10t19j,stadincijfers.antwerpen.be,URLError,unreachable,2026-09-29
https://stadincijfers.antwerpen.be/viewer?var=vkslachtoffer_10t19j_m,stadincijfers.antwerpen.be,URLError,unreachable,2026-09-29
https://stadincijfers.antwerpen.be/viewer?var=vkslachtoffer_10t19j_opp,stadincijfers.antwerpen.be,URLError,unreachable,2026-09-29
https://stadincijfers.antwerpen.be/viewer?var=vkslachtoffer_10t19j_pct,stadincijfers.antwerpen.be,URLError,unreachable,2026-09-29
https://stadincijfers.antwerpen.be/viewer?var=vkslachtoffer_20t29j,stadincijfers.antwerpen.be,URLError,unreachable,2026-09-29
https://stadincijfers.antwerpen.be/viewer?var=vkslachtoffer_20t29j_m,stadincijfers.antwerpen.be,URLError,unreachable,2026-09-29
https://stadincijfers.antwerpen.be/viewer?var=vkslachtoffer_20t29j_opp,stadincijfers.antwerpen.be,URLError,unreachable,2026-09-29
https://stadincijfers.antwerpen.be/viewer?var=vkslachtoffer_20t29j_pct,stadincijfers.antwerpen.be,URLError,unreachable,2026-09-29
https://stadincijfers.antwerpen.be/viewer?var=vkslachtoffer_30t39j,stadincijfers.antwerpen.be,URLError,unreachable,2026-09-29
https://stadincijfers.antwerpen.be/viewer?var=vkslachtoffer_30t39j_m,stadincijfers.antwerpen.be,URLError,unreachable,2026-09-29
https://stadincijfers.antwerpen.be/viewer?var=vkslachtoffer_30t39j_opp,stadincijfers.antwerpen.be,URLError,unreachable,2026-09-29
https://stadincijfers.antwerpen.be/viewer?var=vkslachtoffer_30t39j_pct,stadincijfers.antwerpen.be,URLError,unreachable,2026-09-29
https://stadincijfers.antwerpen.be/viewer?var=vkslachtoffer_40t49j,stadincijfers.antwerpen.be,URLError,unreachable,2026-09-29
https://stadincijfers.antwerpen.be/viewer?var=vkslachtoffer_40t49j_m,stadincijfers.antwerpen.be,URLError,unreachable,2026-09-29
https://stadincijfers.antwerpen.be/viewer?var=vkslachtoffer_40t49j_opp,stadincijfers.antwerpen.be,URLError,unreachable,2026-09-29
https://stadincijfers.antwerpen.be/viewer?var=vkslachtoffer_40t49j_pct,stadincijfers.antwerpen.be,URLError,unreachable,2026-09-29
https://stadincijfers.antwerpen.be/viewer?var=vkslachtoffer_50t59j,stadincijfers.antwerpen.be,URLError,unreachable,2026-09-29
https://stadincijfers.antwerpen.be/viewer?var=vkslachtoffer_50t59j_m,stadincijfers.antwerpen.be,URLError,unreachable,2026-09-29
https://stadincijfers.antwerpen.be/viewer?var=vkslachtoffer_50t59j_opp,stadincijfers.antwerpen.be,URLError,unreachable,2026-09-29
https://stadincijfers.antwerpen.be/viewer?var=vkslachtoffer_50t59j_pct,stadincijfers.antwerpen.be,URLError,unreachable,2026-09-29
https://stadincijfers.antwerpen.be/viewer?var=vkslachtoffer_60t69j,stadincijfers.antwerpen.be,URLError,unreachable,2026-09-29
https://stadincijfers.antwerpen.be/viewer?var=vkslachtoffer_60t69j_m,stadincijfers.antwerpen.be,URLError,unreachable,2026-09-29
https://stadincijfers.antwerpen.be/viewer?var=vkslachtoffer_60t69j_opp,stadincijfers.antwerpen.be,URLError,unreachable,2026-09-29
https://stadincijfers.antwerpen.be/viewer?var=vkslachtoffer_60t69j_pct,stadincijfers.antwerpen.be,URLError,unreachable,2026-09-29
https://stadincijfers.antwerpen.be/viewer?var=vkslachtoffer_70t79j,stadincijfers.antwerpen.be,URLError,unreachable,2026-09-29
https://stadincijfers.antwerpen.be/viewer?var=vkslachtoffer_70t79j_m,stadincijfers.antwerpen.be,URLError,unreachable,2026-09-29
https://stadincijfers.antwerpen.be/viewer?var=vkslachtoffer_70t79j_opp,stadincijfers.antwerpen.be,URLError,unreachable,2026-09-29
https://stadincijfers.antwerpen.be/viewer?var=vkslachtoffer_70t79j_pct,stadincijfers.antwerpen.be,URLError,unreachable,2026-09-29
https://stadincijfers.antwerpen.be/viewer?var=vkslachtoffer_80t89j,stadincijfers.antwerpen.be,URLError,unreachable,2026-09-29
https://stadincijfers.antwerpen.be/viewer?var=vkslachtoffer_80t89j_m,stadincijfers.antwerpen.be,URLError,unreachable,2026-09-29
https://stadincijfers.antwerpen.be/viewer?var=vkslachtoffer_80t89j_opp,stadincijfers.antwerpen.be,URLError,unreachable,2026-09-29
https://stadincijfers.antwerpen.be/viewer?var=vkslachtoffer_80t89j_pct,stadincijfers.antwerpen.be,URLError,unreachable,2026-09-29
https://stadincijfers.antwerpen.be/viewer?var=vkslachtoffer_90,stadincijfers.antwerpen.be,URLError,unreachable,2026-09-29
https://stadincijfers.antwerpen.be/viewer?var=vkslachtoffer_90_m,stadincijfers.antwerpen.be,URLError,unreachable,2026-09-29
https://stadincijfers.antwerpen.be/viewer?var=vkslachtoffer_90_opp,stadincijfers.antwerpen.be,URLError,unreachable,2026-09-29
https://stadincijfers.antwerpen.be/viewer?var=vkslachtoffer_90_pct,stadincijfers.antwerpen.be,URLError,unreachable,2026-09-29
https://stadincijfers.antwerpen.be/viewer?var=vkslachtoffer_andervervoer,stadincijfers.antwerpen.be,URLError,unreachable,2026-09-29
https://stadincijfers.antwerpen.be/viewer?var=vkslachtoffer_andervervoer_m,stadincijfers.antwerpen.be,URLError,unreachable,2026-09-29
https://stadincijfers.antwerpen.be/viewer?var=vkslachtoffer_andervervoer_opp,stadincijfers.antwerpen.be,URLError,unreachable,2026-09-29
https://stadincijfers.antwerpen.be/viewer?var=vkslachtoffer_andervervoer_pct,stadincijfers.antwerpen.be,URLError,unreachable,2026-09-29
https://stadincijfers.antwerpen.be/viewer?var=vkslachtoffer_auto,stadincijfers.antwerpen.be,URLError,unreachable,2026-09-29
https://stadincijfers.antwerpen.be/viewer?var=vkslachtoffer_auto_m,stadincijfers.antwerpen.be,URLError,unreachable,2026-09-29
https://stadincijfers.antwerpen.be/viewer?var=vkslachtoffer_auto_opp,stadincijfers.antwerpen.be,URLError,unreachable,2026-09-29
https://stadincijfers.antwerpen.be/viewer?var=vkslachtoffer_auto_pct,stadincijfers.antwerpen.be,URLError,unreachable,2026-09-29
https://stadincijfers.antwerpen.be/viewer?var=vkslachtoffer_bromfiets,stadincijfers.antwerpen.be,URLError,unreachable,2026-09-29
https://stadincijfers.antwerpen.be/viewer?var=vkslachtoffer_bromfiets_m,stadincijfers.antwerpen.be,URLError,unreachable,2026-09-29
https://stadincijfers.antwerpen.be/viewer?var=vkslachtoffer_bromfiets_opp,stadincijfers.antwerpen.be,URLError,unreachable,2026-09-29
https://stadincijfers.antwerpen.be/viewer?var=vkslachtoffer_bromfiets_pct,stadincijfers.antwerpen.be,URLError,unreachable,2026-09-29
https://stadincijfers.antwerpen.be/viewer?var=vkslachtoffer_dode,stadincijfers.antwerpen.be,URLError,unreachable,2026-09-29
https://stadincijfers.antwerpen.be/viewer?var=vkslachtoffer_dode_m,stadincijfers.antwerpen.be,URLError,unreachable,2026-09-29
https://stadincijfers.antwerpen.be/viewer?var=vkslachtoffer_dode_opp,stadincijfers.antwerpen.be,URLError,unreachable,2026-09-29
https://stadincijfers.antwerpen.be/viewer?var=vkslachtoffer_dode_pct,stadincijfers.antwerpen.be,URLError,unreachable,2026-09-29
https://stadincijfers.antwerpen.be/viewer?var=vkslachtoffer_dode_zgw,stadincijfers.antwerpen.be,URLError,unreachable,2026-09-29
https://stadincijfers.antwerpen.be/viewer?var=vkslachtoffer_dode_zwaar,stadincijfers.antwerpen.be,URLError,unreachable,2026-09-29
https://stadincijfers.antwerpen.be/viewer?var=vkslachtoffer_dode_zwaar_m,stadincijfers.antwerpen.be,URLError,unreachable,2026-09-29
https://stadincijfers.antwerpen.be/viewer?var=vkslachtoffer_dode_zwaar_opp,stadincijfers.antwerpen.be,URLError,unreachable,2026-09-29
https://stadincijfers.antwerpen.be/viewer?var=vkslachtoffer_dode_zwaar_pct,stadincijfers.antwerpen.be,URLError,unreachable,2026-09-29
https://stadincijfers.antwerpen.be/viewer?var=vkslachtoffer_fietser,stadincijfers.antwerpen.be,URLError,unreachable,2026-09-29
https://stadincijfers.antwerpen.be/viewer?var=vkslachtoffer_fietser_m,stadincijfers.antwerpen.be,URLError,unreachable,2026-09-29
https://stadincijfers.antwerpen.be/viewer?var=vkslachtoffer_fietser_opp,stadincijfers.antwerpen.be,URLError,unreachable,2026-09-29
https://stadincijfers.antwerpen.be/viewer?var=vkslachtoffer_fietser_pct,stadincijfers.antwerpen.be,URLError,unreachable,2026-09-29
https://stadincijfers.antwerpen.be/viewer?var=vkslachtoffer_inzittend,stadincijfers.antwerpen.be,URLError,unreachable,2026-09-29
https://stadincijfers.antwerpen.be/viewer?var=vkslachtoffer_inzittend_m,stadincijfers.antwerpen.be,URLError,unreachable,2026-09-29
https://stadincijfers.antwerpen.be/viewer?var=vkslachtoffer_inzittend_opp,stadincijfers.antwerpen.be,URLError,unreachable,2026-09-29
https://stadincijfers.antwerpen.be/viewer?var=vkslachtoffer_inzittend_pct,stadincijfers.antwerpen.be,URLError,unreachable,2026-09-29
https://stadincijfers.antwerpen.be/viewer?var=vkslachtoffer_licht,stadincijfers.antwerpen.be,URLError,unreachable,2026-09-29
https://stadincijfers.antwerpen.be/viewer?var=vkslachtoffer_licht_m,stadincijfers.antwerpen.be,URLError,unreachable,2026-09-29
https://stadincijfers.antwerpen.be/viewer?var=vkslachtoffer_licht_opp,stadincijfers.antwerpen.be,URLError,unreachable,2026-09-29
https://stadincijfers.antwerpen.be/viewer?var=vkslachtoffer_licht_pct,stadincijfers.antwerpen.be,URLError,unreachable,2026-09-29
https://stadincijfers.antwerpen.be/viewer?var=vkslachtoffer_m,stadincijfers.antwerpen.be,URLError,unreachable,2026-09-29
https://stadincijfers.antwerpen.be/viewer?var=vkslachtoffer_motorfiets,stadincijfers.antwerpen.be,URLError,unreachable,2026-09-29
https://stadincijfers.antwerpen.be/viewer?var=vkslachtoffer_motorfiets_m,stadincijfers.antwerpen.be,URLError,unreachable,2026-09-29
https://stadincijfers.antwerpen.be/viewer?var=vkslachtoffer_motorfiets_pct,stadincijfers.antwerpen.be,URLError,unreachable,2026-09-29
https://stadincijfers.antwerpen.be/viewer?var=vkslachtoffer_openbaar,stadincijfers.antwerpen.be,URLError,unreachable,2026-09-29
https://stadincijfers.antwerpen.be/viewer?var=vkslachtoffer_openbaar_m,stadincijfers.antwerpen.be,URLError,unreachable,2026-09-29
https://stadincijfers.antwerpen.be/viewer?var=vkslachtoffer_openbaar_opp,stadincijfers.antwerpen.be,URLError,unreachable,2026-09-29
https://stadincijfers.antwerpen.be/viewer?var=vkslachtoffer_openbaar_pct,stadincijfers.antwerpen.be,URLError,unreachable,2026-09-29
https://stadincijfers.antwerpen.be/viewer?var=vkslachtoffer_opp,stadincijfers.antwerpen.be,URLError,unreachable,2026-09-29
https://stadincijfers.antwerpen.be/viewer?var=vkslachtoffer_oppotorfiets_opp,stadincijfers.antwerpen.be,URLError,unreachable,2026-09-29
https://stadincijfers.antwerpen.be/viewer?var=vkslachtoffer_voetganger,stadincijfers.antwerpen.be,URLError,unreachable,2026-09-29
https://stadincijfers.antwerpen.be/viewer?var=vkslachtoffer_voetganger_m,stadincijfers.antwerpen.be,URLError,unreachable,2026-09-29
https://stadincijfers.antwerpen.be/viewer?var=vkslachtoffer_voetganger_opp,stadincijfers.antwerpen.be,URLError,unreachable,2026-09-29
https://stadincijfers.antwerpen.be/viewer?var=vkslachtoffer_voetganger_pct,stadincijfers.antwerpen.be,URLError,unreachable,2026-09-29
https://stadincijfers.antwerpen.be/viewer?var=vkslachtoffer_vrachtwagen,stadincijfers.antwerpen.be,URLError,unreachable,2026-09-29
https://stadincijfers.antwerpen.be/viewer?var=vkslachtoffer_vrachtwagen_m,stadincijfers.antwerpen.be,URLError,unreachable,2026-09-29
https://stadincijfers.antwerpen.be/viewer?var=vkslachtoffer_vrachtwagen_opp,stadincijfers.antwerpen.be,URLError,unreachable,2026-09-29
https://stadincijfers.antwerpen.be/viewer?var=vkslachtoffer_vrachtwagen_pct,stadincijfers.antwerpen.be,URLError,unreachable,2026-09-29
https://stadincijfers.antwerpen.be/viewer?var=vkslachtoffer_zwaar,stadincijfers.antwerpen.be,URLError,unreachable,2026-09-29
https://stadincijfers.antwerpen.be/viewer?var=vkslachtoffer_zwaar_m,stadincijfers.antwerpen.be,URLError,unreachable,2026-09-29
https://stadincijfers.antwerpen.be/viewer?var=vkslachtoffer_zwaar_opp,stadincijfers.antwerpen.be,URLError,unreachable,2026-09-29
https://stadincijfers.antwerpen.be/viewer?var=vkslachtoffer_zwaar_pct,stadincijfers.antwerpen.be,URLError,unreachable,2026-09-29
https://stadincijfers.antwerpen.be/viewer?var=vkslachtoffercube,stadincijfers.antwerpen.be,URLError,unreachable,2026-09-29
https://stadincijfers.antwerpen.be/viewer?var=vkslachtofferp_dode_zgw,stadincijfers.antwerpen.be,URLError,unreachable,2026-09-29
https://stadincijfers.antwerpen.be/viewer?var=vouwfiets_pct,stadincijfers.antwerpen.be,URLError,unreachable,2026-09-29
https://stadincijfers.antwerpen.be/viewer?var=vt_frq_l30d_park_p,stadincijfers.antwerpen.be,URLError,unreachable,2026-09-29
https://stadincijfers.antwerpen.be/viewer?var=vt_frq_l30d_speelruimtekinderen_p,stadincijfers.antwerpen.be,URLError,unreachable,2026-09-29
https://stadincijfers.antwerpen.be/viewer?var=vt_frq_l7d_gaanfietsen_p,stadincijfers.antwerpen.be,URLError,unreachable,2026-09-29
https://stadincijfers.antwerpen.be/viewer?var=vt_frq_l7d_gaanhardlopen_p,stadincijfers.antwerpen.be,URLError,unreachable,2026-09-29
https://stadincijfers.antwerpen.be/viewer?var=vt_frq_l7d_gaanzwemmen_p,stadincijfers.antwerpen.be,URLError,unreachable,2026-09-29
https://stadincijfers.antwerpen.be/viewer?var=vt_frq_l7d_sportbeoefend_p,stadincijfers.antwerpen.be,URLError,unreachable,2026-09-29
https://stadincijfers.antwerpen.be/viewer?var=vt_frq_l7d_sporthalofsportterrein_p,stadincijfers.antwerpen.be,URLError,unreachable,2026-09-29
https://stadincijfers.antwerpen.be/viewer?var=wagenbezetting,stadincijfers.antwerpen.be,URLError,unreachable,2026-09-29
https://stadincijfers.antwerpen.be/viewer?var=wagenbezetting_flex,stadincijfers.antwerpen.be,URLError,unreachable,2026-09-29
https://stadincijfers.antwerpen.be/viewer?var=wagenbezetting_flex_pct,stadincijfers.antwerpen.be,URLError,unreachable,2026-09-29
https://stadincijfers.antwerpen.be/viewer?var=wagenbezetting_ntspits,stadincijfers.antwerpen.be,URLError,unreachable,2026-09-29
https://stadincijfers.antwerpen.be/viewer?var=wagenbezetting_ntspits_pct,stadincijfers.antwerpen.be,URLError,unreachable,2026-09-29
https://stadincijfers.antwerpen.be/viewer?var=wagenbezetting_pct,stadincijfers.antwerpen.be,URLError,unreachable,2026-09-29
https://stadincijfers.antwerpen.be/viewer?var=wagenbezetting_spits,stadincijfers.antwerpen.be,URLError,unreachable,2026-09-29
https://stadincijfers.antwerpen.be/viewer?var=wagenbezetting_spits_pct,stadincijfers.antwerpen.be,URLError,unreachable,2026-09-29
https://stadincijfers.antwerpen.be/viewer?var=wagenbezetting_variab,stadincijfers.antwerpen.be,URLError,unreachable,2026-09-29
https://stadincijfers.antwerpen.be/viewer?var=wagenbezetting_variab_pct,stadincijfers.antwerpen.be,URLError,unreachable,2026-09-29
https://stadincijfers.antwerpen.be/viewer?var=wgr_tekort_norm,stadincijfers.antwerpen.be,URLError,unreachable,2026-09-29
https://stadincijfers.antwerpen.be/viewer?var=wgr_tekort_norm_ha,stadincijfers.antwerpen.be,URLError,unreachable,2026-09-29
https://stadincijfers.antwerpen.be/viewer?var=wgr_tekort_norm_tss,stadincijfers.antwerpen.be,URLError,unreachable,2026-09-29
https://stadincijfers.antwerpen.be/viewer?var=wijk_feit_2,stadincijfers.antwerpen.be,URLError,unreachable,2026-09-29
https://stadincijfers.antwerpen.be/viewer?var=wn_modalsplit_werk_anders,stadincijfers.antwerpen.be,URLError,unreachable,2026-09-29
https://stadincijfers.antwerpen.be/viewer?var=wn_modalsplit_werk_auto,stadincijfers.antwerpen.be,URLError,unreachable,2026-09-29
https://stadincijfers.antwerpen.be/viewer?var=wn_modalsplit_werk_duurz,stadincijfers.antwerpen.be,URLError,unreachable,2026-09-29
https://stadincijfers.antwerpen.be/viewer?var=wn_modalsplit_werk_fiets,stadincijfers.antwerpen.be,URLError,unreachable,2026-09-29
https://stadincijfers.antwerpen.be/viewer?var=wn_modalsplit_werk_ov,stadincijfers.antwerpen.be,URLError,unreachable,2026-09-29
https://stadincijfers.antwerpen.be/viewer?var=wn_modalsplit_werk_voet,stadincijfers.antwerpen.be,URLError,unreachable,2026-09-29
https://stadincijfers.antwerpen.be/viewer?var=wna_modalsplit_werk_anders,stadincijfers.antwerpen.be,URLError,unreachable,2026-09-29
https://stadincijfers.antwerpen.be/viewer?var=wna_modalsplit_werk_auto,stadincijfers.antwerpen.be,URLError,unreachable,2026-09-29
https://stadincijfers.antwerpen.be/viewer?var=wna_modalsplit_werk_duurz,stadincijfers.antwerpen.be,URLError,unreachable,2026-09-29
https://stadincijfers.antwerpen.be/viewer?var=wna_modalsplit_werk_fiets,stadincijfers.antwerpen.be,URLError,unreachable,2026-09-29
https://stadincijfers.antwerpen.be/viewer?var=wna_modalsplit_werk_ov,stadincijfers.antwerpen.be,URLError,unreachable,2026-09-29
https://stadincijfers.antwerpen.be/viewer?var=wna_modalsplit_werk_voet,stadincijfers.antwerpen.be,URLError,unreachable,2026-09-29
https://stadincijfers.antwerpen.be/viewer?var=wnnta_modalsplit_werk_anders,stadincijfers.antwerpen.be,URLError,unreachable,2026-09-29
https://stadincijfers.antwerpen.be/viewer?var=wnnta_modalsplit_werk_auto,stadincijfers.antwerpen.be,URLError,unreachable,2026-09-29
https://stadincijfers.antwerpen.be/viewer?var=wnnta_modalsplit_werk_duurz,stadincijfers.antwerpen.be,URLError,unreachable,2026-09-29
https://stadincijfers.antwerpen.be/viewer?var=wnnta_modalsplit_werk_fiets,stadincijfers.antwerpen.be,URLError,unreachable,2026-09-29
https://stadincijfers.antwerpen.be/viewer?var=wnnta_modalsplit_werk_ov,stadincijfers.antwerpen.be,URLError,unreachable,2026-09-29
https://stadincijfers.antwerpen.be/viewer?var=wnnta_modalsplit_werk_voet,stadincijfers.antwerpen.be,URLError,unreachable,2026-09-29
https://stadincijfers.antwerpen.be/viewer?var=won_buurt_fietspadenveilig_p,stadincijfers.antwerpen.be,URLError,unreachable,2026-09-29
https://stadincijfers.antwerpen.be/viewer?var=won_buurt_schoolomgevingverkeersveilig_p,stadincijfers.antwerpen.be,URLError,unreachable,2026-09-29
https://stadincijfers.antwerpen.be/viewer?var=won_buurt_stratenpleinenmooi_p,stadincijfers.antwerpen.be,URLError,unreachable,2026-09-29
https://stadincijfers.antwerpen.be/viewer?var=won_buurt_voldoendefietspaden_p,stadincijfers.antwerpen.be,URLError,unreachable,2026-09-29
https://stadincijfers.antwerpen.be/viewer?var=won_buurt_voldoendegroen_p,stadincijfers.antwerpen.be,URLError,unreachable,2026-09-29
https://stadincijfers.antwerpen.be/viewer?var=won_buurt_voldparkeerplaatsenbewoners_p,stadincijfers.antwerpen.be,URLError,unreachable,2026-09-29
https://stadincijfers.antwerpen.be/viewer?var=won_buurt_voldparkeervoorzieningenbezoekers_p,stadincijfers.antwerpen.be,URLError,unreachable,2026-09-29
https://stadincijfers.antwerpen.be/viewer?var=won_voorz_kinderentot12_p,stadincijfers.antwerpen.be,URLError,unreachable,2026-09-29
https://stadincijfers.antwerpen.be/viewer?var=won_voorz_openbaarvervoer_p,stadincijfers.antwerpen.be,URLError,unreachable,2026-09-29
https://stadincijfers.antwerpen.be/viewer?var=won_voorz_sportinfrastructuur_p,stadincijfers.antwerpen.be,URLError,unreachable,2026-09-29
https://stadincijfers.antwerpen.be/viewer?var=ww_auto_10tot15km,stadincijfers.antwerpen.be,URLError,unreachable,2026-09-29
https://stadincijfers.antwerpen.be/viewer?var=ww_auto_15tot20km,stadincijfers.antwerpen.be,URLError,unreachable,2026-09-29
https://stadincijfers.antwerpen.be/viewer?var=ww_auto_20tot30km,stadincijfers.antwerpen.be,URLError,unreachable,2026-09-29
https://stadincijfers.antwerpen.be/viewer?var=ww_auto_2km,stadincijfers.antwerpen.be,URLError,unreachable,2026-09-29
https://stadincijfers.antwerpen.be/viewer?var=ww_auto_2tot5km,stadincijfers.antwerpen.be,URLError,unreachable,2026-09-29
https://stadincijfers.antwerpen.be/viewer?var=ww_auto_30tot40km,stadincijfers.antwerpen.be,URLError,unreachable,2026-09-29
https://stadincijfers.antwerpen.be/viewer?var=ww_auto_40km,stadincijfers.antwerpen.be,URLError,unreachable,2026-09-29
https://stadincijfers.antwerpen.be/viewer?var=ww_auto_5tot7km,stadincijfers.antwerpen.be,URLError,unreachable,2026-09-29
https://stadincijfers.antwerpen.be/viewer?var=ww_auto_7tot10km,stadincijfers.antwerpen.be,URLError,unreachable,2026-09-29
https://stadincijfers.antwerpen.be/viewer?var=ww_fiets_10tot15km,stadincijfers.antwerpen.be,URLError,unreachable,2026-09-29
https://stadincijfers.antwerpen.be/viewer?var=ww_fiets_15tot20km,stadincijfers.antwerpen.be,URLError,unreachable,2026-09-29
https://stadincijfers.antwerpen.be/viewer?var=ww_fiets_20tot30km,stadincijfers.antwerpen.be,URLError,unreachable,2026-09-29
https://stadincijfers.antwerpen.be/viewer?var=ww_fiets_2km,stadincijfers.antwerpen.be,URLError,unreachable,2026-09-29
https://stadincijfers.antwerpen.be/viewer?var=ww_fiets_2tot5km,stadincijfers.antwerpen.be,URLError,unreachable,2026-09-29
https://stadincijfers.antwerpen.be/viewer?var=ww_fiets_30tot40km,stadincijfers.antwerpen.be,URLError,unreachable,2026-09-29
https://stadincijfers.antwerpen.be/viewer?var=ww_fiets_40km,stadincijfers.antwerpen.be,URLError,unreachable,2026-09-29
https://stadincijfers.antwerpen.be/viewer?var=ww_fiets_5tot7km,stadincijfers.antwerpen.be,URLError,unreachable,2026-09-29
https://stadincijfers.antwerpen.be/viewer?var=ww_fiets_7tot10km,stadincijfers.antwerpen.be,URLError,unreachable,2026-09-29
https://stadincijfers.antwerpen.be/viewer?var=ww_ov_10tot15km,stadincijfers.antwerpen.be,URLError,unreachable,2026-09-29
https://stadincijfers.antwerpen.be/viewer?var=ww_ov_15tot20km,stadincijfers.antwerpen.be,URLError,unreachable,2026-09-29
https://stadincijfers.antwerpen.be/viewer?var=ww_ov_20tot30km,stadincijfers.antwerpen.be,URLError,unreachable,2026-09-29
https://stadincijfers.antwerpen.be/viewer?var=ww_ov_2km,stadincijfers.antwerpen.be,URLError,unreachable,2026-09-29
https://stadincijfers.antwerpen.be/viewer?var=ww_ov_2tot5km,stadincijfers.antwerpen.be,URLError,unreachable,2026-09-29
https://stadincijfers.antwerpen.be/viewer?var=ww_ov_30tot40km,stadincijfers.antwerpen.be,URLError,unreachable,2026-09-29
https://stadincijfers.antwerpen.be/viewer?var=ww_ov_40km,stadincijfers.antwerpen.be,URLError,unreachable,2026-09-29
https://stadincijfers.antwerpen.be/viewer?var=ww_ov_5tot7km,stadincijfers.antwerpen.be,URLError,unreachable,2026-09-29
https://stadincijfers.antwerpen.be/viewer?var=ww_ov_7tot10km,stadincijfers.antwerpen.be,URLError,unreachable,2026-09-29
https://stadincijfers.antwerpen.be/viewer?var=ww_tevoet_10tot15km,stadincijfers.antwerpen.be,URLError,unreachable,2026-09-29
https://stadincijfers.antwerpen.be/viewer?var=ww_tevoet_15tot20km,stadincijfers.antwerpen.be,URLError,unreachable,2026-09-29
https://stadincijfers.antwerpen.be/viewer?var=ww_tevoet_20tot30km,stadincijfers.antwerpen.be,URLError,unreachable,2026-09-29
https://stadincijfers.antwerpen.be/viewer?var=ww_tevoet_2km,stadincijfers.antwerpen.be,URLError,unreachable,2026-09-29
https://stadincijfers.antwerpen.be/viewer?var=ww_tevoet_2tot5km,stadincijfers.antwerpen.be,URLError,unreachable,2026-09-29
https://stadincijfers.antwerpen.be/viewer?var=ww_tevoet_30tot40km,stadincijfers.antwerpen.be,URLError,unreachable,2026-09-29
https://stadincijfers.antwerpen.be/viewer?var=ww_tevoet_40km,stadincijfers.antwerpen.be,URLError,unreachable,2026-09-29
https://stadincijfers.antwerpen.be/viewer?var=ww_tevoet_5tot7km,stadincijfers.antwerpen.be,URLError,unreachable,2026-09-29
https://stadincijfers.antwerpen.be/viewer?var=ww_tevoet_7tot10km,stadincijfers.antwerpen.be,URLError,unreachable,2026-09-29
https://stadincijfers.antwerpen.be/viewer?var=ww_tevreden,stadincijfers.antwerpen.be,URLError,unreachable,2026-09-29
https://stadincijfers.antwerpen.be/viewer?var=ww_tevreden_auto,stadincijfers.antwerpen.be,URLError,unreachable,2026-09-29
https://stadincijfers.antwerpen.be/viewer?var=ww_tevreden_auto_pct,stadincijfers.antwerpen.be,URLError,unreachable,2026-09-29
https://stadincijfers.antwerpen.be/viewer?var=ww_tevreden_fiets,stadincijfers.antwerpen.be,URLError,unreachable,2026-09-29
https://stadincijfers.antwerpen.be/viewer?var=ww_tevreden_fiets_pct,stadincijfers.antwerpen.be,URLError,unreachable,2026-09-29
https://stadincijfers.antwerpen.be/viewer?var=ww_tevreden_flex,stadincijfers.antwerpen.be,URLError,unreachable,2026-09-29
https://stadincijfers.antwerpen.be/viewer?var=ww_tevreden_flex_pct,stadincijfers.antwerpen.be,URLError,unreachable,2026-09-29
https://stadincijfers.antwerpen.be/viewer?var=ww_tevreden_ntspits,stadincijfers.antwerpen.be,URLError,unreachable,2026-09-29
https://stadincijfers.antwerpen.be/viewer?var=ww_tevreden_ntspits_pct,stadincijfers.antwerpen.be,URLError,unreachable,2026-09-29
https://stadincijfers.antwerpen.be/viewer?var=ww_tevreden_ov,stadincijfers.antwerpen.be,URLError,unreachable,2026-09-29
https://stadincijfers.antwerpen.be/viewer?var=ww_tevreden_ov_pct,stadincijfers.antwerpen.be,URLError,unreachable,2026-09-29
https://stadincijfers.antwerpen.be/viewer?var=ww_tevreden_pct,stadincijfers.antwerpen.be,URLError,unreachable,2026-09-29
https://stadincijfers.antwerpen.be/viewer?var=ww_tevreden_spits,stadincijfers.antwerpen.be,URLError,unreachable,2026-09-29
https://stadincijfers.antwerpen.be/viewer?var=ww_tevreden_spits_pct,stadincijfers.antwerpen.be,URLError,unreachable,2026-09-29
https://stadincijfers.antwerpen.be/viewer?var=ww_tevreden_variab,stadincijfers.antwerpen.be,URLError,unreachable,2026-09-29
https://stadincijfers.antwerpen.be/viewer?var=ww_tevreden_variab_pct,stadincijfers.antwerpen.be,URLError,unreachable,2026-09-29
https://stadincijfers.antwerpen.be/viewer?var=wzc_boven20_no2,stadincijfers.antwerpen.be,URLError,unreachable,2026-09-29
https://stadincijfers.antwerpen.be/viewer?var=wzc_bovennorm_no2,stadincijfers.antwerpen.be,URLError,unreachable,2026-09-29
https://stadincijfers.antwerpen.be/viewer?var=zone30_inw,stadincijfers.antwerpen.be,URLError,unreachable,2026-09-29
https://statbel.fgov.be/nl/open-data/geolocalisatie-van-de-verkeersongevallen-2017-2024,statbel.fgov.be,200,ok,2026-09-29
https://statistics.ubos.org/nphc/drilldown,statistics.ubos.org,200,ok,2026-09-29
https://systems.inei.gob.pe/SIRTOD/app/consulta,systems.inei.gob.pe,URLError,unreachable,2026-09-29
https://telraam.net/nl/network/universiteit-antwerpen,telraam.net,200,ok,2026-09-29
https://upf.go.ug/wp-content/uploads/2025/02/ACR2024-Web.pdf,upf.go.ug,200,ok,2026-09-29
https://verkeersveiligheid.ndw.nu/dataset/breedtelabel-fietspaden,verkeersveiligheid.ndw.nu,200,ok,2026-09-29
https://verkeersveiligheid.ndw.nu/dataset/monitor-snelheid,verkeersveiligheid.ndw.nu,200,ok,2026-09-29
https://verkeersveiligheid.ndw.nu/dataset/spi-score-gescheiden-voorziening-voor-fietsers,verkeersveiligheid.ndw.nu,200,ok,2026-09-29
https://verkeersveiligheid.ndw.nu/dataset/versmallingen,verkeersveiligheid.ndw.nu,200,ok,2026-09-29
https://verkeersveiligheid.ndw.nu/dataset/voetgangersoversteekplaatsen,verkeersveiligheid.ndw.nu,200,ok,2026-09-29
https://vmm.vlaanderen.be/feiten-cijfers/lucht,vmm.vlaanderen.be,200,ok,2026-09-29
https://www.arcgis.com/home/item.html?id=37dc58161de54bc69940819af6a7b231,www.arcgis.com,200,ok,2026-09-29
https://www.arcgis.com/home/item.html?id=49d4a714a562434c84d8700b84191fe2,www.arcgis.com,200,ok,2026-09-29
https://www.arcgis.com/home/item.html?id=992016b2ab8448f3b44ea966bd465148,www.arcgis.com,200,ok,2026-09-29
https://www.arcgis.com/home/item.html?id=a140386ad43c47d599d4b362774290f0,www.arcgis.com,200,ok,2026-09-29
https://www.arcgis.com/home/item.html?id=ad2e274bc9204bf7b694fa532cd57e36,www.arcgis.com,200,ok,2026-09-29
https://www.arcgis.com/home/item.html?id=d472cf61fe27473eaf6f9e705e2bf0ae,www.arcgis.com,200,ok,2026-09-29
https://www.arso.gov.si/zrak/kakovost%20zraka/,www.arso.gov.si,200,ok,2026-09-29
https://www.bicikelj.si,www.bicikelj.si,200,ok,2026-09-29
https://www.cbs.nl/nl-nl/cijfers/detail/86211NED,www.cbs.nl,200,ok,2026-09-29
https://www.cbs.nl/nl-nl/longread/rapportages/2024/odin-2023-metropoolregio-rotterdam-den-haag-eindrapportage/2-reizigerskilometers,www.cbs.nl,200,ok,2026-09-29
https://www.cbs.nl/nl-nl/longread/rapportages/2024/odin-2023-metropoolregio-rotterdam-den-haag-eindrapportage/3-gemiddeld-aantal-verplaatsingen-per-persoon-per-dag,www.cbs.nl,200,ok,2026-09-29
https://www.cbs.nl/nl-nl/longread/rapportages/2024/odin-2023-metropoolregio-rotterdam-den-haag-eindrapportage/4-gemiddelde-afgelegde-afstand-per-verplaatsing,www.cbs.nl,200,ok,2026-09-29
https://www.datosabiertos.gob.pe/dataset/%C3%A1reas-naturales-protegidas-de-administraci%C3%B3n-nacional-definitiva/resource/df564d74-2ba9-464f,www.datosabiertos.gob.pe,418,error,2026-09-29
https://www.datosabiertos.gob.pe/dataset/1-numero-de-usuarios-pagantes-y-gratuidades-de-parques-zonales-y-metropolitanos-serpar-0,www.datosabiertos.gob.pe,418,error,2026-09-29
https://www.datosabiertos.gob.pe/dataset/1-numero-de-usuarios-pagantes-y-gratuidades-de-parques-zonales-y-metropolitanos-serpar-lima,www.datosabiertos.gob.pe,418,error,2026-09-29
https://www.datosabiertos.gob.pe/dataset/2-distribuci%C3%B3n-de-arboles-por-distrito-serpar-lima,www.datosabiertos.gob.pe,418,error,2026-09-29
https://www.datosabiertos.gob.pe/dataset/3-programa-de-arborizacion-serpar-lima,www.datosabiertos.gob.pe,418,error,2026-09-29
https://www.datosabiertos.gob.pe/dataset/4-agenda-de-escuelas-deportivas-de-los-clubes-zonales-y-metropolitanos-serpar-lima,www.datosabiertos.gob.pe,418,error,2026-09-29
https://www.datosabiertos.gob.pe/dataset/5-agenda-de-actividades-deportivas-de-los-parques-zonales-y-metropolitanos-serpar-lima,www.datosabiertos.gob.pe,418,error,2026-09-29
https://www.datosabiertos.gob.pe/dataset/5-agenda-de-actividades-deportivas-de-los-parques-zonales-y-metropolitanos-serpar-lima-0,www.datosabiertos.gob.pe,418,error,2026-09-29
https://www.datosabiertos.gob.pe/dataset/actividades-deportivas-municipalidad-de-miraflores,www.datosabiertos.gob.pe,418,error,2026-09-29
https://www.datosabiertos.gob.pe/dataset/afiliados-activos-en-el-seguro-integral-de-salud-con-diagn%C3%B3stico-de-diabetes-mellitus-sis,www.datosabiertos.gob.pe,418,error,2026-09-29
https://www.datosabiertos.gob.pe/dataset/afiliados-activos-en-el-seguro-integral-de-salud-con-diagn%C3%B3stico-de-diabetes-mellitus-sis-10,www.datosabiertos.gob.pe,418,error,2026-09-29
https://www.datosabiertos.gob.pe/dataset/afiliados-activos-en-el-seguro-integral-de-salud-con-diagn%C3%B3stico-de-diabetes-mellitus-sis-11,www.datosabiertos.gob.pe,418,error,2026-09-29
https://www.datosabiertos.gob.pe/dataset/afiliados-activos-en-el-seguro-integral-de-salud-con-diagn%C3%B3stico-de-diabetes-mellitus-sis-3,www.datosabiertos.gob.pe,418,error,2026-09-29
https://www.datosabiertos.gob.pe/dataset/afiliados-activos-en-el-seguro-integral-de-salud-con-diagn%C3%B3stico-de-diabetes-mellitus-sis-4,www.datosabiertos.gob.pe,418,error,2026-09-29
https://www.datosabiertos.gob.pe/dataset/afiliados-activos-en-el-seguro-integral-de-salud-con-diagn%C3%B3stico-de-diabetes-mellitus-sis-5,www.datosabiertos.gob.pe,418,error,2026-09-29
https://www.datosabiertos.gob.pe/dataset/afiliados-activos-en-el-seguro-integral-de-salud-con-diagn%C3%B3stico-de-diabetes-mellitus-sis-6,www.datosabiertos.gob.pe,418,error,2026-09-29
https://www.datosabiertos.gob.pe/dataset/afiliados-activos-en-el-seguro-integral-de-salud-con-diagn%C3%B3stico-de-diabetes-mellitus-sis-7,www.datosabiertos.gob.pe,418,error,2026-09-29
https://www.datosabiertos.gob.pe/dataset/afiliados-activos-en-el-seguro-integral-de-salud-con-diagn%C3%B3stico-de-diabetes-mellitus-sis-8,www.datosabiertos.gob.pe,418,error,2026-09-29
https://www.datosabiertos.gob.pe/dataset/afiliados-activos-en-el-seguro-integral-de-salud-con-diagn%C3%B3stico-de-diabetes-mellitus-sis-9,www.datosabiertos.gob.pe,418,error,2026-09-29
https://www.datosabiertos.gob.pe/dataset/agenda-de-actividades-deportivas-de-los-parques-zonales-y-metropolitanos-serpar-lima-0,www.datosabiertos.gob.pe,418,error,2026-09-29
https://www.datosabiertos.gob.pe/dataset/agenda-de-actividades-deportivas-de-los-parques-zonales-y-metropolitanos-serpar-lima-3,www.datosabiertos.gob.pe,418,error,2026-09-29
https://www.datosabiertos.gob.pe/dataset/agenda-de-escuelas-deportivas-de-los-clubes-zonales-y-metropolitanos-serpar-lima/resource,www.datosabiertos.gob.pe,418,error,2026-09-29
https://www.datosabiertos.gob.pe/dataset/alumnos-matriculados-en-los-talleres-de-la-municipalidad-distrital-de-pueblo-libre-mpl,www.datosabiertos.gob.pe,418,error,2026-09-29
https://www.datosabiertos.gob.pe/dataset/alumnos-matriculados-en-los-talleres-de-la-municipalidad-distrital-de-pueblo-libre-mpl-0,www.datosabiertos.gob.pe,418,error,2026-09-29
https://www.datosabiertos.gob.pe/dataset/atractivos-tur%C3%ADsticos-municipalidad-de-miraflores/resource/213a2606-5c23-4dd1-ac34,www.datosabiertos.gob.pe,418,error,2026-09-29
https://www.datosabiertos.gob.pe/dataset/atractivos-tur%C3%ADsticos-municipalidad-de-miraflores/resource/77d26e68-99c1-4570-9369,www.datosabiertos.gob.pe,418,error,2026-09-29
https://www.datosabiertos.gob.pe/dataset/ciclov%C3%ADas-existentes-en-lima-metropolitana-municipalidad-metropolitana-de-lima-mml,www.datosabiertos.gob.pe,418,error,2026-09-29
https://www.datosabiertos.gob.pe/dataset/ciudad-sostenible-municipalidad-de-san-isidro/resource/4d0a26c8-2835-4df3-bdff-ec105b3766e4,www.datosabiertos.gob.pe,418,error,2026-09-29
https://www.datosabiertos.gob.pe/dataset/ciudad-sostenible-municipalidad-de-san-isidro/resource/5d20ba6c-4185-42c5-a97b-26822d84d4ac,www.datosabiertos.gob.pe,418,error,2026-09-29
https://www.datosabiertos.gob.pe/dataset/ciudad-sostenible-municipalidad-de-san-isidro/resource/f65b64f2-e1d9-46aa-946c-fe8b9ad69a9d,www.datosabiertos.gob.pe,418,error,2026-09-29
https://www.datosabiertos.gob.pe/dataset/clubes-deportivos-inscritos-en-el-registro-nacional-del-deporte-instituto-peruano-del,www.datosabiertos.gob.pe,418,error,2026-09-29
https://www.datosabiertos.gob.pe/dataset/clubes-deportivos-inscritos-en-el-registro-nacional-del-deporte-instituto-peruano-del-2,www.datosabiertos.gob.pe,418,error,2026-09-29
https://www.datosabiertos.gob.pe/dataset/clubes-deportivos-inscritos-en-el-registro-nacional-del-deporte-instituto-peruano-del-4,www.datosabiertos.gob.pe,418,error,2026-09-29
https://www.datosabiertos.gob.pe/dataset/clubes-deportivos-inscritos-en-el-registro-nacional-del-deporte-instituto-peruano-del-6,www.datosabiertos.gob.pe,418,error,2026-09-29
https://www.datosabiertos.gob.pe/dataset/cobertura-vegetal-ministerio-del-ambiente,www.datosabiertos.gob.pe,418,error,2026-09-29
https://www.datosabiertos.gob.pe/dataset/comisar%C3%ADas-b%C3%A1sicas-2019,www.datosabiertos.gob.pe,418,error,2026-09-29
https://www.datosabiertos.gob.pe/dataset/dataset-centros-poblados,www.datosabiertos.gob.pe,418,error,2026-09-29
https://www.datosabiertos.gob.pe/dataset/datos-de-afiliados-al-seguro-integral-de-salud-en-estado-actico-seguro-integral-de-salud-2,www.datosabiertos.gob.pe,418,error,2026-09-29
https://www.datosabiertos.gob.pe/dataset/datos-de-afiliados-al-seguro-integral-de-salud-en-estado-activo-sis/resource/67e59bdc-adec,www.datosabiertos.gob.pe,418,error,2026-09-29
https://www.datosabiertos.gob.pe/dataset/denuncias-policiales-1,www.datosabiertos.gob.pe,418,error,2026-09-29
https://www.datosabiertos.gob.pe/dataset/distribuci%C3%B3n-de-arboles-por-distrito-serpar-lima/resource/125ee84e-f145-4e4f-9b99,www.datosabiertos.gob.pe,418,error,2026-09-29
https://www.datosabiertos.gob.pe/dataset/distribucion-de-arboles-de-jesus-maria,www.datosabiertos.gob.pe,418,error,2026-09-29
https://www.datosabiertos.gob.pe/dataset/enfermedades-oncologicas-2023-2025,www.datosabiertos.gob.pe,418,error,2026-09-29
https://www.datosabiertos.gob.pe/dataset/equipo-de-alumbrado-p%C3%BAblico-organismo-supervisor-de-la-inversi%C3%B3n-en-energ%C3%ADa-y-miner%C3%ADa-1,www.datosabiertos.gob.pe,418,error,2026-09-29
https://www.datosabiertos.gob.pe/dataset/estaciones-de-micromovilidad-municipalidad-de-miraflores,www.datosabiertos.gob.pe,418,error,2026-09-29
https://www.datosabiertos.gob.pe/dataset/estaciones-del-metro-de-lima-linea-1/resource/540f3d3f-c476-4b11-9242-4741b5cc6e60,www.datosabiertos.gob.pe,418,error,2026-09-29
https://www.datosabiertos.gob.pe/dataset/ex%C3%A1menes-de-laboratorio-de-consulta-externa-de-pacientes-diagnosticados-con-patolog%C3%ADas,www.datosabiertos.gob.pe,418,error,2026-09-29
https://www.datosabiertos.gob.pe/dataset/ex%C3%A1menes-de-laboratorio-de-consulta-externa-de-pacientes-diagnosticados-con-patolog%C3%ADas-0,www.datosabiertos.gob.pe,418,error,2026-09-29
https://www.datosabiertos.gob.pe/dataset/ex%C3%A1menes-de-laboratorio-de-consulta-externa-de-pacientes-diagnosticados-con-patolog%C3%ADas-21,www.datosabiertos.gob.pe,418,error,2026-09-29
https://www.datosabiertos.gob.pe/dataset/ex%C3%A1menes-de-laboratorio-de-consulta-externa-de-pacientes-diagnosticados-con-patolog%C3%ADas-22,www.datosabiertos.gob.pe,418,error,2026-09-29
https://www.datosabiertos.gob.pe/dataset/ex%C3%A1menes-de-laboratorio-de-consulta-externa-de-pacientes-diagnosticados-con-patolog%C3%ADas-23,www.datosabiertos.gob.pe,418,error,2026-09-29
https://www.datosabiertos.gob.pe/dataset/ex%C3%A1menes-de-laboratorio-de-consulta-externa-de-pacientes-diagnosticados-con-patolog%C3%ADas-3,www.datosabiertos.gob.pe,418,error,2026-09-29
https://www.datosabiertos.gob.pe/dataset/ex%C3%A1menes-de-laboratorio-de-consulta-externa-de-pacientes-diagnosticados-con-patolog%C3%ADas-4,www.datosabiertos.gob.pe,418,error,2026-09-29
https://www.datosabiertos.gob.pe/dataset/ex%C3%A1menes-de-laboratorio-de-consulta-externa-de-pacientes-diagnosticados-con-patolog%C3%ADas-7,www.datosabiertos.gob.pe,418,error,2026-09-29
https://www.datosabiertos.gob.pe/dataset/ex%C3%A1menes-de-laboratorio-de-consulta-externa-de-pacientes-diagnosticados-con-patolog%C3%ADas-8,www.datosabiertos.gob.pe,418,error,2026-09-29
https://www.datosabiertos.gob.pe/dataset/federaciones-deportivas-nacionales-inscritas-en-el-registro-nacional-del-deporte-instituto,www.datosabiertos.gob.pe,418,error,2026-09-29
https://www.datosabiertos.gob.pe/dataset/federaciones-deportivas-nacionales-inscritas-en-el-registro-nacional-del-deporte-instituto-0,www.datosabiertos.gob.pe,418,error,2026-09-29
https://www.datosabiertos.gob.pe/dataset/federaciones-deportivas-nacionales-inscritas-en-el-registro-nacional-del-deporte-instituto-1,www.datosabiertos.gob.pe,418,error,2026-09-29
https://www.datosabiertos.gob.pe/dataset/incidencias-atendidas-por-el-observatorio-de-seguridad-ciudadana-de-la-municipalidad,www.datosabiertos.gob.pe,418,error,2026-09-29
https://www.datosabiertos.gob.pe/dataset/incidencias-atendidas-por-el-observatorio-de-seguridad-ciudadana-de-la-municipalidad-0,www.datosabiertos.gob.pe,418,error,2026-09-29
https://www.datosabiertos.gob.pe/dataset/indicadores-y-tendencias-para-planes-de-acci%C3%B3n-de-seguridad-ciudadana,www.datosabiertos.gob.pe,418,error,2026-09-29
https://www.datosabiertos.gob.pe/dataset/informaci%C3%B3n-de-fallecidos-del-sistema-inform%C3%A1tico-nacional-de-defunciones-sinadef-1,www.datosabiertos.gob.pe,418,error,2026-09-29
https://www.datosabiertos.gob.pe/dataset/informaci%C3%B3n-oncol%C3%B3gica-2023-2025-fondo-intangible-solidario-de-salud,www.datosabiertos.gob.pe,418,error,2026-09-29
https://www.datosabiertos.gob.pe/dataset/informacion-oncologica-2023-2025/resource/6725d1db-e612-4a0b-a845-20434567c7df,www.datosabiertos.gob.pe,418,error,2026-09-29
https://www.datosabiertos.gob.pe/dataset/infracciones-de-cinemometros-municipalidad-metropolitana-de-lima-mml,www.datosabiertos.gob.pe,418,error,2026-09-29
https://www.datosabiertos.gob.pe/dataset/infracciones-de-lima-reporta-municipalidad-metropolitana-de-lima-mml,www.datosabiertos.gob.pe,418,error,2026-09-29
https://www.datosabiertos.gob.pe/dataset/ingresos-por-parques-y-jardines-de-la-municipalidad-distrital-de-jes%C3%BAs-mar%C3%ADa-%E2%80%93-mdjm/resource,www.datosabiertos.gob.pe,418,error,2026-09-29
https://www.datosabiertos.gob.pe/dataset/instalaciones-de-distribuci%C3%B3n-en-baja-tensi%C3%B3n-servicio-de-alumbrado-p%C3%BAblico-de-las-2,www.datosabiertos.gob.pe,418,error,2026-09-29
https://www.datosabiertos.gob.pe/dataset/inventario-nacional-de-emisiones-de-gases-de-efecto-invernadero-ministerio-del-ambiente,www.datosabiertos.gob.pe,418,error,2026-09-29
https://www.datosabiertos.gob.pe/dataset/ligas-deportivas-inscritas-en-el-registro-nacional-del-deporte-instituto-peruano-del-2,www.datosabiertos.gob.pe,418,error,2026-09-29
https://www.datosabiertos.gob.pe/dataset/ligas-deportivas-inscritas-en-el-registro-nacional-del-deporte-instituto-peruano-del-4,www.datosabiertos.gob.pe,418,error,2026-09-29
https://www.datosabiertos.gob.pe/dataset/ligas-deportivas-inscritas-en-el-registro-nacional-del-deporte-instituto-peruano-del-deporte,www.datosabiertos.gob.pe,418,error,2026-09-29
https://www.datosabiertos.gob.pe/dataset/mdsi-cultura-e-innovacion-municipalidad-de-san-isidro/resource/9fd719b3-a846-4491-95fa,www.datosabiertos.gob.pe,TimeoutError,unreachable,2026-09-29
https://www.datosabiertos.gob.pe/dataset/mdsi-seguridad-ciudadana-transito-y-gestion-del-riesgo-de-desastres,www.datosabiertos.gob.pe,418,error,2026-09-29
https://www.datosabiertos.gob.pe/dataset/metas-por-sectores-relacionadas-la-estrategia-multisectorial-barrio-seguro,www.datosabiertos.gob.pe,418,error,2026-09-29
https://www.datosabiertos.gob.pe/dataset/mimp-n%C3%BAmero-de-casos-de-v%C3%ADctimas-de-feminicidio-atendidas-por-los-cem-seg%C3%BAn-grupo-de-edad-6,www.datosabiertos.gob.pe,418,error,2026-09-29
https://www.datosabiertos.gob.pe/dataset/monitoreo-de-calidad-de-aire-qaira%C2%A0de-la-municipalidad-de-miraflores,www.datosabiertos.gob.pe,418,error,2026-09-29
https://www.datosabiertos.gob.pe/dataset/monitoreo-de-los-contaminantes-del-aire-en-lima-metropolitana-servicio-nacional-de,www.datosabiertos.gob.pe,418,error,2026-09-29
https://www.datosabiertos.gob.pe/dataset/monitoreo-de-los-contaminantes-del-aire-en-lima-metropolitana-servicio-nacional-de-0,www.datosabiertos.gob.pe,418,error,2026-09-29
https://www.datosabiertos.gob.pe/dataset/morbilidad,www.datosabiertos.gob.pe,418,error,2026-09-29
https://www.datosabiertos.gob.pe/dataset/mpfn-delitos-denunciados,www.datosabiertos.gob.pe,418,error,2026-09-29
https://www.datosabiertos.gob.pe/dataset/mpfn-delitos/resource/fe4eea69-f001-4be9-a97f-41b0901bcf0e,www.datosabiertos.gob.pe,418,error,2026-09-29
https://www.datosabiertos.gob.pe/dataset/mtc-aate-estaciones-de-metro-de-lima-linea-1,www.datosabiertos.gob.pe,418,error,2026-09-29
https://www.datosabiertos.gob.pe/dataset/mtc-aate-horarios-de-sabado-de-estaci%C3%B3n-de-villa-del-salvador,www.datosabiertos.gob.pe,418,error,2026-09-29
https://www.datosabiertos.gob.pe/dataset/mtc-aate-horarios-lunes-viernes-de-estaci%C3%B3n-de-villa-del-salvador,www.datosabiertos.gob.pe,418,error,2026-09-29
https://www.datosabiertos.gob.pe/dataset/numero-de-usuarios-pagantes-y-gratuidades-de-parques-zonales-y-metropolitanos-serpar-lima-0,www.datosabiertos.gob.pe,418,error,2026-09-29
https://www.datosabiertos.gob.pe/dataset/numero-de-usuarios-pagantes-y-gratuidades-de-parques-zonales-y-metropolitanos-serpar-lima-3,www.datosabiertos.gob.pe,418,error,2026-09-29
https://www.datosabiertos.gob.pe/dataset/ocurrencias-e-incidentes-con-fecha-de-corte-del-31122023-cargo-de-la-gerencia-de-seguridad-0,www.datosabiertos.gob.pe,418,error,2026-09-29
https://www.datosabiertos.gob.pe/dataset/oefa-evaluaci%C3%B3n-ambiental/resource/fa7485be-84e1-40b5-bffa-ceb77ffe6dae,www.datosabiertos.gob.pe,418,error,2026-09-29
https://www.datosabiertos.gob.pe/dataset/pasajeros-movilizados-por-el-metro-de-lima-l%C3%ADnea-1-seg%C3%BAn-estaci%C3%B3n-2013-2022,www.datosabiertos.gob.pe,418,error,2026-09-29
https://www.datosabiertos.gob.pe/dataset/prestaciones-de-salud-asociadas-los-asegurados-con-diabetes-mellitus-sis,www.datosabiertos.gob.pe,418,error,2026-09-29
https://www.datosabiertos.gob.pe/dataset/programa-de-arborizacion-serpar-lima/resource/4df1246e-96e7-4b4d-ac9f-6afad181fb74,www.datosabiertos.gob.pe,418,error,2026-09-29
https://www.datosabiertos.gob.pe/dataset/recorridos-en-espacios-culturales-%E2%80%93-gerencia-de-cultura,www.datosabiertos.gob.pe,418,error,2026-09-29
https://www.datosabiertos.gob.pe/dataset/registro-de-incidencias-observadas-mediante-la-central-de-c%C3%A1maras-y-videovigilancia-en-el-4,www.datosabiertos.gob.pe,418,error,2026-09-29
https://www.datosabiertos.gob.pe/dataset/registro-de-incidencias-observadas-mediante-la-central-de-monitoreo-de-c%C3%A1maras-de-13,www.datosabiertos.gob.pe,418,error,2026-09-29
https://www.datosabiertos.gob.pe/dataset/registro-de-monitoreo-de-la-deforestaci%C3%B3n-en-el-%C3%A1mbito-de-las-%C3%A1reas-naturales-protegidas-%E2%80%93,www.datosabiertos.gob.pe,418,error,2026-09-29
https://www.datosabiertos.gob.pe/dataset/registro-nacional-de-municipalidades-renamu-2023-instituto-nacional-de-estad%C3%ADstica-e,www.datosabiertos.gob.pe,418,error,2026-09-29
https://www.datosabiertos.gob.pe/dataset/registro-total-de-incidencias-observadas-mediante-la-central-de-monitoreo-de-c%C3%A1maras-de,www.datosabiertos.gob.pe,418,error,2026-09-29
https://www.datosabiertos.gob.pe/dataset/registro-veh%C3%ADculos-menores-mototaxis-%E2%80%93-cercado-de-lima-%E2%80%93-octubre-2023-municipalidad,www.datosabiertos.gob.pe,418,error,2026-09-29
https://www.datosabiertos.gob.pe/dataset/registro-veh%C3%ADculos-menores-mototaxis-%E2%80%93-cercado-de-lima-%E2%80%93-octubre-2023-municipalidad-0,www.datosabiertos.gob.pe,418,error,2026-09-29
https://www.datosabiertos.gob.pe/dataset/relaci%C3%B3n-de-comisar%C3%ADas-b%C3%A1sicas,www.datosabiertos.gob.pe,418,error,2026-09-29
https://www.datosabiertos.gob.pe/dataset/reservas-de-canchas-deportivas-por-la-gerencia-de-salud-y-bienestar-social-de-la,www.datosabiertos.gob.pe,RemoteDisconnected,unreachable,2026-09-29
https://www.datosabiertos.gob.pe/dataset/reservas-de-canchas-deportivas-por-la-gerencia-de-salud-y-bienestar-social-de-la-0,www.datosabiertos.gob.pe,418,error,2026-09-29
https://www.datosabiertos.gob.pe/dataset/resoluciones-de-subgerencia-que-autorizan-el-tratamiento-de-individuos-arb%C3%B3reos-en-la,www.datosabiertos.gob.pe,418,error,2026-09-29
https://www.datosabiertos.gob.pe/dataset/resoluciones-de-subgerencia-que-autorizan-el-tratamiento-de-individuos-arb%C3%B3reos-en-la-0,www.datosabiertos.gob.pe,418,error,2026-09-29
https://www.datosabiertos.gob.pe/dataset/resource/92a0a7a7-5050-445e-bca6-a176aa313ec4,www.datosabiertos.gob.pe,418,error,2026-09-29
https://www.datosabiertos.gob.pe/dataset/talleres-deportivos-municipalidad-de-miraflores,www.datosabiertos.gob.pe,418,error,2026-09-29
https://www.datosabiertos.gob.pe/dataset/ubicaci%C3%B3n-georreferenciada-de-las-bases-descentralizadas-y-centrales-de-monitoreo-de-7,www.datosabiertos.gob.pe,418,error,2026-09-29
https://www.datosabiertos.gob.pe/dataset/v%C3%ADas-de-micromovilidad-municipalidad-de-miraflores,www.datosabiertos.gob.pe,418,error,2026-09-29
https://www.datosabiertos.gob.pe/dataset/viajes-con-el-app-viaja-seguro-smp-de-la-municipalidad-distrital-de-san-martin-de-porres,www.datosabiertos.gob.pe,418,error,2026-09-29
https://www.datosabiertos.gob.pe/dataset/viajes-con-el-app-viaja-seguro-smp-de-la-municipalidad-distrital-de-san-martin-de-porres-0,www.datosabiertos.gob.pe,418,error,2026-09-29
https://www.datosabiertos.gob.pe/dataset/vigilancia-y-seguimiento-ambiental-en-la-calidad-del-aire-organismo-de-evaluaci%C3%B3n-y,www.datosabiertos.gob.pe,418,error,2026-09-29
https://www.departementzorg.be/nl/bmi-bij-schoolkinderen,www.departementzorg.be,200,ok,2026-09-29
https://www.gis.rotterdam.nl/,www.gis.rotterdam.nl,200,ok,2026-09-29
https://www.icbf.gov.co/nutricion/ensin-encuesta-nacional-de-situacion-nutricional,www.icbf.gov.co,200,ok,2026-09-29
https://www.idrd.gov.co/repositorio-institucional/datos/encuesta-de-practicas-deportivas-2021-2022,www.idrd.gov.co,200,ok,2026-09-29
https://www.idu.gov.co/page/andenes,www.idu.gov.co,URLError,unreachable,2026-09-29
https://www.iqair.com/air-quality/uganda/central-region/kampala,www.iqair.com,429,error,2026-09-29
https://www.irceline.be/en/air-quality/measurements/nitrogen-dioxide/history/no2_anmean_rioifdm,www.irceline.be,200,ok,2026-09-29
https://www.kcca.go.ug/,www.kcca.go.ug,200,ok,2026-09-29
https://www.kcca.go.ug/media/docs/IMPLEMENTING%20THE%20NMT%20-%20KAMPALA.pdf,www.kcca.go.ug,200,ok,2026-09-29
https://www.kcca.go.ug/media/docs/Statistical-Abstract-2019.pdf,www.kcca.go.ug,200,ok,2026-09-29
https://www.limacomovamos.org,www.limacomovamos.org,200,ok,2026-09-29
https://www.ljubljana.si/assets/datoteke/Potovalne-navade-v-MOL-in-LUR-2013-2024-januar-2025-2.pdf,www.ljubljana.si,200,ok,2026-09-29
https://www.ljubljana.si/sl/ljubljana/mobilna/hoja-in-kolesarjenje,www.ljubljana.si,200,ok,2026-09-29
https://www.luchtmeetnet.nl/,www.luchtmeetnet.nl,200,ok,2026-09-29
https://www.minsa.gob.pe/reunis/data/morbilidad_HIS.asp,www.minsa.gob.pe,403,error,2026-09-29
https://www.miraflores.gob.pe/Gestorw3b/files/pdf/10773-29116-plan_de_movilidad_web.pdf,www.miraflores.gob.pe,200,ok,2026-09-29
https://www.nationaalwegenbestand.nl/nwb-downloaden,www.nationaalwegenbestand.nl,200,ok,2026-09-29
https://www.onsv.gob.pe/datosabiertos,www.onsv.gob.pe,200,ok,2026-09-29
https://www.opgroeien.be/kennis/cijfers-en-onderzoek/lokale-cijfers-over-gezondheid,www.opgroeien.be,200,ok,2026-09-29
https://www.pdok.nl/introductie/-/article/basisregistratie-adressen-en-gebouwen-ba-1,www.pdok.nl,200,ok,2026-09-29
https://www.pdok.nl/introductie/-/article/basisregistratie-grootschalige-topografie-bgt-,www.pdok.nl,200,ok,2026-09-29
https://www.rivm.nl/gcn-gdn-kaarten,www.rivm.nl,200,ok,2026-09-29
https://www.rotterdam.nl/fietsparkeren,www.rotterdam.nl,200,ok,2026-09-29
https://www.senamhi.gob.pe/?p=calidad-del-aire,www.senamhi.gob.pe,200,ok,2026-09-29
https://www.sport-ljubljana.si/parki-in-objekti/,www.sport-ljubljana.si,200,ok,2026-09-29
https://www.ubos.org/wp-content/uploads/statistics/2016_Annual_Crime_Data.xlsx,www.ubos.org,200,ok,2026-09-29
https://www.ubos.org/wp-content/uploads/statistics/Area_Under_Water_and_wetlands.csv,www.ubos.org,200,ok,2026-09-29
https://www.ubos.org/wp-content/uploads/statistics/Leading_Crimes_by_year_and_category_2015_2020.xlsx,www.ubos.org,200,ok,2026-09-29
https://www.ubos.org/wp-content/uploads/statistics/Number_of_Accident_Victims_by_Road_User_Type_2015_2020.xlsx,www.ubos.org,200,ok,2026-09-29
https://www.ubos.org/wp-content/uploads/statistics/Number_of_Crimes_by_Category_(‘000s)_2017_2020.xlsx,www.ubos.org,200,ok,2026-09-29
https://www.ubos.org/wp-content/uploads/statistics/Number_of_Road_Accidents_by_Causes_2015__2020.xlsx,www.ubos.org,200,ok,2026-09-29
https://www.ubos.org/wp-content/uploads/statistics/Number_of_Road_Accidents_by_Type_of_Vehicles_and_Year_2015_2020.xlsx,www.ubos.org,200,ok,2026-09-29
https://www.ubos.org/wp-content/uploads/statistics/Number_of_Road_Traffic_Casualties_by_Outcome_of_Crash_Accident_Severity_Index_and_Years_2015_2020.xlsx,www.ubos.org,200,ok,2026-09-29
https://www.ubos.org/wp-content/uploads/statistics/Overweight_Trends.xlsx,www.ubos.org,200,ok,2026-09-29
"https://www.ubos.org/wp-content/uploads/statistics/Reported_road_traffic_crashes_by_outcome_of_crash,_2015_–_2020.xlsx",www.ubos.org,200,ok,2026-09-29
"https://www.ubos.org/wp-content/uploads/statistics/Selected_health_sector_performance_indicators,_201617_201920.xlsx",www.ubos.org,200,ok,2026-09-29
"https://www.ubos.org/wp-content/uploads/statistics/Share_of_total_area_under_forest_reserves_by_region,_2015.xlsx",www.ubos.org,200,ok,2026-09-29
https://www.ubos.org/wp-content/uploads/statistics/Trend_in_Crime_Rate_2015__2020.xlsx,www.ubos.org,200,ok,2026-09-29
https://www.ubos.org/wp-content/uploads/statistics/Trends_in_cancer_Burden_in_uganda_by_Year.xlsx,www.ubos.org,200,ok,2026-09-29
"https://www.ubos.org/wp-content/uploads/statistics/Visitors_to_National_Parks_(Citizens_and_Foreigners),_2015_–_2019.xlsx",www.ubos.org,200,ok,2026-09-29
https://www.zuid-holland.nl/onderwerpen/verkeer-vervoer/samen-verder-fietsen/verbeteren-fietsnetwerk/,www.zuid-holland.nl,200,ok,2026-09-29
